time,x,y,z,yaw,vx,vy,vz,yaw_rate,ax,ay,az,jx,jy,jz,yaw_acceleration,yaw_jerk
0.0,0.0,0.0,-8.0,0,0.0,0.0,0.0,0.0,0.0,0.0,0.0,1.0,0.0,0.0,0.0,0.0
0.05,2.0833333333333336e-05,0.0,-8.0,0,0.0012500000000000002,0.0,0.0,0.0,0.05,0.0,0.0,1.0,0.0,0.0,0.0,0.0
0.1,0.0001666666666666667,0.0,-8.0,0,0.005000000000000001,0.0,0.0,0.0,0.1,0.0,0.0,1.0,0.0,0.0,0.0,0.0
0.15000000000000002,0.0005625000000000003,0.0,-8.0,0,0.011250000000000003,0.0,0.0,0.0,0.15000000000000002,0.0,0.0,1.0,0.0,0.0,0.0,0.0
0.2,0.0013333333333333335,0.0,-8.0,0,0.020000000000000004,0.0,0.0,0.0,0.2,0.0,0.0,1.0,0.0,0.0,0.0,0.0
0.25,0.0026041666666666665,0.0,-8.0,0,0.03125,0.0,0.0,0.0,0.25,0.0,0.0,1.0,0.0,0.0,0.0,0.0
0.30000000000000004,0.004500000000000002,0.0,-8.0,0,0.04500000000000001,0.0,0.0,0.0,0.30000000000000004,0.0,0.0,1.0,0.0,0.0,0.0,0.0
0.35000000000000003,0.007145833333333335,0.0,-8.0,0,0.06125000000000001,0.0,0.0,0.0,0.35000000000000003,0.0,0.0,1.0,0.0,0.0,0.0,0.0
0.4,0.010666666666666668,0.0,-8.0,0,0.08000000000000002,0.0,0.0,0.0,0.4,0.0,0.0,1.0,0.0,0.0,0.0,0.0
0.45,0.015187500000000003,0.0,-8.0,0,0.10125,0.0,0.0,0.0,0.45,0.0,0.0,1.0,0.0,0.0,0.0,0.0
0.5,0.020833333333333332,0.0,-8.0,0,0.125,0.0,0.0,0.0,0.5,0.0,0.0,1.0,0.0,0.0,0.0,0.0
0.55,0.027729166666666673,0.0,-8.0,0,0.15125000000000002,0.0,0.0,0.0,0.55,0.0,0.0,1.0,0.0,0.0,0.0,0.0
0.6000000000000001,0.03600000000000002,0.0,-8.0,0,0.18000000000000005,0.0,0.0,0.0,0.6000000000000001,0.0,0.0,1.0,0.0,0.0,0.0,0.0
0.65,0.04577083333333333,0.0,-8.0,0,0.21125000000000002,0.0,0.0,0.0,0.65,0.0,0.0,1.0,0.0,0.0,0.0,0.0
0.7000000000000001,0.05716666666666668,0.0,-8.0,0,0.24500000000000005,0.0,0.0,0.0,0.7000000000000001,0.0,0.0,1.0,0.0,0.0,0.0,0.0
0.75,0.0703125,0.0,-8.0,0,0.28125,0.0,0.0,0.0,0.75,0.0,0.0,1.0,0.0,0.0,0.0,0.0
0.8,0.08533333333333334,0.0,-8.0,0,0.32000000000000006,0.0,0.0,0.0,0.8,0.0,0.0,1.0,0.0,0.0,0.0,0.0
0.8500000000000001,0.10235416666666669,0.0,-8.0,0,0.36125000000000007,0.0,0.0,0.0,0.8500000000000001,0.0,0.0,1.0,0.0,0.0,0.0,0.0
0.9,0.12150000000000002,0.0,-8.0,0,0.405,0.0,0.0,0.0,0.9,0.0,0.0,1.0,0.0,0.0,0.0,0.0
0.9500000000000001,0.14289583333333336,0.0,-8.0,0,0.45125000000000004,0.0,0.0,0.0,0.9500000000000001,0.0,0.0,1.0,0.0,0.0,0.0,0.0
1.0,0.16666666666666666,0.0,-8.0,0,0.5,0.0,0.0,0.0,1.0,0.0,0.0,1.0,0.0,0.0,0.0,0.0
1.05,0.19291666666666668,0.0,-8.0,0,0.55,0.0,0.0,0.0,1.0,0.0,0.0,0.0,0.0,0.0,0.0,0.0
1.1,0.2216666666666667,0.0,-8.0,0,0.6000000000000001,0.0,0.0,0.0,1.0,0.0,0.0,0.0,0.0,0.0,0.0,0.0
1.1500000000000001,0.25291666666666673,0.0,-8.0,0,0.6500000000000001,0.0,0.0,0.0,1.0,0.0,0.0,0.0,0.0,0.0,0.0,0.0
1.2000000000000002,0.28666666666666674,0.0,-8.0,0,0.7000000000000002,0.0,0.0,0.0,1.0,0.0,0.0,0.0,0.0,0.0,0.0,0.0
1.25,0.32291666666666663,0.0,-8.0,0,0.75,0.0,0.0,0.0,1.0,0.0,0.0,0.0,0.0,0.0,0.0,0.0
1.3,0.3616666666666667,0.0,-8.0,0,0.8,0.0,0.0,0.0,1.0,0.0,0.0,0.0,0.0,0.0,0.0,0.0
1.35,0.4029166666666667,0.0,-8.0,0,0.8500000000000001,0.0,0.0,0.0,1.0,0.0,0.0,0.0,0.0,0.0,0.0,0.0
1.4000000000000001,0.44666666666666677,0.0,-8.0,0,0.9000000000000001,0.0,0.0,0.0,1.0,0.0,0.0,0.0,0.0,0.0,0.0,0.0
1.4500000000000002,0.4929166666666668,0.0,-8.0,0,0.9500000000000002,0.0,0.0,0.0,1.0,0.0,0.0,0.0,0.0,0.0,0.0,0.0
1.5,0.5416666666666666,0.0,-8.0,0,1.0,0.0,0.0,0.0,1.0,0.0,0.0,0.0,0.0,0.0,0.0,0.0
1.55,0.5929166666666666,0.0,-8.0,0,1.05,0.0,0.0,0.0,1.0,0.0,0.0,0.0,0.0,0.0,0.0,0.0
1.6,0.6466666666666667,0.0,-8.0,0,1.1,0.0,0.0,0.0,1.0,0.0,0.0,0.0,0.0,0.0,0.0,0.0
1.6500000000000001,0.7029166666666667,0.0,-8.0,0,1.1500000000000001,0.0,0.0,0.0,1.0,0.0,0.0,0.0,0.0,0.0,0.0,0.0
1.7000000000000002,0.7616666666666668,0.0,-8.0,0,1.2000000000000002,0.0,0.0,0.0,1.0,0.0,0.0,0.0,0.0,0.0,0.0,0.0
1.75,0.8229166666666666,0.0,-8.0,0,1.25,0.0,0.0,0.0,1.0,0.0,0.0,0.0,0.0,0.0,0.0,0.0
1.8,0.8866666666666667,0.0,-8.0,0,1.3,0.0,0.0,0.0,1.0,0.0,0.0,0.0,0.0,0.0,0.0,0.0
1.85,0.9529166666666667,0.0,-8.0,0,1.35,0.0,0.0,0.0,1.0,0.0,0.0,0.0,0.0,0.0,0.0,0.0
1.9000000000000001,1.021666666666667,0.0,-8.0,0,1.4000000000000001,0.0,0.0,0.0,1.0,0.0,0.0,0.0,0.0,0.0,0.0,0.0
1.9500000000000002,1.092916666666667,0.0,-8.0,0,1.4500000000000002,0.0,0.0,0.0,1.0,0.0,0.0,0.0,0.0,0.0,0.0,0.0
2.0,1.1666666666666665,0.0,-8.0,0,1.5,0.0,0.0,0.0,1.0,0.0,0.0,0.0,0.0,0.0,0.0,0.0
2.0500000000000003,1.2428958333333335,0.0,-8.0,0,1.5487500000000003,0.0,0.0,0.0,0.9499999999999997,0.0,0.0,-1.0,-0.0,-0.0,0.0,0.0
2.1,1.3215000000000001,0.0,-8.0,0,1.595,0.0,0.0,0.0,0.8999999999999999,0.0,0.0,-1.0,-0.0,-0.0,0.0,0.0
2.15,1.4023541666666663,0.0,-8.0,0,1.63875,0.0,0.0,0.0,0.8500000000000001,0.0,0.0,-1.0,-0.0,-0.0,0.0,0.0
2.2,1.4853333333333334,0.0,-8.0,0,1.6800000000000002,0.0,0.0,0.0,0.7999999999999998,0.0,0.0,-1.0,-0.0,-0.0,0.0,0.0
2.25,1.5703124999999998,0.0,-8.0,0,1.71875,0.0,0.0,0.0,0.75,0.0,0.0,-1.0,-0.0,-0.0,0.0,0.0
2.3000000000000003,1.6571666666666671,0.0,-8.0,0,1.7550000000000001,0.0,0.0,0.0,0.6999999999999997,0.0,0.0,-1.0,-0.0,-0.0,0.0,0.0
2.35,1.7457708333333333,0.0,-8.0,0,1.78875,0.0,0.0,0.0,0.6499999999999999,0.0,0.0,-1.0,-0.0,-0.0,0.0,0.0
2.4000000000000004,1.8360000000000005,0.0,-8.0,0,1.8200000000000003,0.0,0.0,0.0,0.5999999999999996,0.0,0.0,-1.0,-0.0,-0.0,0.0,0.0
2.45,1.927729166666667,0.0,-8.0,0,1.8487500000000001,0.0,0.0,0.0,0.5499999999999998,0.0,0.0,-1.0,-0.0,-0.0,0.0,0.0
2.5,2.020833333333333,0.0,-8.0,0,1.875,0.0,0.0,0.0,0.5,0.0,0.0,-1.0,-0.0,-0.0,0.0,0.0
2.5500000000000003,2.1151875000000007,0.0,-8.0,0,1.8987500000000002,0.0,0.0,0.0,0.44999999999999973,0.0,0.0,-1.0,-0.0,-0.0,0.0,0.0
2.6,2.2106666666666666,0.0,-8.0,0,1.92,0.0,0.0,0.0,0.3999999999999999,0.0,0.0,-1.0,-0.0,-0.0,0.0,0.0
2.6500000000000004,2.3071458333333337,0.0,-8.0,0,1.9387500000000002,0.0,0.0,0.0,0.34999999999999964,0.0,0.0,-1.0,-0.0,-0.0,0.0,0.0
2.7,2.4045,0.0,-8.0,0,1.955,0.0,0.0,0.0,0.2999999999999998,0.0,0.0,-1.0,-0.0,-0.0,0.0,0.0
2.75,2.5026041666666665,0.0,-8.0,0,1.96875,0.0,0.0,0.0,0.25,0.0,0.0,-1.0,-0.0,-0.0,0.0,0.0
2.8000000000000003,2.601333333333334,0.0,-8.0,0,1.98,0.0,0.0,0.0,0.19999999999999973,0.0,0.0,-1.0,-0.0,-0.0,0.0,0.0
2.85,2.7005624999999998,0.0,-8.0,0,1.98875,0.0,0.0,0.0,0.1499999999999999,0.0,0.0,-1.0,-0.0,-0.0,0.0,0.0
2.9000000000000004,2.800166666666667,0.0,-8.0,0,1.995,0.0,0.0,0.0,0.09999999999999964,0.0,0.0,-1.0,-0.0,-0.0,0.0,0.0
2.95,2.9000208333333335,0.0,-8.0,0,1.99875,0.0,0.0,0.0,0.04999999999999982,0.0,0.0,-1.0,-0.0,-0.0,0.0,0.0
3.0,3.0,0.0,-8.0,0,2.0,0.0,0.0,0.0,0.0,0.0,0.0,-1.0,-0.0,-0.0,0.0,0.0
3.0500000000000003,3.1000000000000005,0.0,-8.0,0,2.0,0.0,0.0,0.0,0.0,0.0,0.0,0.0,0.0,0.0,0.0,0.0
3.1,3.2,0.0,-8.0,0,2.0,0.0,0.0,0.0,0.0,0.0,0.0,0.0,0.0,0.0,0.0,0.0
3.1500000000000004,3.3000000000000007,0.0,-8.0,0,2.0,0.0,0.0,0.0,0.0,0.0,0.0,0.0,0.0,0.0,0.0,0.0
3.2,3.4000000000000004,0.0,-8.0,0,2.0,0.0,0.0,0.0,0.0,0.0,0.0,0.0,0.0,0.0,0.0,0.0
3.25,3.5,0.0,-8.0,0,2.0,0.0,0.0,0.0,0.0,0.0,0.0,0.0,0.0,0.0,0.0,0.0
3.3000000000000003,3.6000000000000005,0.0,-8.0,0,2.0,0.0,0.0,0.0,0.0,0.0,0.0,0.0,0.0,0.0,0.0,0.0
3.35,3.7,0.0,-8.0,0,2.0,0.0,0.0,0.0,0.0,0.0,0.0,0.0,0.0,0.0,0.0,0.0
3.4000000000000004,3.8000000000000003,0.0,-8.0,0,2.0,0.0,0.0,0.0,0.0,0.0,0.0,0.0,0.0,0.0,0.0,0.0
3.45,3.9000000000000004,0.0,-8.0,0,2.0,0.0,0.0,0.0,0.0,0.0,0.0,0.0,0.0,0.0,0.0,0.0
3.5,4.0,0.0,-8.0,0,2.0,0.0,0.0,0.0,0.0,0.0,0.0,0.0,0.0,0.0,0.0,0.0
3.5500000000000003,4.1000000000000005,0.0,-8.0,0,2.0,0.0,0.0,0.0,0.0,0.0,0.0,0.0,0.0,0.0,0.0,0.0
3.6,4.2,0.0,-8.0,0,2.0,0.0,0.0,0.0,0.0,0.0,0.0,0.0,0.0,0.0,0.0,0.0
3.6500000000000004,4.300000000000001,0.0,-8.0,0,2.0,0.0,0.0,0.0,0.0,0.0,0.0,0.0,0.0,0.0,0.0,0.0
3.7,4.4,0.0,-8.0,0,2.0,0.0,0.0,0.0,0.0,0.0,0.0,0.0,0.0,0.0,0.0,0.0
3.75,4.5,0.0,-8.0,0,2.0,0.0,0.0,0.0,0.0,0.0,0.0,0.0,0.0,0.0,0.0,0.0
3.8000000000000003,4.6000000000000005,0.0,-8.0,0,2.0,0.0,0.0,0.0,0.0,0.0,0.0,0.0,0.0,0.0,0.0,0.0
3.85,4.7,0.0,-8.0,0,2.0,0.0,0.0,0.0,0.0,0.0,0.0,0.0,0.0,0.0,0.0,0.0
3.9000000000000004,4.800000000000001,0.0,-8.0,0,2.0,0.0,0.0,0.0,0.0,0.0,0.0,0.0,0.0,0.0,0.0,0.0
3.95,4.9,0.0,-8.0,0,2.0,0.0,0.0,0.0,0.0,0.0,0.0,0.0,0.0,0.0,0.0,0.0
4.0,5.0,0.0,-8.0,0,2.0,0.0,0.0,0.0,0.0,0.0,0.0,0.0,0.0,0.0,0.0,0.0
4.05,5.1,0.0,-8.0,0,2.0,0.0,0.0,0.0,0.0,0.0,0.0,0.0,0.0,0.0,0.0,0.0
4.1000000000000005,5.200000000000001,0.0,-8.0,0,2.0,0.0,0.0,0.0,0.0,0.0,0.0,0.0,0.0,0.0,0.0,0.0
4.15,5.300000000000001,0.0,-8.0,0,2.0,0.0,0.0,0.0,0.0,0.0,0.0,0.0,0.0,0.0,0.0,0.0
4.2,5.4,0.0,-8.0,0,2.0,0.0,0.0,0.0,0.0,0.0,0.0,0.0,0.0,0.0,0.0,0.0
4.25,5.5,0.0,-8.0,0,2.0,0.0,0.0,0.0,0.0,0.0,0.0,0.0,0.0,0.0,0.0,0.0
4.3,5.6,0.0,-8.0,0,2.0,0.0,0.0,0.0,0.0,0.0,0.0,0.0,0.0,0.0,0.0,0.0
4.3500000000000005,5.700000000000001,0.0,-8.0,0,2.0,0.0,0.0,0.0,0.0,0.0,0.0,0.0,0.0,0.0,0.0,0.0
4.4,5.800000000000001,0.0,-8.0,0,2.0,0.0,0.0,0.0,0.0,0.0,0.0,0.0,0.0,0.0,0.0,0.0
4.45,5.9,0.0,-8.0,0,2.0,0.0,0.0,0.0,0.0,0.0,0.0,0.0,0.0,0.0,0.0,0.0
4.5,6.0,0.0,-8.0,0,2.0,0.0,0.0,0.0,0.0,0.0,0.0,0.0,0.0,0.0,0.0,0.0
4.55,6.1,0.0,-8.0,0,2.0,0.0,0.0,0.0,0.0,0.0,0.0,0.0,0.0,0.0,0.0,0.0
4.6000000000000005,6.200000000000001,0.0,-8.0,0,2.0,0.0,0.0,0.0,0.0,0.0,0.0,0.0,0.0,0.0,0.0,0.0
4.65,6.300000000000001,0.0,-8.0,0,2.0,0.0,0.0,0.0,0.0,0.0,0.0,0.0,0.0,0.0,0.0,0.0
4.7,6.4,0.0,-8.0,0,2.0,0.0,0.0,0.0,0.0,0.0,0.0,0.0,0.0,0.0,0.0,0.0
4.75,6.5,0.0,-8.0,0,2.0,0.0,0.0,0.0,0.0,0.0,0.0,0.0,0.0,0.0,0.0,0.0
4.800000000000001,6.600000000000001,0.0,-8.0,0,2.0,0.0,0.0,0.0,0.0,0.0,0.0,0.0,0.0,0.0,0.0,0.0
4.8500000000000005,6.700000000000001,0.0,-8.0,0,2.0,0.0,0.0,0.0,0.0,0.0,0.0,0.0,0.0,0.0,0.0,0.0
4.9,6.800000000000001,0.0,-8.0,0,2.0,0.0,0.0,0.0,0.0,0.0,0.0,0.0,0.0,0.0,0.0,0.0
4.95,6.9,0.0,-8.0,0,2.0,0.0,0.0,0.0,0.0,0.0,0.0,0.0,0.0,0.0,0.0,0.0
5.0,7.0,0.0,-8.0,0,2.0,0.0,0.0,0.0,0.0,0.0,0.0,0.0,0.0,0.0,0.0,0.0
5.050000000000001,7.100000000000001,0.0,-8.0,0,2.0,0.0,0.0,0.0,0.0,0.0,0.0,0.0,0.0,0.0,0.0,0.0
5.1000000000000005,7.200000000000001,0.0,-8.0,0,2.0,0.0,0.0,0.0,0.0,0.0,0.0,0.0,0.0,0.0,0.0,0.0
5.15,7.300000000000001,0.0,-8.0,0,2.0,0.0,0.0,0.0,0.0,0.0,0.0,0.0,0.0,0.0,0.0,0.0
5.2,7.4,0.0,-8.0,0,2.0,0.0,0.0,0.0,0.0,0.0,0.0,0.0,0.0,0.0,0.0,0.0
5.25,7.5,0.0,-8.0,0,2.0,0.0,0.0,0.0,0.0,0.0,0.0,0.0,0.0,0.0,0.0,0.0
5.300000000000001,7.6000000000000005,0.0,-8.0,0,2.0,0.0,0.0,0.0,0.0,0.0,0.0,0.0,0.0,0.0,0.0,0.0
5.3500000000000005,7.700000000000001,0.0,-8.0,0,2.0,0.0,0.0,0.0,0.0,0.0,0.0,0.0,0.0,0.0,0.0,0.0
5.4,7.800000000000001,0.0,-8.0,0,2.0,0.0,0.0,0.0,0.0,0.0,0.0,0.0,0.0,0.0,0.0,0.0
5.45,7.900000000000001,0.0,-8.0,0,2.0,0.0,0.0,0.0,0.0,0.0,0.0,0.0,0.0,0.0,0.0,0.0
5.5,8.0,0.0,-8.0,0,2.0,0.0,0.0,0.0,0.0,0.0,0.0,0.0,0.0,0.0,0.0,0.0
5.550000000000001,8.100000000000001,0.0,-8.0,0,2.0,0.0,0.0,0.0,0.0,0.0,0.0,0.0,0.0,0.0,0.0,0.0
5.6000000000000005,8.200000000000001,0.0,-8.0,0,2.0,0.0,0.0,0.0,0.0,0.0,0.0,0.0,0.0,0.0,0.0,0.0
5.65,8.3,0.0,-8.0,0,2.0,0.0,0.0,0.0,0.0,0.0,0.0,0.0,0.0,0.0,0.0,0.0
5.7,8.4,0.0,-8.0,0,2.0,0.0,0.0,0.0,0.0,0.0,0.0,0.0,0.0,0.0,0.0,0.0
5.75,8.5,0.0,-8.0,0,2.0,0.0,0.0,0.0,0.0,0.0,0.0,0.0,0.0,0.0,0.0,0.0
5.800000000000001,8.600000000000001,0.0,-8.0,0,2.0,0.0,0.0,0.0,0.0,0.0,0.0,0.0,0.0,0.0,0.0,0.0
5.8500000000000005,8.700000000000001,0.0,-8.0,0,2.0,0.0,0.0,0.0,0.0,0.0,0.0,0.0,0.0,0.0,0.0,0.0
5.9,8.8,0.0,-8.0,0,2.0,0.0,0.0,0.0,0.0,0.0,0.0,0.0,0.0,0.0,0.0,0.0
5.95,8.9,0.0,-8.0,0,2.0,0.0,0.0,0.0,0.0,0.0,0.0,0.0,0.0,0.0,0.0,0.0
6.0,9.0,0.0,-8.0,0,2.0,0.0,0.0,0.0,0.0,0.0,0.0,0.0,0.0,0.0,0.0,0.0
6.050000000000001,9.100000000000001,0.0,-8.0,0,2.0,0.0,0.0,0.0,0.0,0.0,0.0,0.0,0.0,0.0,0.0,0.0
6.1000000000000005,9.200000000000001,0.0,-8.0,0,2.0,0.0,0.0,0.0,0.0,0.0,0.0,0.0,0.0,0.0,0.0,0.0
6.15,9.3,0.0,-8.0,0,2.0,0.0,0.0,0.0,0.0,0.0,0.0,0.0,0.0,0.0,0.0,0.0
6.2,9.4,0.0,-8.0,0,2.0,0.0,0.0,0.0,0.0,0.0,0.0,0.0,0.0,0.0,0.0,0.0
6.25,9.5,0.0,-8.0,0,2.0,0.0,0.0,0.0,0.0,0.0,0.0,0.0,0.0,0.0,0.0,0.0
6.300000000000001,9.600000000000001,0.0,-8.0,0,2.0,0.0,0.0,0.0,0.0,0.0,0.0,0.0,0.0,0.0,0.0,0.0
6.3500000000000005,9.700000000000001,0.0,-8.0,0,2.0,0.0,0.0,0.0,0.0,0.0,0.0,0.0,0.0,0.0,0.0,0.0
6.4,9.8,0.0,-8.0,0,2.0,0.0,0.0,0.0,0.0,0.0,0.0,0.0,0.0,0.0,0.0,0.0
6.45,9.9,0.0,-8.0,0,2.0,0.0,0.0,0.0,0.0,0.0,0.0,0.0,0.0,0.0,0.0,0.0
6.5,10.0,0.0,-8.0,0,2.0,0.0,0.0,0.0,0.0,0.0,0.0,0.0,0.0,0.0,0.0,0.0
6.550000000000001,10.100000000000001,0.0,-8.0,0,2.0,0.0,0.0,0.0,0.0,0.0,0.0,0.0,0.0,0.0,0.0,0.0
6.6000000000000005,10.200000000000001,0.0,-8.0,0,2.0,0.0,0.0,0.0,0.0,0.0,0.0,0.0,0.0,0.0,0.0,0.0
6.65,10.3,0.0,-8.0,0,2.0,0.0,0.0,0.0,0.0,0.0,0.0,0.0,0.0,0.0,0.0,0.0
6.7,10.4,0.0,-8.0,0,2.0,0.0,0.0,0.0,0.0,0.0,0.0,0.0,0.0,0.0,0.0,0.0
6.75,10.5,0.0,-8.0,0,2.0,0.0,0.0,0.0,0.0,0.0,0.0,0.0,0.0,0.0,0.0,0.0
6.800000000000001,10.600000000000001,0.0,-8.0,0,2.0,0.0,0.0,0.0,0.0,0.0,0.0,0.0,0.0,0.0,0.0,0.0
6.8500000000000005,10.700000000000001,0.0,-8.0,0,2.0,0.0,0.0,0.0,0.0,0.0,0.0,0.0,0.0,0.0,0.0,0.0
6.9,10.8,0.0,-8.0,0,2.0,0.0,0.0,0.0,0.0,0.0,0.0,0.0,0.0,0.0,0.0,0.0
6.95,10.9,0.0,-8.0,0,2.0,0.0,0.0,0.0,0.0,0.0,0.0,0.0,0.0,0.0,0.0,0.0
7.0,11.0,0.0,-8.0,0,2.0,0.0,0.0,0.0,0.0,0.0,0.0,0.0,0.0,0.0,0.0,0.0
7.050000000000001,11.100000000000001,0.0,-8.0,0,2.0,0.0,0.0,0.0,0.0,0.0,0.0,0.0,0.0,0.0,0.0,0.0
7.1000000000000005,11.200000000000001,0.0,-8.0,0,2.0,0.0,0.0,0.0,0.0,0.0,0.0,0.0,0.0,0.0,0.0,0.0
7.15,11.3,0.0,-8.0,0,2.0,0.0,0.0,0.0,0.0,0.0,0.0,0.0,0.0,0.0,0.0,0.0
7.2,11.4,0.0,-8.0,0,2.0,0.0,0.0,0.0,0.0,0.0,0.0,0.0,0.0,0.0,0.0,0.0
7.25,11.5,0.0,-8.0,0,2.0,0.0,0.0,0.0,0.0,0.0,0.0,0.0,0.0,0.0,0.0,0.0
7.300000000000001,11.600000000000001,0.0,-8.0,0,2.0,0.0,0.0,0.0,0.0,0.0,0.0,0.0,0.0,0.0,0.0,0.0
7.3500000000000005,11.700000000000001,0.0,-8.0,0,2.0,0.0,0.0,0.0,0.0,0.0,0.0,0.0,0.0,0.0,0.0,0.0
7.4,11.8,0.0,-8.0,0,2.0,0.0,0.0,0.0,0.0,0.0,0.0,0.0,0.0,0.0,0.0,0.0
7.45,11.9,0.0,-8.0,0,2.0,0.0,0.0,0.0,0.0,0.0,0.0,0.0,0.0,0.0,0.0,0.0
7.5,12.0,0.0,-8.0,0,2.0,0.0,0.0,0.0,0.0,0.0,0.0,0.0,0.0,0.0,0.0,0.0
7.550000000000001,12.100000000000001,0.0,-8.0,0,2.0,0.0,0.0,0.0,0.0,0.0,0.0,0.0,0.0,0.0,0.0,0.0
7.6000000000000005,12.200000000000001,0.0,-8.0,0,2.0,0.0,0.0,0.0,0.0,0.0,0.0,0.0,0.0,0.0,0.0,0.0
7.65,12.3,0.0,-8.0,0,2.0,0.0,0.0,0.0,0.0,0.0,0.0,0.0,0.0,0.0,0.0,0.0
7.7,12.4,0.0,-8.0,0,2.0,0.0,0.0,0.0,0.0,0.0,0.0,0.0,0.0,0.0,0.0,0.0
7.75,12.5,0.0,-8.0,0,2.0,0.0,0.0,0.0,0.0,0.0,0.0,0.0,0.0,0.0,0.0,0.0
7.800000000000001,12.600000000000001,0.0,-8.0,0,2.0,0.0,0.0,0.0,0.0,0.0,0.0,0.0,0.0,0.0,0.0,0.0
7.8500000000000005,12.700000000000001,0.0,-8.0,0,2.0,0.0,0.0,0.0,0.0,0.0,0.0,0.0,0.0,0.0,0.0,0.0
7.9,12.8,0.0,-8.0,0,2.0,0.0,0.0,0.0,0.0,0.0,0.0,0.0,0.0,0.0,0.0,0.0
7.95,12.9,0.0,-8.0,0,2.0,0.0,0.0,0.0,0.0,0.0,0.0,0.0,0.0,0.0,0.0,0.0
8.0,13.0,0.0,-8.0,0,2.0,0.0,0.0,0.0,0.0,0.0,0.0,0.0,0.0,0.0,0.0,0.0
8.05,13.100000000000001,0.0,-8.0,0,2.0,0.0,0.0,0.0,0.0,0.0,0.0,0.0,0.0,0.0,0.0,0.0
8.1,13.2,0.0,-8.0,0,2.0,0.0,0.0,0.0,0.0,0.0,0.0,0.0,0.0,0.0,0.0,0.0
8.15,13.3,0.0,-8.0,0,2.0,0.0,0.0,0.0,0.0,0.0,0.0,0.0,0.0,0.0,0.0,0.0
8.200000000000001,13.400000000000002,0.0,-8.0,0,2.0,0.0,0.0,0.0,0.0,0.0,0.0,0.0,0.0,0.0,0.0,0.0
8.25,13.5,0.0,-8.0,0,2.0,0.0,0.0,0.0,0.0,0.0,0.0,0.0,0.0,0.0,0.0,0.0
8.3,13.600000000000001,0.0,-8.0,0,2.0,0.0,0.0,0.0,0.0,0.0,0.0,0.0,0.0,0.0,0.0,0.0
8.35,13.7,0.0,-8.0,0,2.0,0.0,0.0,0.0,0.0,0.0,0.0,0.0,0.0,0.0,0.0,0.0
8.4,13.8,0.0,-8.0,0,2.0,0.0,0.0,0.0,0.0,0.0,0.0,0.0,0.0,0.0,0.0,0.0
8.450000000000001,13.900000000000002,0.0,-8.0,0,2.0,0.0,0.0,0.0,0.0,0.0,0.0,0.0,0.0,0.0,0.0,0.0
8.5,14.0,0.0,-8.0,0,2.0,0.0,0.0,0.0,0.0,0.0,0.0,0.0,0.0,0.0,0.0,0.0
8.55,14.100000000000001,0.0,-8.0,0,2.0,0.0,0.0,0.0,0.0,0.0,0.0,0.0,0.0,0.0,0.0,0.0
8.6,14.2,0.0,-8.0,0,2.0,0.0,0.0,0.0,0.0,0.0,0.0,0.0,0.0,0.0,0.0,0.0
8.65,14.3,0.0,-8.0,0,2.0,0.0,0.0,0.0,0.0,0.0,0.0,0.0,0.0,0.0,0.0,0.0
8.700000000000001,14.400000000000002,0.0,-8.0,0,2.0,0.0,0.0,0.0,0.0,0.0,0.0,0.0,0.0,0.0,0.0,0.0
8.75,14.5,0.0,-8.0,0,2.0,0.0,0.0,0.0,0.0,0.0,0.0,0.0,0.0,0.0,0.0,0.0
8.8,14.600000000000001,0.0,-8.0,0,2.0,0.0,0.0,0.0,0.0,0.0,0.0,0.0,0.0,0.0,0.0,0.0
8.85,14.7,0.0,-8.0,0,2.0,0.0,0.0,0.0,0.0,0.0,0.0,0.0,0.0,0.0,0.0,0.0
8.9,14.8,0.0,-8.0,0,2.0,0.0,0.0,0.0,0.0,0.0,0.0,0.0,0.0,0.0,0.0,0.0
8.950000000000001,14.900000000000002,0.0,-8.0,0,2.0,0.0,0.0,0.0,0.0,0.0,0.0,0.0,0.0,0.0,0.0,0.0
9.0,15.0,0.0,-8.0,0,2.0,0.0,0.0,0.0,0.0,0.0,0.0,0.0,0.0,0.0,0.0,0.0
9.05,15.100000000000001,0.0,-8.0,0,2.0,0.0,0.0,0.0,0.0,0.0,0.0,0.0,0.0,0.0,0.0,0.0
9.1,15.199999999999998,0.0,-8.0,0,2.0,0.0,0.0,0.0,0.0,0.0,0.0,0.0,0.0,0.0,0.0,0.0
9.15,15.3,0.0,-8.0,0,2.0,0.0,0.0,0.0,0.0,0.0,0.0,0.0,0.0,0.0,0.0,0.0
9.200000000000001,15.400000000000002,0.0,-8.0,0,2.0,0.0,0.0,0.0,0.0,0.0,0.0,0.0,0.0,0.0,0.0,0.0
9.25,15.500000000000002,0.0,-8.0,0,2.0,0.0,0.0,0.0,0.0,0.0,0.0,0.0,0.0,0.0,0.0,0.0
9.3,15.600000000000001,0.0,-8.0,0,2.0,0.0,0.0,0.0,0.0,0.0,0.0,0.0,0.0,0.0,0.0,0.0
9.35,15.7,0.0,-8.0,0,2.0,0.0,0.0,0.0,0.0,0.0,0.0,0.0,0.0,0.0,0.0,0.0
9.4,15.800000000000002,0.0,-8.0,0,2.0,0.0,0.0,0.0,0.0,0.0,0.0,0.0,0.0,0.0,0.0,0.0
9.450000000000001,15.9,0.0,-8.0,0,2.0,0.0,0.0,0.0,0.0,0.0,0.0,0.0,0.0,0.0,0.0,0.0
9.5,16.0,0.0,-8.0,0,2.0,0.0,0.0,0.0,0.0,0.0,0.0,0.0,0.0,0.0,0.0,0.0
9.55,16.1,0.0,-8.0,0,2.0,0.0,0.0,0.0,0.0,0.0,0.0,0.0,0.0,0.0,0.0,0.0
9.600000000000001,16.200000000000003,0.0,-8.0,0,2.0,0.0,0.0,0.0,0.0,0.0,0.0,0.0,0.0,0.0,0.0,0.0
9.65,16.3,0.0,-8.0,0,2.0,0.0,0.0,0.0,0.0,0.0,0.0,0.0,0.0,0.0,0.0,0.0
9.700000000000001,16.400000000000002,0.0,-8.0,0,2.0,0.0,0.0,0.0,0.0,0.0,0.0,0.0,0.0,0.0,0.0,0.0
9.75,16.5,0.0,-8.0,0,2.0,0.0,0.0,0.0,0.0,0.0,0.0,0.0,0.0,0.0,0.0,0.0
9.8,16.6,0.0,-8.0,0,2.0,0.0,0.0,0.0,0.0,0.0,0.0,0.0,0.0,0.0,0.0,0.0
9.850000000000001,16.700000000000003,0.0,-8.0,0,2.0,0.0,0.0,0.0,0.0,0.0,0.0,0.0,0.0,0.0,0.0,0.0
9.9,16.8,0.0,-8.0,0,2.0,0.0,0.0,0.0,0.0,0.0,0.0,0.0,0.0,0.0,0.0,0.0
9.950000000000001,16.900000000000002,0.0,-8.0,0,2.0,0.0,0.0,0.0,0.0,0.0,0.0,0.0,0.0,0.0,0.0,0.0
10.0,17.0,0.0,-8.0,0,2.0,0.0,0.0,0.0,0.0,0.0,0.0,0.0,0.0,0.0,0.0,0.0
10.05,17.1,0.0,-8.0,0,2.0,0.0,0.0,0.0,0.0,0.0,0.0,0.0,0.0,0.0,0.0,0.0
10.100000000000001,17.200000000000003,0.0,-8.0,0,2.0,0.0,0.0,0.0,0.0,0.0,0.0,0.0,0.0,0.0,0.0,0.0
10.15,17.3,0.0,-8.0,0,2.0,0.0,0.0,0.0,0.0,0.0,0.0,0.0,0.0,0.0,0.0,0.0
10.200000000000001,17.400000000000002,0.0,-8.0,0,2.0,0.0,0.0,0.0,0.0,0.0,0.0,0.0,0.0,0.0,0.0,0.0
10.25,17.5,0.0,-8.0,0,2.0,0.0,0.0,0.0,0.0,0.0,0.0,0.0,0.0,0.0,0.0,0.0
10.3,17.6,0.0,-8.0,0,2.0,0.0,0.0,0.0,0.0,0.0,0.0,0.0,0.0,0.0,0.0,0.0
10.350000000000001,17.700000000000003,0.0,-8.0,0,2.0,0.0,0.0,0.0,0.0,0.0,0.0,0.0,0.0,0.0,0.0,0.0
10.4,17.8,0.0,-8.0,0,2.0,0.0,0.0,0.0,0.0,0.0,0.0,0.0,0.0,0.0,0.0,0.0
10.450000000000001,17.900000000000002,0.0,-8.0,0,2.0,0.0,0.0,0.0,0.0,0.0,0.0,0.0,0.0,0.0,0.0,0.0
10.5,18.0,0.0,-8.0,0,2.0,0.0,0.0,0.0,0.0,0.0,0.0,0.0,0.0,0.0,0.0,0.0
10.55,18.1,0.0,-8.0,0,2.0,0.0,0.0,0.0,0.0,0.0,0.0,0.0,0.0,0.0,0.0,0.0
10.600000000000001,18.200000000000003,0.0,-8.0,0,2.0,0.0,0.0,0.0,0.0,0.0,0.0,0.0,0.0,0.0,0.0,0.0
10.65,18.3,0.0,-8.0,0,2.0,0.0,0.0,0.0,0.0,0.0,0.0,0.0,0.0,0.0,0.0,0.0
10.700000000000001,18.400000000000002,0.0,-8.0,0,2.0,0.0,0.0,0.0,0.0,0.0,0.0,0.0,0.0,0.0,0.0,0.0
10.75,18.5,0.0,-8.0,0,2.0,0.0,0.0,0.0,0.0,0.0,0.0,0.0,0.0,0.0,0.0,0.0
10.8,18.6,0.0,-8.0,0,2.0,0.0,0.0,0.0,0.0,0.0,0.0,0.0,0.0,0.0,0.0,0.0
10.850000000000001,18.700000000000003,0.0,-8.0,0,2.0,0.0,0.0,0.0,0.0,0.0,0.0,0.0,0.0,0.0,0.0,0.0
10.9,18.8,0.0,-8.0,0,2.0,0.0,0.0,0.0,0.0,0.0,0.0,0.0,0.0,0.0,0.0,0.0
10.950000000000001,18.900000000000002,0.0,-8.0,0,2.0,0.0,0.0,0.0,0.0,0.0,0.0,0.0,0.0,0.0,0.0,0.0
11.0,19.0,0.0,-8.0,0,2.0,0.0,0.0,0.0,0.0,0.0,0.0,0.0,0.0,0.0,0.0,0.0
11.05,19.1,0.0,-8.0,0,2.0,0.0,0.0,0.0,0.0,0.0,0.0,0.0,0.0,0.0,0.0,0.0
11.100000000000001,19.200000000000003,0.0,-8.0,0,2.0,0.0,0.0,0.0,0.0,0.0,0.0,0.0,0.0,0.0,0.0,0.0
11.15,19.3,0.0,-8.0,0,2.0,0.0,0.0,0.0,0.0,0.0,0.0,0.0,0.0,0.0,0.0,0.0
11.200000000000001,19.400000000000002,0.0,-8.0,0,2.0,0.0,0.0,0.0,0.0,0.0,0.0,0.0,0.0,0.0,0.0,0.0
11.25,19.5,0.0,-8.0,0,2.0,0.0,0.0,0.0,0.0,0.0,0.0,0.0,0.0,0.0,0.0,0.0
11.3,19.6,0.0,-8.0,0,2.0,0.0,0.0,0.0,0.0,0.0,0.0,0.0,0.0,0.0,0.0,0.0
11.350000000000001,19.700000000000003,0.0,-8.0,0,2.0,0.0,0.0,0.0,0.0,0.0,0.0,0.0,0.0,0.0,0.0,0.0
11.4,19.8,0.0,-8.0,0,2.0,0.0,0.0,0.0,0.0,0.0,0.0,0.0,0.0,0.0,0.0,0.0
11.450000000000001,19.900000000000002,0.0,-8.0,0,2.0,0.0,0.0,0.0,0.0,0.0,0.0,0.0,0.0,0.0,0.0,0.0
11.5,20.0,0.0,-8.0,0,2.0,0.0,0.0,0.0,0.0,0.0,0.0,0.0,0.0,0.0,0.0,0.0
11.55,20.1,0.0,-8.0,0,2.0,0.0,0.0,0.0,0.0,0.0,0.0,0.0,0.0,0.0,0.0,0.0
11.600000000000001,20.200000000000003,0.0,-8.0,0,2.0,0.0,0.0,0.0,0.0,0.0,0.0,0.0,0.0,0.0,0.0,0.0
11.65,20.3,0.0,-8.0,0,2.0,0.0,0.0,0.0,0.0,0.0,0.0,0.0,0.0,0.0,0.0,0.0
11.700000000000001,20.400000000000002,0.0,-8.0,0,2.0,0.0,0.0,0.0,0.0,0.0,0.0,0.0,0.0,0.0,0.0,0.0
11.75,20.5,0.0,-8.0,0,2.0,0.0,0.0,0.0,0.0,0.0,0.0,0.0,0.0,0.0,0.0,0.0
11.8,20.6,0.0,-8.0,0,2.0,0.0,0.0,0.0,0.0,0.0,0.0,0.0,0.0,0.0,0.0,0.0
11.850000000000001,20.700000000000003,0.0,-8.0,0,2.0,0.0,0.0,0.0,0.0,0.0,0.0,0.0,0.0,0.0,0.0,0.0
11.9,20.8,0.0,-8.0,0,2.0,0.0,0.0,0.0,0.0,0.0,0.0,0.0,0.0,0.0,0.0,0.0
11.950000000000001,20.900000000000002,0.0,-8.0,0,2.0,0.0,0.0,0.0,0.0,0.0,0.0,0.0,0.0,0.0,0.0,0.0
12.0,21.0,0.0,-8.0,0,2.0,0.0,0.0,0.0,0.0,0.0,0.0,0.0,0.0,0.0,0.0,0.0
12.05,21.1,0.0,-8.0,0,2.0,0.0,0.0,0.0,0.0,0.0,0.0,0.0,0.0,0.0,0.0,0.0
12.100000000000001,21.200000000000003,0.0,-8.0,0,2.0,0.0,0.0,0.0,0.0,0.0,0.0,0.0,0.0,0.0,0.0,0.0
12.15,21.3,0.0,-8.0,0,2.0,0.0,0.0,0.0,0.0,0.0,0.0,0.0,0.0,0.0,0.0,0.0
12.200000000000001,21.400000000000002,0.0,-8.0,0,2.0,0.0,0.0,0.0,0.0,0.0,0.0,0.0,0.0,0.0,0.0,0.0
12.25,21.5,0.0,-8.0,0,2.0,0.0,0.0,0.0,0.0,0.0,0.0,0.0,0.0,0.0,0.0,0.0
12.3,21.6,0.0,-8.0,0,2.0,0.0,0.0,0.0,0.0,0.0,0.0,0.0,0.0,0.0,0.0,0.0
12.350000000000001,21.700000000000003,0.0,-8.0,0,2.0,0.0,0.0,0.0,0.0,0.0,0.0,0.0,0.0,0.0,0.0,0.0
12.4,21.8,0.0,-8.0,0,2.0,0.0,0.0,0.0,0.0,0.0,0.0,0.0,0.0,0.0,0.0,0.0
12.450000000000001,21.900000000000002,0.0,-8.0,0,2.0,0.0,0.0,0.0,0.0,0.0,0.0,0.0,0.0,0.0,0.0,0.0
12.5,22.0,0.0,-8.0,0,2.0,0.0,0.0,0.0,0.0,0.0,0.0,0.0,0.0,0.0,0.0,0.0
12.55,22.1,0.0,-8.0,0,2.0,0.0,0.0,0.0,0.0,0.0,0.0,0.0,0.0,0.0,0.0,0.0
12.600000000000001,22.200000000000003,0.0,-8.0,0,2.0,0.0,0.0,0.0,0.0,0.0,0.0,0.0,0.0,0.0,0.0,0.0
12.65,22.3,0.0,-8.0,0,2.0,0.0,0.0,0.0,0.0,0.0,0.0,0.0,0.0,0.0,0.0,0.0
12.700000000000001,22.400000000000002,0.0,-8.0,0,2.0,0.0,0.0,0.0,0.0,0.0,0.0,0.0,0.0,0.0,0.0,0.0
12.75,22.5,0.0,-8.0,0,2.0,0.0,0.0,0.0,0.0,0.0,0.0,0.0,0.0,0.0,0.0,0.0
12.8,22.6,0.0,-8.0,0,2.0,0.0,0.0,0.0,0.0,0.0,0.0,0.0,0.0,0.0,0.0,0.0
12.850000000000001,22.700000000000003,0.0,-8.0,0,2.0,0.0,0.0,0.0,0.0,0.0,0.0,0.0,0.0,0.0,0.0,0.0
12.9,22.8,0.0,-8.0,0,2.0,0.0,0.0,0.0,0.0,0.0,0.0,0.0,0.0,0.0,0.0,0.0
12.950000000000001,22.900000000000002,0.0,-8.0,0,2.0,0.0,0.0,0.0,0.0,0.0,0.0,0.0,0.0,0.0,0.0,0.0
13.0,23.0,0.0,-8.0,0,2.0,0.0,0.0,0.0,0.0,0.0,0.0,0.0,0.0,0.0,0.0,0.0
13.05,23.1,0.0,-8.0,0,2.0,0.0,0.0,0.0,0.0,0.0,0.0,0.0,0.0,0.0,0.0,0.0
13.100000000000001,23.200000000000003,0.0,-8.0,0,2.0,0.0,0.0,0.0,0.0,0.0,0.0,0.0,0.0,0.0,0.0,0.0
13.15,23.3,0.0,-8.0,0,2.0,0.0,0.0,0.0,0.0,0.0,0.0,0.0,0.0,0.0,0.0,0.0
13.200000000000001,23.400000000000002,0.0,-8.0,0,2.0,0.0,0.0,0.0,0.0,0.0,0.0,0.0,0.0,0.0,0.0,0.0
13.25,23.5,0.0,-8.0,0,2.0,0.0,0.0,0.0,0.0,0.0,0.0,0.0,0.0,0.0,0.0,0.0
13.3,23.6,0.0,-8.0,0,2.0,0.0,0.0,0.0,0.0,0.0,0.0,0.0,0.0,0.0,0.0,0.0
13.350000000000001,23.700000000000003,0.0,-8.0,0,2.0,0.0,0.0,0.0,0.0,0.0,0.0,0.0,0.0,0.0,0.0,0.0
13.4,23.8,0.0,-8.0,0,2.0,0.0,0.0,0.0,0.0,0.0,0.0,0.0,0.0,0.0,0.0,0.0
13.450000000000001,23.900000000000002,0.0,-8.0,0,2.0,0.0,0.0,0.0,0.0,0.0,0.0,0.0,0.0,0.0,0.0,0.0
13.5,24.0,0.0,-8.0,0,2.0,0.0,0.0,0.0,0.0,0.0,0.0,0.0,0.0,0.0,0.0,0.0
13.55,24.1,0.0,-8.0,0,2.0,0.0,0.0,0.0,0.0,0.0,0.0,0.0,0.0,0.0,0.0,0.0
13.600000000000001,24.200000000000003,0.0,-8.0,0,2.0,0.0,0.0,0.0,0.0,0.0,0.0,0.0,0.0,0.0,0.0,0.0
13.65,24.3,0.0,-8.0,0,2.0,0.0,0.0,0.0,0.0,0.0,0.0,0.0,0.0,0.0,0.0,0.0
13.700000000000001,24.400000000000002,0.0,-8.0,0,2.0,0.0,0.0,0.0,0.0,0.0,0.0,0.0,0.0,0.0,0.0,0.0
13.75,24.5,0.0,-8.0,0,2.0,0.0,0.0,0.0,0.0,0.0,0.0,0.0,0.0,0.0,0.0,0.0
13.8,24.6,0.0,-8.0,0,2.0,0.0,0.0,0.0,0.0,0.0,0.0,0.0,0.0,0.0,0.0,0.0
13.850000000000001,24.700000000000003,0.0,-8.0,0,2.0,0.0,0.0,0.0,0.0,0.0,0.0,0.0,0.0,0.0,0.0,0.0
13.9,24.8,0.0,-8.0,0,2.0,0.0,0.0,0.0,0.0,0.0,0.0,0.0,0.0,0.0,0.0,0.0
13.950000000000001,24.900000000000002,0.0,-8.0,0,2.0,0.0,0.0,0.0,0.0,0.0,0.0,0.0,0.0,0.0,0.0,0.0
14.0,25.0,0.0,-8.0,0,2.0,0.0,0.0,0.0,0.0,0.0,0.0,0.0,0.0,0.0,0.0,0.0
14.05,25.1,0.0,-8.0,0,2.0,0.0,0.0,0.0,0.0,0.0,0.0,0.0,0.0,0.0,0.0,0.0
14.100000000000001,25.200000000000003,0.0,-8.0,0,2.0,0.0,0.0,0.0,0.0,0.0,0.0,0.0,0.0,0.0,0.0,0.0
14.15,25.3,0.0,-8.0,0,2.0,0.0,0.0,0.0,0.0,0.0,0.0,0.0,0.0,0.0,0.0,0.0
14.200000000000001,25.400000000000002,0.0,-8.0,0,2.0,0.0,0.0,0.0,0.0,0.0,0.0,0.0,0.0,0.0,0.0,0.0
14.25,25.5,0.0,-8.0,0,2.0,0.0,0.0,0.0,0.0,0.0,0.0,0.0,0.0,0.0,0.0,0.0
14.3,25.6,0.0,-8.0,0,2.0,0.0,0.0,0.0,0.0,0.0,0.0,0.0,0.0,0.0,0.0,0.0
14.350000000000001,25.700000000000003,0.0,-8.0,0,2.0,0.0,0.0,0.0,0.0,0.0,0.0,0.0,0.0,0.0,0.0,0.0
14.4,25.8,0.0,-8.0,0,2.0,0.0,0.0,0.0,0.0,0.0,0.0,0.0,0.0,0.0,0.0,0.0
14.450000000000001,25.900000000000002,0.0,-8.0,0,2.0,0.0,0.0,0.0,0.0,0.0,0.0,0.0,0.0,0.0,0.0,0.0
14.5,26.0,0.0,-8.0,0,2.0,0.0,0.0,0.0,0.0,0.0,0.0,0.0,0.0,0.0,0.0,0.0
14.55,26.1,0.0,-8.0,0,2.0,0.0,0.0,0.0,0.0,0.0,0.0,0.0,0.0,0.0,0.0,0.0
14.600000000000001,26.200000000000003,0.0,-8.0,0,2.0,0.0,0.0,0.0,0.0,0.0,0.0,0.0,0.0,0.0,0.0,0.0
14.65,26.3,0.0,-8.0,0,2.0,0.0,0.0,0.0,0.0,0.0,0.0,0.0,0.0,0.0,0.0,0.0
14.700000000000001,26.400000000000002,0.0,-8.0,0,2.0,0.0,0.0,0.0,0.0,0.0,0.0,0.0,0.0,0.0,0.0,0.0
14.75,26.5,0.0,-8.0,0,2.0,0.0,0.0,0.0,0.0,0.0,0.0,0.0,0.0,0.0,0.0,0.0
14.8,26.6,0.0,-8.0,0,2.0,0.0,0.0,0.0,0.0,0.0,0.0,0.0,0.0,0.0,0.0,0.0
14.850000000000001,26.700000000000003,0.0,-8.0,0,2.0,0.0,0.0,0.0,0.0,0.0,0.0,0.0,0.0,0.0,0.0,0.0
14.9,26.8,0.0,-8.0,0,2.0,0.0,0.0,0.0,0.0,0.0,0.0,0.0,0.0,0.0,0.0,0.0
14.950000000000001,26.900000000000002,0.0,-8.0,0,2.0,0.0,0.0,0.0,0.0,0.0,0.0,0.0,0.0,0.0,0.0,0.0
15.0,27.0,0.0,-8.0,0,2.0,0.0,0.0,0.0,0.0,0.0,0.0,0.0,0.0,0.0,0.0,0.0
15.05,27.099979166666667,0.0,-8.0,0,1.99875,0.0,0.0,0.0,-0.05000000000000071,-0.0,-0.0,-1.0,-0.0,-0.0,0.0,0.0
15.100000000000001,27.199833333333338,0.0,-8.0,0,1.9949999999999999,0.0,0.0,0.0,-0.10000000000000142,-0.0,-0.0,-1.0,-0.0,-0.0,0.0,0.0
15.15,27.2994375,0.0,-8.0,0,1.98875,0.0,0.0,0.0,-0.15000000000000036,-0.0,-0.0,-1.0,-0.0,-0.0,0.0,0.0
15.200000000000001,27.398666666666667,0.0,-8.0,0,1.9799999999999998,0.0,0.0,0.0,-0.20000000000000107,-0.0,-0.0,-1.0,-0.0,-0.0,0.0,0.0
15.25,27.497395833333332,0.0,-8.0,0,1.96875,0.0,0.0,0.0,-0.25,-0.0,-0.0,-1.0,-0.0,-0.0,0.0,0.0
15.3,27.5955,0.0,-8.0,0,1.9549999999999998,0.0,0.0,0.0,-0.3000000000000007,-0.0,-0.0,-1.0,-0.0,-0.0,0.0,0.0
15.350000000000001,27.69285416666667,0.0,-8.0,0,1.9387499999999995,0.0,0.0,0.0,-0.3500000000000014,-0.0,-0.0,-1.0,-0.0,-0.0,0.0,0.0
15.4,27.789333333333335,0.0,-8.0,0,1.92,0.0,0.0,0.0,-0.40000000000000036,-0.0,-0.0,-1.0,-0.0,-0.0,0.0,0.0
15.450000000000001,27.884812500000002,0.0,-8.0,0,1.8987499999999995,0.0,0.0,0.0,-0.45000000000000107,-0.0,-0.0,-1.0,-0.0,-0.0,0.0,0.0
15.5,27.979166666666668,0.0,-8.0,0,1.875,0.0,0.0,0.0,-0.5,-0.0,-0.0,-1.0,-0.0,-0.0,0.0,0.0
15.55,28.072270833333334,0.0,-8.0,0,1.8487499999999997,0.0,0.0,0.0,-0.5500000000000007,-0.0,-0.0,-1.0,-0.0,-0.0,0.0,0.0
15.600000000000001,28.164,0.0,-8.0,0,1.8199999999999992,0.0,0.0,0.0,-0.6000000000000014,-0.0,-0.0,-1.0,-0.0,-0.0,0.0,0.0
15.65,28.25422916666667,0.0,-8.0,0,1.7887499999999998,0.0,0.0,0.0,-0.6500000000000004,-0.0,-0.0,-1.0,-0.0,-0.0,0.0,0.0
15.700000000000001,28.342833333333335,0.0,-8.0,0,1.7549999999999992,0.0,0.0,0.0,-0.7000000000000011,-0.0,-0.0,-1.0,-0.0,-0.0,0.0,0.0
15.75,28.4296875,0.0,-8.0,0,1.71875,0.0,0.0,0.0,-0.75,-0.0,-0.0,-1.0,-0.0,-0.0,0.0,0.0
15.8,28.514666666666667,0.0,-8.0,0,1.6799999999999995,0.0,0.0,0.0,-0.8000000000000007,-0.0,-0.0,-1.0,-0.0,-0.0,0.0,0.0
15.850000000000001,28.597645833333335,0.0,-8.0,0,1.6387499999999988,0.0,0.0,0.0,-0.8500000000000014,-0.0,-0.0,-1.0,-0.0,-0.0,0.0,0.0
15.9,28.6785,0.0,-8.0,0,1.5949999999999998,0.0,0.0,0.0,-0.9000000000000004,-0.0,-0.0,-1.0,-0.0,-0.0,0.0,0.0
15.950000000000001,28.757104166666668,0.0,-8.0,0,1.548749999999999,0.0,0.0,0.0,-0.9500000000000011,-0.0,-0.0,-1.0,-0.0,-0.0,0.0,0.0
16.0,28.833333333333332,0.0,-8.0,0,1.5,0.0,0.0,0.0,-1.0,-0.0,-0.0,-1.0,-0.0,-0.0,0.0,0.0
16.05,28.907104166666667,0.0,-8.0,0,1.4512499999999993,0.0,0.0,0.0,-0.9499999999999993,-0.0,-0.0,1.0,0.0,0.0,0.0,0.0
16.1,28.9785,0.0,-8.0,0,1.4049999999999987,0.0,0.0,0.0,-0.8999999999999986,-0.0,-0.0,1.0,0.0,0.0,0.0,0.0
16.150000000000002,29.047645833333334,0.0,-8.0,0,1.3612499999999983,0.0,0.0,0.0,-0.8499999999999979,-0.0,-0.0,1.0,0.0,0.0,0.0,0.0
16.2,29.114666666666665,0.0,-8.0,0,1.3200000000000005,0.0,0.0,0.0,-0.8000000000000007,-0.0,-0.0,1.0,0.0,0.0,0.0,0.0
16.25,29.1796875,0.0,-8.0,0,1.28125,0.0,0.0,0.0,-0.75,-0.0,-0.0,1.0,0.0,0.0,0.0,0.0
16.3,29.242833333333333,0.0,-8.0,0,1.2449999999999994,0.0,0.0,0.0,-0.6999999999999993,-0.0,-0.0,1.0,0.0,0.0,0.0,0.0
16.35,29.30422916666667,0.0,-8.0,0,1.211249999999999,0.0,0.0,0.0,-0.6499999999999986,-0.0,-0.0,1.0,0.0,0.0,0.0,0.0
16.400000000000002,29.364,0.0,-8.0,0,1.1799999999999988,0.0,0.0,0.0,-0.5999999999999979,-0.0,-0.0,1.0,0.0,0.0,0.0,0.0
16.45,29.422270833333332,0.0,-8.0,0,1.1512500000000003,0.0,0.0,0.0,-0.5500000000000007,-0.0,-0.0,1.0,0.0,0.0,0.0,0.0
16.5,29.479166666666668,0.0,-8.0,0,1.125,0.0,0.0,0.0,-0.5,-0.0,-0.0,1.0,0.0,0.0,0.0,0.0
16.55,29.5348125,0.0,-8.0,0,1.1012499999999996,0.0,0.0,0.0,-0.4499999999999993,-0.0,-0.0,1.0,0.0,0.0,0.0,0.0
16.6,29.589333333333336,0.0,-8.0,0,1.0799999999999994,0.0,0.0,0.0,-0.3999999999999986,-0.0,-0.0,1.0,0.0,0.0,0.0,0.0
16.650000000000002,29.64285416666667,0.0,-8.0,0,1.0612499999999994,0.0,0.0,0.0,-0.34999999999999787,-0.0,-0.0,1.0,0.0,0.0,0.0,0.0
16.7,29.6955,0.0,-8.0,0,1.0450000000000002,0.0,0.0,0.0,-0.3000000000000007,-0.0,-0.0,1.0,0.0,0.0,0.0,0.0
16.75,29.747395833333332,0.0,-8.0,0,1.03125,0.0,0.0,0.0,-0.25,-0.0,-0.0,1.0,0.0,0.0,0.0,0.0
16.8,29.798666666666666,0.0,-8.0,0,1.0199999999999998,0.0,0.0,0.0,-0.1999999999999993,-0.0,-0.0,1.0,0.0,0.0,0.0,0.0
16.85,29.8494375,0.0,-8.0,0,1.0112499999999998,0.0,0.0,0.0,-0.14999999999999858,-0.0,-0.0,1.0,0.0,0.0,0.0,0.0
16.900000000000002,29.899833333333333,0.0,-8.0,0,1.005,0.0,0.0,0.0,-0.09999999999999787,-0.0,-0.0,1.0,0.0,0.0,0.0,0.0
16.95,29.949979166666665,0.0,-8.0,0,1.00125,0.0,0.0,0.0,-0.05000000000000071,-0.0,-0.0,1.0,0.0,0.0,0.0,0.0
17.0,30.0,0.0,-8.0,0,1.0,0.0,0.0,0.0,0.0,0.0,0.0,0.0,0.0,0.0,0.0,0.0
17.05,30.049999999999994,-1.656536878883503e-08,-8,-1.6010969900640451e-06,0.9999999999987182,-1.6010969900633611e-06,0.0,-0.00012605443642277897,-2.0182537874064475e-10,-0.0001260544364226174,0.0,-2.7676002469822617e-08,-0.007361378855291142,0.0,-0.0073613788553260175,-0.2784775615930323
17.1,30.099999999996644,-4.937181568751032e-07,-8,-2.4019792579023874e-05,0.9999999997115248,-2.4019792576714168e-05,0.0,-0.0009294144971984348,-2.2324343440497494e-08,-0.0009294144969303217,0.0,-1.496413229319892e-06,-0.02633669376058086,0.0,-0.026336693788926915,-0.466291380963486
17.15,30.149999999887044,-3.535612166544031e-06,-8,-0.00011380414567666187,0.9999999935243082,-0.00011380414543100834,0.0,-0.0028817821530437147,-3.279587552454712e-07,-0.002881782134382182,0.0,-1.4296780736458577e-05,-0.05265284707847808,0.0,-0.05265284836454739,-0.5738450851063058
17.2,30.199999998666954,-1.4092531155319435e-05,-8,-0.00033596268541234004,0.9999999435645376,-0.0003359626790922702,0.0,-0.006254209086606284,-2.1011808403394674e-06,-0.006254208733647102,0.0,-6.685117563058282e-05,-0.08255690969531665,0.0,-0.08255692749567933,-0.6115423010164365
17.25,30.249999991247638,-4.0598282528144434e-05,-8,-0.00076458212341873,0.9999997077071026,-0.0007645820489247538,0.0,-0.01114310575995208,-8.519818633329388e-06,-0.011143102502901412,0.0,-0.00021042600907864451,-0.11281606953294865,0.0,-0.11281619744556196,-0.5897866556888225
17.3,30.299999960292084,-9.526220671450407e-05,-8,-0.0014747455194899096,0.9999989125630234,-0.0014747449849256012,0.0,-0.017496250482052677,-2.5802507653409318e-05,-0.01749623145598295,0.0,-0.000513641768902713,-0.14071750135797306,0.0,-0.14071810582718158,-0.5189817761184088
17.35,30.349999860435783,-0.00019397718847724644,-8,-0.0025357509006138325,0.9999967849854078,-0.002535748183121201,0.0,-0.025138798476272674,-6.374566256205845e-05,-0.02513871765466874,0.0,-0.0010479980755523162,-0.16406815162555755,0.0,-0.16407028160327192,-0.4095312893001403
17.4,30.399999594234178,-0.0003557096257662442,-8,-0.004005630333379155,0.999991977473543,-0.004005619621614984,0.0,-0.03379929094785698,-0.00013538710301740962,-0.03379901979215112,0.0,-0.0018682033224961653,-0.18119450541214152,0.0,-0.18120053508631376,-0.2718388222289612
17.45,30.449998979310195,-0.0006020931672978896,-8,-0.005926969449756451,0.9999824355679893,-0.00592693474843184,0.0,-0.04313566415141829,-0.0002556622667557267,-0.04313490649797807,0.0,-0.00299244167666688,-0.19094247572811204,0.0,-0.19095685793853526,-0.11630800189981627
17.5,30.499997711446476,-0.0009564288824153955,-8,-0.008324027426253763,0.9999653554837458,-0.008323931298730585,0.0,-0.052761258458424345,-0.00043918109064249223,-0.05275943057014809,0.0,-0.004387737303669275,-0.192677575169424,0.0,-0.19270742317191183,0.04665754469234935
17.55,30.54999533068492,-0.0014425357431551151,-8,-0.011201157416446563,0.9999372676921674,-0.011200923190648608,0.0,-0.06227082742468534,-0.0006974907550020354,-0.062266921031970346,0.0,-0.0059645992753934556,-0.18628546224678144,0.0,-0.1863405851481657,0.20665419055259082
17.6,30.59999118833223,-0.002084280985622242,-8,-0.01454252743688204,0.9998942593114418,-0.014542014854313735,0.0,-0.07126654685784126,-0.0010363591830223735,-0.07125901108410534,0.0,-0.007583462090179819,-0.1721728064315076,0.0,-0.17226487957876704,0.3532783086859645
17.65,30.649984437781526,-0.00290401347461612,-8,-0.01831314170635777,0.999832319106778,-0.018312118106928562,0.0,-0.07938402388484943,-0.0014536896211826006,-0.07937071270081686,0.0,-0.00907338647404246,-0.15126823539301706,0.0,-0.15140902352493274,0.47612627209752456
17.7,30.699974041799237,-0.003921763873977584,-8,-0.022461162438574826,0.9997477586959466,-0.02245927386251364,0.0,-0.08631830601947134,-0.0019386464742395663,-0.0862965329773973,0.0,-0.010261363833466201,-0.12502298857876418,0.0,-0.12522191539762711,0.564794453792326
17.75,30.74995878473478,-0.005155146504115232,-8,-0.026921532088165064,0.9996376374415652,-0.02691828022452179,0.0,-0.09184989022976069,-0.0024724410837962643,-0.09181660726854507,0.0,-0.011008688096490943,-0.09541087333464027,0.0,-0.09567263495756193,0.6088792267754252
17.8,30.799937342080973,-0.006617702088001774,-8,-0.03162089605009297,0.9995001011218624,-0.03161562679098442,0.0,-0.09587073200555042,-0.003031013283265967,-0.09582280633417462,0.0,-0.01124953624988292,-0.0649272392295991,0.0,-0.06525044331519561,0.5979769640518797
17.85,30.84990832851894,-0.008319311696148694,-8,-0.0364838258124319,0.9993345390465244,-0.03647573259950592,0.0,-0.09841025442593991,-0.0035895861254899284,-0.09834476624419784,0.0,-0.011026451005331324,-0.03658693222714639,0.0,-0.03696478293073378,0.5216840386267402
17.9,30.899870334344435,-0.010266808306842961,-8,-0.04144034256251438,0.9991414718773723,-0.041428482650442834,0.0,-0.09966135722678265,-0.004128818808789351,-0.09957579514886422,0.0,-0.010518161976224677,-0.013921478103644387,0.0,-0.014345277614130434,0.36959682350506307
17.95,30.949822028852896,-0.01246291077810997,-8,-0.046434741246457224,0.9989221011027064,-0.046418056061777575,0.0,-0.10000642586817346,-0.0046421038824868786,-0.09989862905200789,0.0,-0.01005742726179729,-0.0009759382653901473,0.0,-0.0014417325250854136,0.13131169169190554
18.0,30.999762129200537,-0.0149085305224173,-8,-0.05143552776880501,0.9986774848521416,-0.05141285101412401,0.0,-0.10001685746349252,-0.005142151791671418,-0.09988458365445586,0.0,-0.009990142166168007,0.0005143018628032429,0.0,-0.0,-0.0
18.05,31.0496893575131,-0.017604184185018322,-8,-0.056436370641979636,0.9984078906825166,-0.05640641650457942,0.0,-0.10001685746349252,-0.005641592519564912,-0.09985761969281948,0.0,-0.00998744531546037,0.0005642543548964294,0.0,-0.0,-0.0
18.1,31.09960249201436,-0.02054928906085204,-8,-0.06143721351515426,0.9981133279516383,-0.061398571362087394,0.0,-0.10001685746349252,-0.0061408921603839685,-0.09982815845415118,0.0,-0.009984498694951785,0.0006141927359038021,0.0,-0.0,-0.0
18.15,31.149500279735967,-0.023743886735474347,-8,-0.0664380563883289,0.9977938040260428,-0.06638919074095563,0.0,-0.10001685746349252,-0.006640038227454777,-0.09979620067522871,0.0,-0.009981302378332448,0.000664115756947486,0.0,-0.0,-0.0
18.2,31.199381451228266,-0.02718821454303028,-8,-0.07143889926150353,0.9974493268965048,-0.07137814983389157,0.0,-0.10001685746349252,-0.007139018237944146,-0.09976174715526427,0.0,-0.009977856445537048,0.0007140221695337332,0.0,-0.0,-0.0
18.25,31.249244788535446,-0.030881754077885966,-8,-0.07643974213467815,0.9970799051778385,-0.0763653238751238,0.0,-0.10001685746349252,-0.0076378197131717,-0.09972479875588451,0.0,-0.009974160982742779,0.0007639107255841474,0.0,-0.0,-0.0
18.3,31.299089031448343,-0.03482461083986872,-8,-0.08144058500785277,0.9966855481086816,-0.0813505881435221,0.0,-0.10001685746349252,-0.008136430178921935,-0.09968535640110893,0.0,-0.009970216082367164,0.0008137801774668941,0.0,-0.0,-0.0
18.35,31.34891292017856,-0.03901683763037963,-8,-0.0864414278810274,0.9962662655512644,-0.08633381796571661,0.0,-0.10001685746349252,-0.008634837165756188,-0.09964342107732681,0.0,-0.009966021843065762,0.0008636292780279045,0.0,-0.0,-0.0
18.4,31.39871523836317,-0.043457980580848925,-8,-0.09144227075420204,0.9958220679911634,-0.09131488871921564,0.0,-0.10001685746349252,-0.009133028209324472,-0.09959899383327254,0.0,-0.009961578369729692,0.0009134567806220621,0.0,-0.0,-0.0
18.45,31.448494716350552,-0.04814820887852929,-8,-0.09644311362737668,0.9953529665370388,-0.0962936758355223,0.0,-0.10001685746349252,-0.009630990850677187,-0.09955207577999944,0.0,-0.009956885773483012,0.000963261439144381,0.0,-0.0,-0.0
18.5,31.498250109268568,-0.05308739117326501,-8,-0.10144395650055126,0.9948589729203566,-0.10127005480324971,0.0,-0.10001685746349252,-0.010128712636576703,-0.09950266809085187,0.0,-0.009951944171679938,0.0010130420080611676,0.0,-0.0,-0.0
18.55,31.547980200134617,-0.058275138045722305,-8,-0.1064447993737259,0.9943400994950957,-0.10624390117123508,0.0,-0.10001685746349252,-0.010626181119808805,-0.09945077200143596,0.0,-0.009946753687901915,0.0010627972424411727,0.0,-0.0,-0.0
18.6,31.597683707658454,-0.06371168209203326,-8,-0.11144564224690053,0.9937963592374385,-0.11121509055165159,0.0,-0.10001685746349252,-0.01112338385949395,-0.09939638880958869,0.0,-0.009941314451954517,0.00111252589798672,0.0,-0.0,-0.0
18.65,31.64735940712934,-0.06939670830786582,-8,-0.11644648512007517,0.9932277657454465,-0.11618349862311951,0.0,-0.10001685746349252,-0.011620308421398424,-0.09933951987534546,0.0,-0.00993562659986421,0.001162226731064828,0.0,-0.0,-0.0
18.7,31.697006078735757,-0.07532989158340546,-8,-0.12144732799324978,0.9926343332387203,-0.12114900113381502,0.0,-0.10001685746349252,-0.01211694237824527,-0.09928016662090602,0.0,-0.009929690273874947,0.0012118984987383094,0.0,-0.0,-0.0
18.75,31.746622427359174,-0.08151152759353576,-8,-0.1264481708664244,0.992016076558044,-0.1261114739045778,0.0,-0.10001685746349252,-0.012613273310025114,-0.09921833053059897,0.0,-0.009923505622444607,0.0012615399587968565,0.0,-0.0,-0.0
18.8,31.796207253683267,-0.08794111829310339,-8,-0.13144901373959905,0.9913730111650139,-0.13107079283201634,0.0,-0.10001685746349252,-0.013109288804306736,-0.09915401315084457,0.0,-0.009917072800241285,0.0013111498697881052,0.0,-0.0,-0.0
18.85,31.84575933286267,-0.09461840269029162,-8,-0.13644985661277367,0.9907051531416519,-0.13602683389161158,0.0,-0.10001685746349252,-0.013604976456547489,-0.09908721609011613,0.0,-0.009910391968139427,0.001360726991048682,0.0,-0.0,-0.0
18.9,31.895277353768485,-0.10154373915716194,-8,-0.1414506994859483,0.9900125191900035,-0.1409794731408187,0.0,-0.10001685746349252,-0.014100323870403537,-0.09901794101889974,0.0,-0.009903463293215805,0.001410270082735232,0.0,-0.0,-0.0
18.95,31.944760147697384,-0.10871644733680923,-8,-0.14645154235912292,0.9892951266317201,-0.14592858672216663,0.0,-0.10001685746349252,-0.014595318658039848,-0.09894618966965255,0.0,-0.009896286948745335,0.0014597779058554245,0.0,-0.0,-0.0
19.0,31.994206472814508,-0.11613639402894607,-8,-0.15145238523229754,0.9885529934076253,-0.15087405086635547,0.0,-0.10001685746349252,-0.015089948440439996,-0.09887196383675932,0.0,-0.009888863114196745,0.0015092492222989384,0.0,-0.0,-0.0
19.05,32.043615029075475,-0.12380380811968428,-8,-0.1564532281054722,0.9877861380772668,-0.1558157418953519,0.0,-0.10001685746349252,-0.015584200847715753,-0.09879526537648774,0.0,-0.009881191975228092,0.0015586827948684259,0.0,-0.0,-0.0
19.1,32.09298465432346,-0.131718019535113,-8,-0.1614540709786468,0.986994579818452,-0.16075353622548205,0.0,-0.10001685746349252,-0.01607806351941642,-0.0987160962069418,0.0,-0.009873273723682114,0.0016080773873104511,0.0,-0.0,-0.0
19.15,32.142314092340804,-0.13987897642605607,-8,-0.1664549138518214,0.9861783384267687,-0.16568731037052206,0.0,-0.10001685746349252,-0.01657152410483795,-0.09863445830801401,0.0,-0.009865108557581435,0.001657431764346408,0.0,-0.0,-0.0
19.2,32.19160206687285,-0.14828672439528257,-8,-0.17145575672499605,0.9853374343150895,-0.17061694094478666,0.0,-0.10001685746349252,-0.017064570263331847,-0.09855035372133573,0.0,-0.009856696681123607,0.0017067446917034147,0.0,-0.0,-0.0
19.25,32.2408474126231,-0.1569406579248403,-8,-0.17645659959817067,0.9844718885130617,-0.17554230466621423,0.0,-0.10001685746349252,-0.017557189664613726,-0.0984637845502262,0.0,-0.00984803830467601,0.0017560149361451755,0.0,-0.0,-0.0
19.3,32.2900488593084,-0.165840787953191,-8,-0.18145744247134532,0.9835817226665812,-0.18046327835945047,0.0,-0.10001685746349252,-0.018049369989071733,-0.09837475295963988,0.0,-0.009839133644770593,0.0018052412655028272,0.0,-0.0,-0.0
19.35,32.33920515967116,-0.17498697760315782,-8,-0.18645828534451994,0.9826669590372517,-0.18537973895892837,0.0,-0.10001685746349252,-0.018541098928074592,-0.09828326117611244,0.0,-0.009829982924098448,0.0018544224487057504,0.0,-0.0,-0.0
19.4,32.38831514307629,-0.1843786856486826,-8,-0.1914591282176946,0.9817276205018268,-0.19029156351194623,0.0,-0.10001685746349252,-0.01903236418427946,-0.09818931148770489,0.0,-0.00982058637150425,0.001903557255812359,0.0,-0.0,-0.0
19.45,32.43737752300848,-0.1940159853631215,-8,-0.19645997109086918,0.9807637305516393,-0.19519862918174222,0.0,-0.10001685746349252,-0.019523153471939444,-0.0980929062439465,0.0,-0.009810944221980533,0.0019526444580408567,0.0,-0.0,-0.0
19.5,32.48639108639526,-0.20389855830774614,-8,-0.2014608139640438,0.9797753132920128,-0.20010081325056656,0.0,-0.10001685746349252,-0.02001345451721085,-0.09799404785577598,0.0,-0.009801056716661812,0.002001682827799968,0.0,-0.0,-0.0
19.55,32.53535465507154,-0.21402592723287647,-8,-0.20646165683721845,0.9787623934416589,-0.20499799312275038,0.0,-0.10001685746349252,-0.020503255058460144,-0.09789273879548119,0.0,-0.009790924102818548,0.0020506711387196404,0.0,-0.0,-0.0
19.6,32.58426692413386,-0.22439822724314462,-8,-0.21146249971039308,0.9777249963320596,-0.20989004632777153,0.0,-0.10001685746349252,-0.020992542846570567,-0.09778898159663735,0.0,-0.009780546633850973,0.002099608165681708,0.0,-0.0,-0.0
19.65,32.63312671986135,-0.23501495937125433,-8,-0.21646334258356772,0.9766631479068331,-0.21477685052331766,0.0,-0.10001685746349252,-0.021481305645248503,-0.09768277885404364,0.0,-0.009769924569282745,0.0021484926848505366,0.0,-0.0,-0.0
19.7,32.68193285437603,-0.24587570997710603,-8,-0.22146418545674235,0.9755768747210855,-0.21965828349834546,0.0,-0.10001685746349252,-0.02196953123132945,-0.09757413322365831,0.0,-0.009759058174754464,0.002197323473703625,0.0,-0.0,-0.0
19.75,32.73068400224209,-0.2569806754423388,-8,-0.22646502832991694,0.9744662039407466,-0.2245342231761372,0.0,-0.10001685746349252,-0.022457207395083733,-0.09746304742253228,0.0,-0.009747947722017024,0.00224609931106218,0.0,-0.0,-0.0
19.8,32.77937903423285,-0.2683291774182109,-8,-0.2314658712030916,0.9733311633418902,-0.22940454761735374,0.0,-0.10001685746349252,-0.02294432194052185,-0.09734952422874119,0.0,-0.00973659348892482,0.0022948189771216584,0.0,-0.0,-0.0
19.85,32.82801674730518,-0.27992087906314045,-8,-0.2364667140762662,0.97217178131004,-0.2342691350230836,0.0,-0.10001685746349252,-0.02343086268569944,-0.0972335664813159,0.0,-0.009724995759428796,0.0023434812534822665,0.0,-0.0,-0.0
19.9,32.876595803196366,-0.29175599661061935,-8,-0.24146755694944086,0.9709880868394593,-0.23912786373788955,0.0,-0.10001685746349252,-0.02391681746302196,-0.09711517708017149,0.0,-0.00971315482356935,0.0023920849231794366,0.0,-0.0,-0.0
19.95,32.925115112453476,-0.3038337144117061,-8,-0.24646839982261548,0.969780109532426,-0.2439806122528505,0.0,-0.10001685746349252,-0.024402174119548987,-0.09699435898603481,0.0,-0.00970107097746907,0.0024406287707142574,0.0,-0.0,-0.0
20.0,32.97357344040752,-0.3161538250686635,-8,-0.2514692426957901,0.9685478795984925,-0.24882725920860052,0.0,-0.10001685746349252,-0.024886920517298107,-0.09687111522037034,0.0,-0.009688744523325342,0.0024891115820838724,0.0,-0.0,-0.0
20.05,33.02196948658239,-0.3287163638492458,-8,-0.2564700855689647,0.9672914278537298,-0.2536676833983639,0.0,-0.10001685746349252,-0.02537104453354851,-0.09674544886530466,0.0,-0.009676175769402781,0.0025375321448118425,0.0,-0.0,-0.0
20.1,33.07030215365583,-0.34152057934096186,-8,-0.2614709284421393,0.9660107857199574,-0.2585017637709859,0.0,-0.10001685746349252,-0.02585453406114411,-0.0966173630635494,0.0,-0.009663365030025527,0.002585889247978463,0.0,-0.0,-0.0
20.15,33.118570188349466,-0.3545663257078662,-8,-0.266471771315314,0.9647059852239568,-0.26332937943396073,0.0,-0.10001685746349252,-0.02633737700879639,-0.09648686101832261,0.0,-0.009650312625569386,0.0026341816822510536,0.0,-0.0,-0.0
20.2,33.16677233309979,-0.3678534584724132,-8,-0.2714726141884886,0.9633770589966713,-0.2681504096564542,0.0,-0.10001685746349252,-0.02681956130138671,-0.0963539459932687,0.0,-0.009637018882453812,0.0026824082399141947,0.0,-0.0,-0.0
20.25,33.214907480543864,-0.38138129001985654,-8,-0.2764734570616632,0.9620240402723893,-0.27296473387232345,0.0,-0.10001685746349252,-0.027301074880268342,-0.09621862131237675,0.0,-0.00962348413313375,0.0027305677148999354,0.0,-0.0,-0.0
20.3,33.262974356670505,-0.39514973545202037,-8,-0.28147429993483786,0.9606469628879136,-0.277772231683132,0.0,-0.10001685746349252,-0.027781905703568033,-0.09608089035989745,0.0,-0.009609708716091316,0.002778658902817954,0.0,-0.0,-0.0
20.35,33.310971751926154,-0.4091584718795266,-8,-0.28647514280801245,0.9592458612817152,-0.28257278286116044,0.0,-0.10001685746349252,-0.028262041746487106,-0.09594075658025843,0.0,-0.00959569297582734,0.0028266806009856764,0.0,-0.0,-0.0
20.4,33.35889854674748,-0.4234068749959959,-8,-0.2914759856811871,0.9578207704930715,-0.2873662673524138,0.0,-0.10001685746349252,-0.028741471001602254,-0.09579822347797812,0.0,-0.009581437262852741,0.0028746316084583565,0.0,-0.0,-0.0
20.45,33.40675344428191,-0.43789492016717035,-8,-0.2964768285543617,0.9563717261611907,-0.29215256527962297,0.0,-0.10001685746349252,-0.029220181479165743,-0.09565329461757811,0.0,-0.009566941933679768,0.0029225107260591045,0.0,-0.0,-0.0
20.5,33.45453528805222,-0.45262210753774135,-8,-0.30147767142753634,0.9548987645243204,-0.2969315569452436,0.0,-0.10001685746349252,-0.02969816120740534,-0.09550597362349407,0.0,-0.009552207350813084,0.002970316756408883,0.0,-0.0,-0.0
20.55,33.502242944147724,-0.46758787556990195,-8,-0.306478514300711,0.9534019224188409,-0.30170312283444883,0.0,-0.10001685746349252,-0.030175398232823645,-0.09535626417998497,0.0,-0.009537233882740696,0.003018048503956447,0.0,-0.0,-0.0
20.6,33.5498750907817,-0.4827922591699417,-8,-0.3114793571738856,0.9518812372783443,-0.3064671436181184,0.0,-0.10001685746349252,-0.03065188062049704,-0.09520417003104106,0.0,-0.009522021903924741,0.0030657047750082414,0.0,-0.0,-0.0
20.65,33.59743062958649,-0.4982345830743194,-8,-0.3164802000470603,0.9503367471326984,-0.3112235001558231,0.0,-0.10001685746349252,-0.031127596454374205,-0.09504969498029024,0.0,-0.00950657179479213,0.00311328437775826,0.0,-0.0,-0.0
20.7,33.64490841017082,-0.5139143479238668,-8,-0.3214810429202349,0.9487684906070957,-0.3159720734988038,0.0,-0.10001685746349252,-0.03160253383757404,-0.09489284289090283,0.0,-0.00949088394172502,0.0031607861223178426,0.0,-0.0,-0.0
20.75,33.69230708373791,-0.5298316473928566,-8,-0.3264818857934095,0.9471765069210869,-0.3207127448929467,0.0,-0.10001685746349252,-0.03207668089268329,-0.09473361768549508,0.0,-0.009474958737051157,0.003208208820745439,0.0,-0.0,-0.0
20.8,33.739625615027585,-0.5459856324783335,-8,-0.3314827286665841,0.9455608358876008,-0.3254453957817528,0.0,-0.10001685746349252,-0.03255002576205348,-0.09457202334603101,0.0,-0.009458796579034071,0.0032555512870763126,0.0,-0.0,-0.0
20.85,33.786862819753885,-0.5623759090868352,-8,-0.3364835715397587,0.9439215179119482,-0.33016990780930283,0.0,-0.10001685746349252,-0.03302255660809751,-0.09440806391372283,0.0,-0.00944239787186311,0.0033028123373522018,0.0,-0.0,-0.0
20.9,33.83401736593868,-0.5790024976586697,-8,-0.34148441441293337,0.9422585939908118,-0.33488616282321754,0.0,-0.10001685746349252,-0.0334942616135857,-0.0942417434889299,0.0,-0.009425763025643326,0.00334999078965093,0.0,-0.0,-0.0
20.95,33.88108824050282,-0.5958645084112236,-8,-0.346485257286108,0.9405721057112202,-0.3395940428776118,0.0,-0.10001685746349252,-0.03396512898194127,-0.09407306623105613,0.0,-0.009408892456385234,0.003397085464115959,0.0,-0.0,-0.0
21.0,33.928074224523776,-0.6129616420535346,-8,-0.3514861001592826,0.9388620952495088,-0.3442934302360448,0.0,-0.10001685746349252,-0.0344351469375354,-0.09390203635844606,0.0,-0.009391786585994393,0.0034440951829858993,0.0,-0.0,-0.0
21.05,33.974974042607215,-0.6302937430632081,-8,-0.3564869430324572,0.9371286053702644,-0.34898420737446445,0.0,-0.10001685746349252,-0.034904303725981724,-0.09372865814827927,0.0,-0.009374445842260866,0.0034910187706239655,0.0,-0.0,-0.0
21.1,34.02178666697126,-0.6478599846256824,-8,-0.3614877859056319,0.935371679425256,-0.3536662569841461,0.0,-0.10001685746349252,-0.03537258761443026,-0.09355293593646345,0.0,-0.009356870658848514,0.0035378550535473726,0.0,-0.0,-0.0
21.15,34.06851085357466,-0.665660126675066,-8,-0.3664886287788065,0.9335913613523507,-0.3583394619746263,0.0,-0.10001685746349252,-0.0358399868918608,-0.093374874117526,0.0,-0.009339061475284155,0.003584602860456682,0.0,-0.0,-0.0
21.2,34.115145388580416,-0.6836938394661879,-8,-0.3714894716519811,0.9317876956744143,-0.3630037054766314,0.0,-0.10001685746349252,-0.03630648986937587,-0.09319447714450405,0.0,-0.009321018736946574,0.0036312610222651014,0.0,-0.0,-0.0
21.25,34.16168922738969,-0.7019603584923281,-8,-0.37649031452515574,0.929960727498199,-0.36765887084500015,0.0,-0.10001685746349252,-0.03677208488049299,-0.09301174952883318,0.0,-0.009302742895055376,0.003677828372127716,0.0,-0.0,-0.0
21.3,34.208141098794634,-0.7204595020729111,-8,-0.38149115739833034,0.928110502513214,-0.37230484166160027,0.0,-0.10001685746349252,-0.03723676028143643,-0.09282669584023455,0.0,-0.009284234406659713,0.003724303745470667,0.0,-0.0,-0.0
21.35,34.25449985544912,-0.7391907680894346,-8,-0.3864920002715051,0.9262370669905841,-0.37694150173824087,0.0,-0.10001685746349252,-0.03770050445142845,-0.09263932070660062,0.0,-0.009265493734626847,0.0037706859800202856,0.0,-0.0,-0.0
21.4,34.300764433839845,-0.7581534536335991,-8,-0.39149284314467964,0.9243404677818916,-0.3815687351195768,0.0,-0.10001685746349252,-0.03816330579297984,-0.09244962881387946,0.0,-0.009246521347630574,0.003816973915832144,0.0,-0.0,-0.0
21.45,34.346933533564375,-0.7773474345223264,-8,-0.39649368601785423,0.9224207523180052,-0.3861864260860099,0.0,-0.10001685746349252,-0.03862515273218004,-0.09225762490595747,0.0,-0.009227317720139508,0.0038631663953200804,0.0,-0.0,-0.0
21.5,34.39300607865868,-0.7967720382219343,-8,-0.4014945288910289,0.9204779686078937,-0.3907944591565822,0.0,-0.10001685746349252,-0.03908603371898653,-0.09206331378454084,0.0,-0.00920788333240521,0.003909262263285139,0.0,-0.0,-0.0
21.55,34.4389809846154,-0.816426622664268,-8,-0.4064953717642034,0.9185121652374248,-0.3953927190918638,0.0,-0.10001685746349252,-0.03954593722751368,-0.09186670030903542,0.0,-0.00918821867045018,0.003955260366944459,0.0,-0.0,-0.0
21.6,34.484856919830214,-0.8363111202282784,-8,-0.41149621463737823,0.9165233913681513,-0.3999810908968355,0.0,-0.10001685746349252,-0.04000485175632104,-0.09166778939642516,0.0,-0.009168324226055707,0.00400115955596011,0.0,-0.0,-0.0
21.65,34.53063288456818,-0.8564246900311007,-8,-0.4164970575105528,0.9145116967360803,-0.4045594598237635,0.0,-0.10001685746349252,-0.04046276582870088,-0.09146658602114925,0.0,-0.009148200496749562,0.004046958682467853,0.0,-0.0,-0.0
21.7,34.57630777126695,-0.8767667500379698,-8,-0.4214979003837274,0.9124771316504305,-0.4091277113750703,0.0,-0.10001685746349252,-0.040919667992965314,-0.09126309521497761,0.0,-0.009127847985793563,0.004092656601105849,0.0,-0.0,-0.0
21.75,34.621880215134894,-0.8973372882071767,-8,-0.42649874325690207,0.910419746992373,-0.4136857313061975,0.0,-0.10001685746349252,-0.041375546822732624,-0.0910573220668851,0.0,-0.00910726720217098,0.00413825216904331,0.0,-0.0,-0.0
21.8,34.667349297466586,-0.9181352974796211,-8,-0.4314995861300767,0.9083395942137598,-0.4182334056284628,0.0,-0.10001685746349252,-0.041830390917213016,-0.09084927172292424,0.0,-0.009086458660573817,0.004183744246009067,0.0,-0.0,-0.0
21.85,34.71271385234983,-0.9391603262770075,-8,-0.43650042900325137,0.9062367253358362,-0.4227706206119106,0.0,-0.10001685746349252,-0.04228418890149374,-0.09063894938609655,0.0,-0.009065422881389933,0.004229131694320092,0.0,-0.0,-0.0
21.9,34.75797257960422,-0.9604122032737586,-8,-0.44150127187642596,0.904111192947941,-0.42729726278815683,0.0,-0.10001685746349252,-0.04273692942682359,-0.09042636031622239,0.0,-0.009044160390690033,0.004274413378909954,0.0,-0.0,-0.0
21.95,34.80312454654444,-0.9818899713472385,-8,-0.44650211474960055,0.9019630502061897,-0.4318132189532258,0.0,-0.10001685746349252,-0.04318860117089667,-0.09021150982980942,0.0,-0.009022671720214506,0.0043195881673571985,0.0,-0.0,-0.0
22.0,34.84816855611574,-1.0035932400812793,-8,-0.4515029576227752,0.8997923508321468,-0.43631837617038177,0.0,-0.10001685746349252,-0.04363919283813559,-0.08999440329991969,0.0,-0.009000957407360129,0.004364654929913671,0.0,-0.0,-0.0
22.05,34.89310338288815,-1.025521669132449,-8,-0.4565038004959498,0.8975991491114813,-0.4408126217729532,0.0,-0.10001685746349252,-0.0440886931599739,-0.0897750461560352,0.0,-0.008979017995166635,0.004409612539532768,0.0,-0.0,-0.0
22.1,34.93792807281939,-1.0476743623567766,-8,-0.4615046433691244,0.8953834998926093,-0.4452958433671502,0.0,-0.10001685746349252,-0.04453709089513796,-0.08955344388392218,0.0,-0.008956854032303122,0.004454459871897624,0.0,-0.0,-0.0
22.15,34.9826413975119,-1.0700509855435483,-8,-0.46650548624229904,0.8931454585853226,-0.4497679288348757,0.0,-0.10001685746349252,-0.04498437482992801,-0.08932960202549386,0.0,-0.008934466073054334,0.004499195805449231,0.0,-0.0,-0.0
22.2,35.02724221105471,-1.0926510315724967,-8,-0.4715063291154737,0.8908850811594025,-0.45422876633652876,0.0,-0.10001685746349252,-0.04543053377849865,-0.08910352617867193,0.0,-0.008911854677306805,0.0045438192214144815,0.0,-0.0,-0.0
22.25,35.07172953601405,-1.1154736644037033,-8,-0.4765071719886483,0.8886024241432207,-0.4586782443138019,0.0,-0.10001685746349252,-0.04587555658313852,-0.08887522199724643,0.0,-0.008889020410534852,0.004588329003834152,0.0,-0.0,-0.0
22.3,35.11610211069901,-1.1385186049853326,-8,-0.48150801486182293,0.886297544622325,-0.46311625149247104,0.0,-0.10001685746349252,-0.04631943211454943,-0.08864469519073448,0.0,-0.008865963843786432,0.004632724039590809,0.0,-0.0,-0.0
22.35,35.16035887343528,-1.1617851817661828,-8,-0.4865088577349975,0.8839705002380125,-0.4675426768851781,0.0,-0.10001685746349252,-0.0467621492721246,-0.08841195152423748,0.0,-0.00884268555366887,0.004677003218436647,0.0,-0.0,-0.0
22.4,35.204498821384654,-1.1852726178885273,-8,-0.4915097006081722,0.8816213491858867,-0.4719574097942067,0.0,-0.10001685746349252,-0.0472036969842263,-0.0881769968182968,0.0,-0.008819186122334425,0.0047211654330212545,0.0,-0.0,-0.0
22.45,35.24852065763708,-1.2089806883670418,-8,-0.49651054348134677,0.879250150214404,-0.47636033981425036,0.0,-0.10001685746349252,-0.04764406420846274,-0.08793983694874843,0.0,-0.008795466137465745,0.004765209578919304,0.0,-0.0,-0.0
22.5,35.29242340941944,-1.2329085596693399,-8,-0.5015113863545214,0.8768569626234026,-0.4807513568351739,0.0,-0.10001685746349252,-0.04808323993196422,-0.08770047784657585,0.0,-0.008771526192261162,0.0048091345546581775,0.0,-0.0,-0.0
22.55,35.336206046498944,-1.2570555131512415,-8,-0.506512229227696,0.874441846262621,-0.48513035104476676,0.0,-0.10001685746349252,-0.04852121317165853,-0.08745892549776181,0.0,-0.008747366885419855,0.004852939261745507,0.0,-0.0,-0.0
22.6,35.37986723484603,-1.2814213767562863,-8,-0.5115130721008706,0.8720048615302004,-0.48949721293148946,0.0,-0.10001685746349252,-0.04895797297454563,-0.08721518594313858,0.0,-0.00872298882112689,0.004896622604696649,0.0,-0.0,-0.0
22.65,35.42340609519829,-1.3060051575234266,-8,-0.5165139149740452,0.8695460693711745,-0.49385183328721227,0.0,-0.10001685746349252,-0.049393508417971584,-0.08696926527823694,0.0,-0.008698392609038093,0.004940183491062082,0.0,-0.0,-0.0
22.7,35.4668215540158,-1.3308062182784481,-8,-0.5215147578472198,0.8670655312759454,-0.4981941032099462,0.0,-0.10001685746349252,-0.04982780860990167,-0.08672116965313366,0.0,-0.008673578864264822,0.004983620831454721,0.0,-0.0,-0.0
22.75,35.51011228011352,-1.3558243658972307,-8,-0.5265156007203945,0.8645633092787457,-0.5025239141065667,0.0,-0.10001685746349252,-0.050260862689192845,-0.08647090527229771,0.0,-0.008648548207358565,0.00502693353957717,0.0,-0.0,-0.0
22.8,35.55327745045425,-1.381058523458373,-8,-0.5315164435935693,0.862039465956087,-0.5068411576955291,0.0,-0.10001685746349252,-0.050692659825865266,-0.08621847839443518,0.0,-0.008623301264295433,0.00507012053224888,0.0,-0.0,-0.0
22.85,35.5963159313562,-1.406508156769432,-8,-0.536517286466744,0.859494064425196,-0.5111457260095764,0.0,-0.10001685746349252,-0.051123189221373204,-0.08596389533233269,0.0,-0.00859783866646051,0.005113180729433241,0.0,-0.0,-0.0
22.9,35.63922647914846,-1.432172909880169,-8,-0.5415181293399186,0.8569271683424343,-0.5154375113984403,0.0,-0.10001685746349252,-0.05155244010887511,-0.08570716245269952,0.0,-0.008572161050632045,0.005156113054264597,0.0,-0.0,-0.0
22.95,35.68200824499623,-1.4580517651953753,-8,-0.546518972213093,0.8543388419017078,-0.5197164065315321,0.0,-0.10001685746349252,-0.051980401753502777,-0.08544828617600839,0.0,-0.00854626905896555,0.005198916433075165,0.0,-0.0,-0.0
23.0,35.72466005986766,-1.4841442422582403,-8,-0.5515198150862676,0.8517291498328605,-0.5239823044006282,0.0,-0.10001685746349252,-0.05240706345262998,-0.08518727297633488,0.0,-0.008520163338977715,0.005241589795421902,0.0,-0.0,-0.0
23.05,35.767180772178776,-1.510449824910504,-8,-0.5565206579594424,0.8490981574000566,-0.528235098322545,0.0,-0.10001685746349252,-0.05283241453613994,-0.08492412938119559,0.0,-0.008493844543530239,0.005284132074113259,0.0,-0.0,-0.0
23.1,35.80956950533835,-1.5369675538488188,-8,-0.561521500832617,0.8464459304001475,-0.5324746819418071,0.0,-0.10001685746349252,-0.05325644436669224,-0.08465886197138486,0.0,-0.008467313330813488,0.005326542205235878,0.0,-0.0,-0.0
23.15,35.85182505310392,-1.5636970011533549,-8,-0.5665223437057917,0.8437725351610267,-0.536700949233308,0.0,-0.10001685746349252,-0.053679142339988904,-0.08439147738081014,0.0,-0.008440570364330042,0.005368819128181197,0.0,-0.0,-0.0
23.2,35.89394636049179,-1.5906374931762794,-8,-0.5715231865789663,0.8410780385399713,-0.5409137945049605,0.0,-0.10001685746349252,-0.05410049788503952,-0.08412198229632618,0.0,-0.008413616312878097,0.005410961785671976,0.0,-0.0,-0.0
23.25,35.93593252122103,-1.617788127826458,-8,-0.5765240294521409,0.8383625079219693,-0.5451131124003401,0.0,-0.10001685746349252,-0.054520500464425595,-0.08385038345756772,0.0,-0.008386451850534743,0.005452969123788733,0.0,-0.0,-0.0
23.3,35.97778229000623,-1.6451485284787666,-8,-0.5815248723253155,0.8356260112180351,-0.5492987979013209,0.0,-0.10001685746349252,-0.05493913957456419,-0.08357668765678103,0.0,-0.008359077656639104,0.005494840091996109,0.0,-0.0,-0.0
23.35,36.01949471291595,-1.672717866813397,-8,-0.5865257151984901,0.8328686168635109,-0.5534707463307001,0.0,-0.10001685746349252,-0.055356404745970464,-0.08330090173865393,0.0,-0.008331494415775348,0.005536573643169129,0.0,-0.0,-0.0
23.4,36.0610688520727,-1.7004952968269964,-8,-0.5915265580716648,0.830090393816355,-0.5576288533548176,0.0,-0.10001685746349252,-0.05577228554351957,-0.08302303260014475,0.0,-0.008303702817755571,0.005578168733619401,0.0,-0.0,-0.0
23.45,36.102503421345,-1.728480491903826,-8,-0.5965274009448394,0.8272914115554176,-0.5617730149861637,0.0,-0.10001685746349252,-0.05618677156670759,-0.08274308719030973,0.0,-0.008275703557602543,0.005619624323121208,0.0,-0.0,-0.0
23.5,36.143797572242285,-1.7566724719676188,-8,-0.601528243818014,0.8244717400787035,-0.5659031275859807,0.0,-0.10001685746349252,-0.056599852449911656,-0.08246107251012934,0.0,-0.008247497335532329,0.005660939374937522,0.0,-0.0,-0.0
23.55,36.18495033341097,-1.7850704459341433,-8,-0.6065290866911885,0.8216314499016206,-0.5700190878668544,0.0,-0.10001685746349252,-0.0570115178626492,-0.08217699561233309,0.0,-0.00821908485693677,0.005702112855845943,0.0,-0.0,-0.0
23.6,36.22596037610036,-1.81367413586928,-8,-0.6115299295643631,0.8187706120552176,-0.5741207928952968,0.0,-0.10001685746349252,-0.05742175750983621,-0.08189086360122323,0.0,-0.008190466832365852,0.00574314373616452,0.0,-0.0,-0.0
23.65,36.2668269615842,-1.8424824129524577,-8,-0.6165307724375378,0.8158892980844066,-0.5782081400943213,0.0,-0.10001685746349252,-0.05783056113204485,-0.08160268363249705,0.0,-0.008161643977509932,0.005784030989777521,0.0,-0.0,-0.0
23.7,36.30754904805683,-1.8714945888460799,-8,-0.6215316153107125,0.8129875800461747,-0.5822810272460066,0.0,-0.10001685746349252,-0.05823791850575985,-0.08131246291306797,0.0,-0.008132617013181841,0.005824773594161076,0.0,-0.0,-0.0
23.75,36.34812536778004,-1.900710285808555,-8,-0.6265324581838871,0.8100655305077815,-0.586339352494054,0.0,-0.10001685746349252,-0.058643819443634296,-0.08102020870088524,0.0,-0.008103386665298857,0.005865370530408764,0.0,-0.0,-0.0
23.8,36.38855519067422,-1.9301283765019932,-8,-0.6315333010570617,0.8071232225449444,-0.5903830143463344,0.0,-0.10001685746349252,-0.05904825379474439,-0.08072592830475246,0.0,-0.008073953664864544,0.005905820783257082,0.0,-0.0,-0.0
23.85,36.42883742284368,-1.9597482422020616,-8,-0.6365341439302363,0.8041607297400112,-0.5944119116774266,0.0,-0.10001685746349252,-0.05945121144484328,-0.08042962908414483,0.0,-0.008044318747950486,0.005946123341110846,0.0,-0.0,-0.0
23.9,36.46897090067328,-1.9895693524633533,-8,-0.6415349868034109,0.8011781261801195,-0.5984259437311458,0.0,-0.10001685746349252,-0.059852682316614,-0.08013131844902505,0.0,-0.008014482655677866,0.0059862771960684825,0.0,-0.0,-0.0
23.95,36.508954862096175,-2.019590636117684,-8,-0.6465358296765856,0.7981754864553449,-0.6024250101230638,0.0,-0.10001685746349252,-0.06025265636992151,-0.07983100385965804,0.0,-0.00798444613419894,0.006026281343947235,0.0,-0.0,-0.0
24.0,36.548788172288894,-2.0498115240860346,-8,-0.6515366725497602,0.7951528856568344,-0.6064090108430193,0.0,-0.10001685746349252,-0.06065112360206376,-0.07952869282642437,0.0,-0.007954209934678368,0.006066134784308279,0.0,-0.0,-0.0
24.05,36.58846977603917,-2.0802313362925777,-8,-0.6565375154229349,0.7921103993749293,-0.6103778462576194,0.0,-0.10001685746349252,-0.06104807404802187,-0.07922439290963244,0.0,-0.007923774813274437,0.006105836520481741,0.0,-0.0,-0.0
24.1,36.627998877451525,-2.1108490565081786,-8,-0.6615383582961094,0.7890481036972746,-0.6143314171127299,0.0,-0.10001685746349252,-0.061443497780709275,-0.07891811171932939,0.0,-0.007893141531120147,0.006145385559591619,0.0,-0.0,-0.0
24.15,36.66737429904753,-2.1416641639148777,-8,-0.666539201169284,0.7859660752069161,-0.6182696245359595,0.0,-0.10001685746349252,-0.061837384911220095,-0.07860985691511077,0.0,-0.007862310854304177,0.006184780912580624,0.0,-0.0,-0.0
24.2,36.7065950982283,-2.1726758319736006,-8,-0.6715400440424586,0.7828643909803851,-0.6221923700391309,0.0,-0.10001685746349252,-0.06222972558907635,-0.07829963620592906,0.0,-0.007831283553851725,0.006224021594234902,0.0,-0.0,-0.0
24.25,36.745660443458334,-2.203883098121138,-8,-0.6765408869156333,0.779743128585771,-0.6260995555207445,0.0,-0.10001685746349252,-0.06262051000247432,-0.07798745734990079,0.0,-0.007800060405705229,0.006263106623208683,0.0,-0.0,-0.0
24.3,36.784569112909644,-2.235285488375808,-8,-0.681541729788808,0.7766023660807817,-0.6299910832684313,0.0,-0.10001685746349252,-0.06300972837852994,-0.07767332815411258,0.0,-0.00776864219070496,0.00630203502204881,0.0,-0.0,-0.0
24.35,36.82332028073609,-2.2668820329948653,-8,-0.6865425726619827,0.7734421820107908,-0.6338668559613971,0.0,-0.10001685746349252,-0.0633973709835232,-0.07735725647442591,0.0,-0.007737029694569491,0.006340805817219197,0.0,-0.0,-0.0
24.4,36.8619130779816,-2.2986718217660362,-8,-0.6915434155351573,0.7702626554068743,-0.637726776672856,0.0,-0.10001685746349252,-0.06378342812314157,-0.0770392502152806,0.0,-0.007705223707876057,0.006379418039125171,0.0,-0.0,-0.0
24.45,36.90034623680742,-2.330654426079294,-8,-0.696544258408332,0.7670638657838328,-0.6415707488724546,0.0,-0.10001685746349252,-0.06416789014272245,-0.07671931732949716,0.0,-0.00767322502604077,0.0064178707221377185,0.0,-0.0,-0.0
24.5,36.938619052186596,-2.3628287363387668,-8,-0.7015451012815065,0.7638458931382045,-0.6453986764286852,0.0,-0.10001685746349252,-0.06455074742749455,-0.07639746581807794,0.0,-0.007641034449298744,0.006456162904617629,0.0,-0.0,-0.0
24.55,36.97673060972186,-2.395193900674733,-8,-0.7065459441546812,0.7606088179462633,-0.6492104636112915,0.0,-0.10001685746349252,-0.06493199040281844,-0.07607370373000695,0.0,-0.007608652782684066,0.0064942936289395575,0.0,-0.0,-0.0
24.6,37.01467961275185,-2.4277495123015753,-8,-0.7115467870278558,0.7573527211620071,-0.6530060150936613,0.0,-0.10001685746349252,-0.06531160953442597,-0.07574803916204867,0.0,-0.007576080836009671,0.006532261941515962,0.0,-0.0,-0.0
24.65,37.05246546224533,-2.460494347253794,-8,-0.7165476299010305,0.7540776842151329,-0.6567852359552111,0.0,-0.10001685746349252,-0.06568959532865866,-0.07542048025854547,0.0,-0.007543319423847094,0.006570066892820957,0.0,-0.0,-0.0
24.7,37.090087154261404,-2.493427658122469,-8,-0.7215484727742051,0.7507837890090006,-0.6605480316837592,0.0,-0.10001685746349252,-0.06606593833270509,-0.07509103521121405,0.0,-0.007510369365506094,0.006607707537414052,0.0,-0.0,-0.0
24.75,37.12754350769754,-2.526548893815687,-8,-0.7265493156473797,0.747471117918584,-0.6642943081778906,0.0,-0.10001685746349252,-0.06644062913483746,-0.07475971225894043,0.0,-0.00747723148501416,0.006645182933963807,0.0,-0.0,-0.0
24.8,37.164833887459935,-2.5598568841148217,-8,-0.7315501585205543,0.7441397537884119,-0.668023971749309,0.0,-0.10001685746349252,-0.0668136583646468,-0.07442651968757401,0.0,-0.007443906611095911,0.006682492145271364,0.0,-0.0,-0.0
24.85,37.20195724518062,-2.5933509281094946,-8,-0.7365510013937289,0.7407897799304956,-0.6717369291251807,0.0,-0.10001685746349252,-0.06718501669327738,-0.07409146582972037,0.0,-0.0074103955771523695,0.006719634238293889,0.0,-0.0,-0.0
24.9,37.23891251933441,-2.627030333809937,-8,-0.7415518442669036,0.737421280122245,-0.6754330874504665,0.0,-0.10001685746349252,-0.06755469483365999,-0.07375455906453277,0.0,-0.007376699221240114,0.006756608284167906,0.0,-0.0,-0.0
24.95,37.27569903702715,-2.6608939833704848,-8,-0.7465526871400782,0.7340343386043746,-0.6791123542902443,0.0,-0.10001685746349252,-0.0679226835407442,-0.07341580781750275,0.0,-0.007342818386050332,0.0067934133582325225,0.0,-0.0,-0.0
25.0,37.31231570385271,-2.694941220861873,-8,-0.7515535300132528,0.7306290400787958,-0.6827746376320208,0.0,-0.10001685746349252,-0.06828897361172959,-0.07307522056024929,0.0,-0.007308753918887732,0.006830048540052561,0.0,-0.0,-0.0
25.05,37.34876158180498,-2.72917121689272,-8,-0.7565543728864274,0.7272054697064991,-0.6864198458880323,0.0,-0.10001685746349252,-0.06865355588629583,-0.07273280581030706,0.0,-0.007274506671649362,0.006866512913441569,0.0,-0.0,-0.0
25.1,37.38503595848501,-2.7635829045765066,-8,-0.7615552157596018,0.7237637131054241,-0.6900478878975352,0.0,-0.10001685746349252,-0.06901642124683185,-0.07238857213091329,0.0,-0.007240077500803303,0.006902805566484738,0.0,-0.0,-0.0
25.15,37.42113769187323,-2.7981756714099437,-8,-0.7665560586327766,0.7203038563483183,-0.6936586729290865,0.0,-0.10001685746349252,-0.06937756061866382,-0.07204252813079375,0.0,-0.007205467267367249,0.006938925591561711,0.0,-0.0,-0.0
25.200000000000003,37.45706597134584,-2.8329485541825226,-8,-0.7715569015059512,0.7168259859605852,-0.6972521106828109,0.0,-0.10001685746349252,-0.069736964970282,-0.07169468246394735,0.0,-0.007170676836886979,0.006974872085369267,0.0,-0.0,-0.0
25.25,37.49282004332888,-2.8679005355138605,-8,-0.7765577443791258,0.71333018891812,-0.7008281112926616,0.0,-0.10001685746349252,-0.07009462531356682,-0.0713450438294298,0.0,-0.007135707079414707,0.007010644148943927,0.0,-0.0,-0.0
25.3,37.52839871665048,-2.9030310447345085,-8,-0.7815585872523004,0.7098165526451337,-0.7043865853286662,0.0,-0.10001685746349252,-0.07045053270401341,-0.07099362097113597,0.0,-0.0071005588694873206,0.007046240887684429,0.0,-0.0,-0.0
25.35,37.56380131185229,-2.938338988482002,-8,-0.7865594301254751,0.706285165011968,-0.707927443799163,0.0,-0.10001685746349252,-0.07080467824095549,-0.0706404226775813,0.0,-0.007065233086104515,0.007081661411374097,0.0,-0.0,-0.0
25.4,37.59902703254999,-2.973823397390594,-8,-0.7915602729986497,0.7027361143328978,-0.7114505981530274,0.0,-0.10001685746349252,-0.07115705306778783,-0.07028545778168203,0.0,-0.007029730612706813,0.00711690483420311,0.0,-0.0,-0.0
25.450000000000003,37.63407463691796,-3.0094837409963056,-8,-0.7965611158718244,0.6991694893639212,-0.714955960281886,0.0,-0.10001685746349252,-0.07150764837218782,-0.06992873516053416,0.0,-0.006994052337153464,0.007151970274790653,0.0,-0.0,-0.0
25.5,37.66894358036454,-3.045318799534958,-8,-0.801561958744999,0.6955853793005413,-0.71844344252232,0.0,-0.10001685746349252,-0.07185645538633575,-0.06957026373519162,0.0,-0.006958199151700244,0.007186856856206954,0.0,-0.0,-0.0
25.55,37.703632991782754,-3.081327679181551,-8,-0.8065628016181736,0.6919838737755352,-0.7219129576580575,0.0,-0.10001685746349252,-0.07220346538713425,-0.0692100524704431,0.0,-0.006922171952977146,0.007221563705995223,0.0,-0.0,-0.0
25.6,37.73814166816787,-3.117509800847597,-8,-0.8115636444913482,0.6883650628567115,-0.725364418922155,0.0,-0.10001685746349252,-0.07254866969642625,-0.06884811037458778,0.0,-0.006885971641965948,0.007256089956193464,0.0,-0.0,-0.0
25.65,37.772469112474596,-3.153863909365015,-8,-0.8165644873645228,0.6847290370446595,-0.7287977399991669,0.0,-0.10001685746349252,-0.07289205968121215,-0.0684844464992102,0.0,-0.006849599123977686,0.007290434743356187,0.0,-0.0,-0.0
25.700000000000003,37.80661437673495,-3.1903891828338793,-8,-0.8215653302376976,0.6810758872704844,-0.7322128350273044,0.0,-0.10001685746349252,-0.07323362675386567,-0.06811906993895374,0.0,-0.006813055308630015,0.007324597208575995,0.0,-0.0,-0.0
25.75,37.8405763880042,-3.2270849108246575,-8,-0.8265661731108721,0.6774057048935346,-0.7356096186005819,0.0,-0.10001685746349252,-0.0735733623723485,-0.06775198983129332,0.0,-0.00677634110982446,0.007358576497505064,0.0,-0.0,-0.0
25.8,37.874354607652315,-3.263949887694811,-8,-0.8315670159840467,0.6737185816991154,-0.7389880057709546,0.0,-0.10001685746349252,-0.07391125804042416,-0.06738321535630676,0.0,-0.006739457445723554,0.007392371760376519,0.0,-0.0,-0.0
25.85,37.90794803853482,-3.3009833330158913,-8,-0.8365678588572213,0.670014609896195,-0.7423479120504413,0.0,-0.10001685746349252,-0.07424730530787027,-0.06701275573644529,0.0,-0.006702405238727889,0.007425982152025673,0.0,-0.0,-0.0
25.9,37.9413557414144,-3.338184408819979,-8,-0.8415687017303959,0.666293882115098,-0.7456892534132378,0.0,-0.10001685746349252,-0.07458149577068995,-0.06664062023630285,0.0,-0.006665185415453038,0.0074594068319111684,0.0,-0.0,-0.0
25.950000000000003,37.974577134489664,-3.3755519574444914,-8,-0.8465695446035707,0.6625564914051882,-0.7490119462978189,0.0,-0.10001685746349252,-0.07491382107132206,-0.06626681816238442,0.0,-0.006627798906706381,0.0074926449641360025,0.0,-0.0,-0.0
26.0,38.00761116999358,-3.4130852382568504,-8,-0.8515703874767452,0.6588025312325435,-0.7523159076090267,0.0,-0.10001685746349252,-0.07524427289885004,-0.06589135886287338,0.0,-0.006590246647463842,0.007525695717468417,0.0,-0.0,-0.0
26.05,38.04045704595833,-3.45078328963293,-8,-0.8565712303499199,0.6550320954776157,-0.7556010547201505,0.0,-0.10001685746349252,-0.07557284298920991,-0.06551425172739751,0.0,-0.006552529576846486,0.0075585582653627074,0.0,-0.0,-0.0
26.1,38.07311413586186,-3.4886450003082388,-8,-0.8615720732230944,0.651245278432885,-0.7588673054749915,0.0,-0.10001685746349252,-0.07589952312539686,-0.06513550618679437,0.0,-0.006514648638097048,0.007591231785979873,0.0,-0.0,-0.0
26.15,38.10558133990789,-3.5266696677365905,-8,-0.8665729160962693,0.6474421748005007,-0.7621145781899188,0.0,-0.10001685746349252,-0.07622430513767084,-0.0647551317128753,0.0,-0.006476604778556333,0.0076237154622081854,0.0,-0.0,-0.0
26.200000000000003,38.13785799687337,-3.5648562105976405,-8,-0.8715737589694439,0.6436228796899139,-0.7653427916559106,0.0,-0.10001685746349252,-0.07654718090376066,-0.06437313781818872,0.0,-0.006438398949639542,0.007656008481683608,0.0,-0.0,-0.0
26.25,38.169943434004225,-3.6032035624076273,-8,-0.8765746018426184,0.6397874886154977,-0.7685518651405865,0.0,-0.10001685746349252,-0.07686814234906737,-0.06398953405578207,0.0,-0.006400032106812457,0.007688110036810125,0.0,-0.0,-0.0
26.3,38.20183649810842,-3.641711056964183,-8,-0.8815754447157931,0.6359360974941591,-0.7717417183902263,0.0,-0.10001685746349252,-0.07718718144686605,-0.063604330018963,0.0,-0.006361505209567561,0.007720019324779937,0.0,-0.0,-0.0
26.35,38.233536672094516,-3.6803774972868446,-8,-0.8865762875889676,0.6320688026429406,-0.774912271631776,0.0,-0.10001685746349252,-0.07750429021850654,-0.06321753534105938,0.0,-0.0063228192214000375,0.007751735547593527,0.0,-0.0,-0.0
26.4,38.26504323550378,-3.719201860020474,-8,-0.8915771304621424,0.6281857007766108,-0.7780634455748441,0.0,-0.10001685746349252,-0.07781946073361305,-0.06282915969517845,0.0,-0.006283975109783673,0.007783257912079631,0.0,-0.0,-0.0
26.450000000000003,38.29635498042264,-3.7581835135317134,-8,-0.896577973335317,0.6242868890052469,-0.7811951614136832,0.0,-0.10001685746349252,-0.07813268511028239,-0.06243921279396495,0.0,-0.006244973846146672,0.007814585629915058,0.0,-0.0,-0.0
26.5,38.32747153718834,-3.797321149290385,-8,-0.9015788162084916,0.6203724648318044,-0.7843073408291622,0.0,-0.10001685746349252,-0.07844395551528116,-0.06204770438935811,0.0,-0.00620581640584735,0.007845717917644424,0.0,-0.0,-0.0
26.55,38.35839207768572,-3.836613831195318,-8,-0.9065796590816662,0.6164425261496801,-0.7873999059907241,0.0,-0.10001685746349252,-0.07875326416424167,-0.06165464427234782,0.0,-0.006166503768149747,0.007876653996699732,0.0,-0.0,-0.0
26.6,38.38911551355077,-3.8760608229418327,-8,-0.9115805019548407,0.6124971712402634,-0.7904727795583321,0.0,-0.10001685746349252,-0.07906060332185644,-0.06126004227272979,0.0,-0.006127036916199142,0.00790739309341984,0.0,-0.0,-0.0
26.65,38.41964145019973,-3.9156608460670785,-8,-0.9165813448280155,0.6085364987704786,-0.7935258846844049,0.0,-0.10001685746349252,-0.07936596530207193,-0.06086390825885975,0.0,-0.006087416836997461,0.007937934439069821,0.0,-0.0,-0.0
26.700000000000003,38.44996900071528,-3.9554130076670653,-8,-0.92158218770119,0.6045606077903172,-0.7965591450157372,0.0,-0.10001685746349252,-0.07966934246828046,-0.06046625213740656,0.0,-0.006047644521378593,0.007968277269860179,0.0,-0.0,-0.0
26.75,38.48009721985372,-3.995316454507828,-8,-0.9265830305743646,0.6005695977303611,-0.7995724846954103,0.0,-0.10001685746349252,-0.07997072723351141,-0.06006708385310457,0.0,-0.006007720963983614,0.007998420826965951,0.0,-0.0,-0.0
26.8,38.51002566641027,-4.035369952868647,-8,-0.9315838734475392,0.5965635683992959,-0.8025658283646885,0.0,-0.10001685746349252,-0.08027011206062085,-0.059666413388504855,0.0,-0.005967647163235912,0.008028364356545688,0.0,-0.0,-0.0
26.85,38.53975340010487,-4.075572645809831,-8,-0.936584716320714,0.5925426199814143,-0.8055391011649039,0.0,-0.10001685746349252,-0.08056748946248007,-0.05926425076372553,0.0,-0.005927424121316215,0.008058107109760307,0.0,-0.0,-0.0
26.9,38.56927962205197,-4.115923567324839,-8,-0.9415855591938884,0.5885068530341122,-0.808492228739328,0.0,-0.10001685746349252,-0.08086285200216277,-0.05886060603620134,0.0,-0.005887052844137538,0.008087648342791805,0.0,-0.0,-0.0
26.950000000000003,38.59860384300724,-4.156421526734363,-8,-0.9465864020670631,0.5844563684853715,-0.8114251372350326,0.0,-0.10001685746349252,-0.08115619229313112,-0.058455489300431866,0.0,-0.0058465343413200066,0.008116987316861887,0.0,-0.0,-0.0
27.0,38.62772506806221,-4.197065701247039,-8,-0.9515872449402378,0.5803912676312385,-0.8143377533047355,0.0,-0.10001685746349252,-0.08144750299942047,-0.05804891068772932,0.0,-0.0058058696261656315,0.008146123298250417,0.0,-0.0,-0.0
27.05,38.65664264783438,-4.237855016310915,-8,-0.9565880878134124,0.5763116521332892,-0.8172300041086344,0.0,-0.10001685746349252,-0.0817367768358227,-0.05764088036596507,0.0,-0.005765059715632953,0.008175055558313778,0.0,-0.0,-0.0
27.1,38.68535604366211,-4.278788322555062,-8,-0.9615889306865872,0.5722176240160871,-0.8201018173162306,0.0,-0.10001685746349252,-0.08202400656806862,-0.05723140853931534,0.0,-0.005724105630311611,0.008203783373503094,0.0,-0.0,-0.0
27.15,38.71386420478555,-4.3198648294907995,-8,-0.9665897735597616,0.5681092856646327,-0.822953121108135,0.0,-0.10001685746349252,-0.08230918501300864,-0.056820505448006126,0.0,-0.005683008394396829,0.008232306025382321,0.0,-0.0,-0.0
27.200000000000003,38.74216663437583,-4.361083358316504,-8,-0.9715906164329364,0.5639867398218008,-0.8257838441778674,0.0,-0.10001685746349252,-0.08259230503879268,-0.05640818136805689,0.0,-0.005641769035663781,0.008260622800646223,0.0,-0.0,-0.0
27.25,38.77026274301764,-4.4024427992051445,-8,-0.9765914593061109,0.5598500895857742,-0.8285939157336365,0.0,-0.10001685746349252,-0.08287335956504825,-0.0559944466110239,0.0,-0.005600388585441919,0.008288732991138196,0.0,-0.0,-0.0
27.3,38.79815142292003,-4.4439423920962815,-8,-0.9815923021792857,0.5556994384074622,-0.8313832655001129,0.0,-0.10001685746349252,-0.08315234156305774,-0.05557931152374199,0.0,-0.00555886807858915,0.008316635893867993,0.0,-0.0,-0.0
27.35,38.8258323327627,-4.485580858301047,-8,-0.9865931450524603,0.551534890087916,-0.8341518237201848,0.0,-0.10001685746349252,-0.08342924405593406,-0.055162786488066114,0.0,-0.00551720855346598,0.00834433081102929,0.0,-0.0,-0.0
27.4,38.853304811283905,-4.527357138689823,-8,-0.9915939879256347,0.5473565487757316,-0.8368995211567039,0.0,-0.10001685746349252,-0.08370406011879519,-0.05474488192061154,0.0,-0.0054754110519095334,0.008371817050017149,0.0,-0.0,-0.0
27.450000000000003,38.8805677519211,-4.569270462882269,-8,-0.9965948307988095,0.5431645189644443,-0.8396262890942159,0.0,-0.10001685746349252,-0.08397678287893735,-0.0543256082724933,0.0,-0.005433476619207494,0.008399093923445337,0.0,-0.0,-0.0
27.5,38.9076209123252,-4.611319495575263,-8,-1.001595673671984,0.5389589054899182,-0.8423320593406791,0.0,-0.10001685746349252,-0.08424740551600683,-0.053904976029065084,0.0,-0.005391406304071984,0.00842616074916351,0.0,-0.0,-0.0
27.55,38.93446352741241,-4.653503244691491,-8,-1.0065965165451587,0.5347398135277214,-0.8450167642291706,0.0,-0.10001685746349252,-0.08451592126217063,-0.05348299570965668,0.0,-0.005349201158613315,0.008453016850274277,0.0,-0.0,-0.0
27.6,38.96109464232424,-4.695820834216461,-8,-1.0115973594183334,0.5305073485904979,-0.8476803366195773,0.0,-0.10001685746349252,-0.08478232340228563,-0.05305967786731117,0.0,-0.00530686223831369,0.008479661555150128,0.0,-0.0,-0.0
27.65,38.98751396487556,-4.738270970107735,-8,-1.016598202291508,0.5262616165253278,-0.850322709900276,0.0,-0.10001685746349252,-0.08504660527406661,-0.05263503308852087,0.0,-0.005264390602000805,0.008506094197450232,0.0,-0.0,-0.0
27.700000000000003,39.01372067416141,-4.780852692238395,-8,-1.0215990451646826,0.5220027235110807,-0.8529438179897983,0.0,-0.10001685746349252,-0.08530876026825276,-0.05220907199296265,0.0,-0.005221787311821366,0.008532314116137092,0.0,-0.0,-0.0
27.75,39.03971396991989,-4.823565023364131,-8,-1.026599888037857,0.5177307760557601,-0.8555435953384845,0.0,-0.10001685746349252,-0.08556878182877313,-0.05178180523323233,0.0,-0.00517905343321453,0.008558320655493092,0.0,-0.0,-0.0
27.8,39.06549350885116,-4.866406708894335,-8,-1.031600730911032,0.5134458809938394,-0.8581219769301216,0.0,-0.10001685746349252,-0.08582666345291039,-0.05135324349457818,0.0,-0.005136190034885251,0.008584113165136882,0.0,-0.0,-0.0
27.85,39.091058413112435,-4.909376818741596,-8,-1.0366015737842065,0.5091481454835918,-0.8606788982835697,0.0,-0.10001685746349252,-0.08608239869146357,-0.050923397494633954,0.0,-0.005093198188777576,0.008609691000039648,0.0,-0.0,-0.0
27.9,39.116408039832535,-4.952474278898694,-8,-1.0416024166573812,0.5048376770044081,-0.8632142954543749,0.0,-0.10001685746349252,-0.08633598114890934,-0.050492277983150556,0.0,-0.0050500789700478116,0.008635053520541242,0.0,-0.0,-0.0
27.950000000000003,39.14154199336155,-4.995697872389127,-8,-1.0466032595305557,0.5005145833541108,-0.8657281050363681,0.0,-0.10001685746349252,-0.0865874044835619,-0.05005989574172745,0.0,-0.005006833457037651,0.008660200092366186,0.0,-0.0,-0.0
28.0,39.166459337847144,-5.039046697228007,-8,-1.0516041024037304,0.49617897264625677,-0.8682202641632509,0.0,-0.10001685746349252,-0.08683666240773169,-0.049626261583542816,0.0,-0.004963462731247197,0.008685130086639521,0.0,-0.0,-0.0
28.05,39.19115959050336,-5.0825195871727376,-8,-1.056604945276905,0.4918309533074347,-0.8706907105101673,0.0,-0.10001685746349252,-0.08708374868788243,-0.049191386353083344,0.0,-0.0049199678773079285,0.008709842879902542,0.0,-0.0,-0.0
28.1,39.21564230213868,-5.126115360995229,-8,-1.0616057881500796,0.48747063407455293,-0.8731393822952629,0.0,-0.10001685746349252,-0.08732865714478721,-0.04875528092587288,0.0,-0.0048763499829555645,0.008734337854128391,0.0,-0.0,-0.0
28.15,39.239906477864984,-5.169833142850951,-8,-1.0666066310232543,0.4830981239921198,-0.8755662182812299,0.0,-0.10001685746349252,-0.08757138165368296,-0.04831795620820049,0.0,-0.0048326101390028615,0.008758614396737512,0.0,-0.0,-0.0
28.200000000000003,39.26395179757526,-5.213671678848092,-8,-1.0716074738964287,0.47871353240951775,-0.8779711577768381,0.0,-0.10001685746349252,-0.08781191614442352,-0.047879423136847746,0.0,-0.004788749439312347,0.008782671900612965,0.0,-0.0,-0.0
28.25,39.28777775738921,-5.25762982161422,-8,-1.0766083167696034,0.4743169689782669,-0.8803541406384534,0.0,-0.10001685746349252,-0.08805025460163164,-0.04743969267881513,0.0,-0.0047447689807689425,0.008806509764115619,0.0,-0.0,-0.0
28.3,39.31138330240268,-5.301706719458743,-8,-1.0816091596427782,0.46990854364928486,-0.882715107271541,0.0,-0.10001685746349252,-0.08828639106484923,-0.046998775831047876,0.0,-0.004700669863252553,0.008830127391099186,0.0,-0.0,-0.0
28.35,39.334768277679444,-5.345901035483437,-8,-1.0866100025159529,0.46548836667013554,-0.8850539986321566,0.0,-0.10001685746349252,-0.08852031962868652,-0.04655668362016089,0.0,-0.004656453189610549,0.008853524190925138,0.0,-0.0,-0.0
28.4,39.357932073868014,-5.390211680064294,-8,-1.0916108453891273,0.4610565485822729,-0.8873707562284223,0.0,-0.10001685746349252,-0.08875203444296968,-0.046113427102163006,0.0,-0.0046121200656301905,0.008876699578477478,0.0,-0.0,-0.0
28.450000000000003,39.38087372415484,-5.434637746219865,-8,-1.096611688262302,0.45661320021827556,-0.8896653221219905,0.0,-0.10001685746349252,-0.08898152971288728,-0.04566901736218044,0.0,-0.004567671600010967,0.008899652974177372,0.0,-0.0,-0.0
28.5,39.40359309212283,-5.479177896177963,-8,-1.1016125311354765,0.45215843269907635,-0.8919376389294909,0.0,-0.10001685746349252,-0.08920879969913495,-0.045223465514179696,0.0,-0.00452310890433688,0.008922383803997635,0.0,-0.0,-0.0
28.55,39.426089486661375,-5.523831080897276,-8,-1.1066133740086512,0.44769235743118185,-0.8941876498239678,0.0,-0.10001685746349252,-0.08943383871805916,-0.044776782700689466,0.0,-0.004478433093048636,0.008944891499477102,0.0,-0.0,-0.0
28.6,39.44836210289464,-5.568596304303152,-8,-1.111614216881826,0.44321508610388777,-0.8964152985362998,0.0,-0.10001685746349252,-0.08965664114179919,-0.044328980092522105,0.0,-0.004433645283415781,0.00896717549773483,0.0,-0.0,-0.0
28.65,39.470410750475395,-5.6134722642696335,-8,-1.1166150597550004,0.438726730686485,-0.898620529356607,0.0,-0.10001685746349252,-0.08987720139842796,-0.04388006888849424,0.0,-0.004388746595508762,0.00898923524148418,0.0,-0.0,-0.0
28.700000000000003,39.492234679346126,-5.658457937535836,-8,-1.1216159026281751,0.434227403425459,-0.9008032871356452,0.0,-0.10001685746349252,-0.09009551397209135,-0.043430060315146596,0.0,-0.004343738152170901,0.00901107017904676,0.0,-0.0,-0.0
28.75,39.51383324899398,-5.703552243611617,-8,-1.1266167455013496,0.429717216841684,-0.9029635172861842,0.0,-0.10001685746349252,-0.09031157340314615,-0.04297896562646342,0.0,-0.004298621078990337,0.009032679764366211,0.0,-0.0,-0.0
28.8,39.53520621405649,-5.748753914086469,-8,-1.1316175883745243,0.4251962837276076,-0.9051011657843734,0.0,-0.10001685746349252,-0.09052537428829659,-0.04252679610359086,0.0,-0.004253396504271856,0.009054063457021871,0.0,-0.0,-0.0
28.85,39.55635276461552,-5.794061949463907,-8,-1.136618431247699,0.420664717144431,-0.9072161791710925,0.0,-0.10001685746349252,-0.09073691128072946,-0.04207356305455495,0.0,-0.004208065559008688,0.009075220722242285,0.0,-0.0,-0.0
28.9,39.5772724268422,-5.839475189568274,-8,-1.1416192741208735,0.41612263041928144,-0.9093085045532886,0.0,-0.10001685746349252,-0.09094617909024781,-0.041619277813978846,0.0,-0.00416262937685422,0.00909615103091858,0.0,-0.0,-0.0
28.950000000000003,39.59796489931964,-5.884992397749404,-8,-1.1466201169940482,0.4115701371423772,-0.9113780896052992,0.0,-0.10001685746349252,-0.09115317248340332,-0.041163951742799215,0.0,-0.004117089094093634,0.0091168538596177,0.0,-0.0,-0.0
29.0,39.61842931140283,-5.930612596237818,-8,-1.1516209598672227,0.4070073511641884,-0.9134248825701603,0.0,-0.10001685746349252,-0.09135788628362712,-0.04070759622798228,0.0,-0.00407144584961551,0.009137328690595492,0.0,-0.0,-0.0
29.05,39.63866535816257,-5.9763345499524965,-8,-1.1566218027403976,0.4024343865925877,-0.9154488322609012,0.0,-0.10001685746349252,-0.09156031537135924,-0.040250222682238886,0.0,-0.004025700784883321,0.00915757501180966,0.0,-0.0,-0.0
29.1,39.65867268113487,-6.022157052025143,-8,-1.1616226456135723,0.3978513577899992,-0.9174498880618244,0.0,-0.10001685746349252,-0.09176045468417666,-0.03979184254373932,0.0,-0.003979855043906913,0.009177592316932562,0.0,-0.0,-0.0
29.15,39.67845034812933,-6.068079144355495,-8,-1.1666234884867468,0.3932583793705365,-0.9194279999297711,0.0,-0.10001685746349252,-0.09195829921691993,-0.03933246727582702,0.0,-0.003933909773213875,0.009197380105363877,0.0,-0.0,-0.0
29.200000000000003,39.6979982252259,-6.114099521785368,-8,-1.1716243313599215,0.3886555661971366,-0.9213831183953737,0.0,-0.10001685746349252,-0.09215384402181835,-0.038872108366731994,0.0,-0.003887866121820869,0.009216937882243129,0.0,-0.0,-0.0
29.25,39.71731589105145,-6.160217007272368,-8,-1.176625174233096,0.38404303337868845,-0.9233151945642916,0.0,-0.10001685746349252,-0.09234708420861362,-0.03841077732928359,0.0,-0.0038417252412049066,0.00923626515846205,0.0,-0.0,-0.0
29.3,39.736402365848804,-6.206430654173584,-8,-1.1816260171062707,0.3794208962671528,-0.9252241801184351,0.0,-0.10001685746349252,-0.09253801494468225,-0.037948485700622404,0.0,-0.0037954882852745354,0.009255361450676828,0.0,-0.0,-0.0
29.35,39.7552576739605,-6.25273909826247,-8,-1.1866268599794454,0.3747892704546788,-0.9271100273171732,0.0,-0.10001685746349252,-0.09272663145515637,-0.03748524504191196,0.0,-0.0037491564103409986,0.009274226281320177,0.0,-0.0,-0.0
29.4,39.77388126291281,-6.299141216853002,-8,-1.1916277028526199,0.3701482717707126,-0.9289726889985274,0.0,-0.10001685746349252,-0.09291292902304309,-0.037021066938049456,0.0,-0.003702730775089308,0.009292859178613298,0.0,-0.0,-0.0
29.450000000000003,39.79227232128805,-6.34563598687101,-8,-1.1966285457257946,0.3654980162791,-0.9308121185803517,0.0,-0.10001685746349252,-0.09309690298934253,-0.03655596299737601,0.0,-0.003656212540549264,0.009311259676577664,0.0,-0.0,-0.0
29.5,39.8104308169577,-6.392222075732521,-8,-1.2016293885989693,0.36083862027518515,-0.9326282700614971,0.0,-0.10001685746349252,-0.09327854875316437,-0.036089944851386495,0.0,-0.0036096028700664294,0.00932942731504668,0.0,-0.0,-0.0
29.55,39.82835613680172,-6.438898382143704,-8,-1.2066302314721438,0.35617020028290175,-0.9344210980229618,0.0,-0.10001685746349252,-0.09345786177184275,-0.03562302415443857,0.0,-0.0035629029292730337,0.009347361639677183,0.0,-0.0,-0.0
29.6,39.84604763978246,-6.48566381145734,-8,-1.2116310743453187,0.3514928730518577,-0.9361905576290281,0.0,-0.10001685746349252,-0.0936348375610501,-0.035155212583461125,0.0,-0.0035161138860588105,0.009365062201960823,0.0,-0.0,-0.0
29.65,39.86350523637247,-6.5325170607203615,-8,-1.216631917218493,0.3468067555544185,-0.937936604628382,0.0,-0.10001685746349252,-0.09380947169490902,-0.03468652183766257,0.0,-0.003469236910541818,0.009382528559235253,0.0,-0.0,-0.0
29.700000000000003,39.88072825205547,-6.579457047948893,-8,-1.2216327600916677,0.34211196498277746,-0.9396591953552218,0.0,-0.10001685746349252,-0.0939817598061033,-0.0342169636382378,0.0,-0.003422273175039137,0.009399760274695225,0.0,-0.0,-0.0
29.75,39.89771621810621,-6.626482611824402,-8,-1.2266336029648424,0.3374086187460292,-0.9413582867303484,0.0,-0.10001685746349252,-0.09415169758598678,-0.03374654972807549,0.0,-0.003375223854037589,0.009416756917403494,0.0,-0.0,-0.0
29.8,39.91446898671825,-6.673592476992611,-8,-1.2316344458380168,0.3326968344672312,-0.9430338362622435,0.0,-0.10001685746349252,-0.09431928078469135,-0.033275291871464226,0.0,-0.0033280901241643495,0.009433518062301605,0.0,-0.0,-0.0
29.85,39.9309858212781,-6.720785578679907,-8,-1.2366352887111918,0.327976729980462,-0.9446858020481324,0.0,-0.10001685746349252,-0.09448450521123317,-0.032803201853798244,0.0,-0.003280873164157513,0.009450043290220525,0.0,-0.0,-0.0
29.9,39.947266427196276,-6.768060693839577,-8,-1.241636131584366,0.32324842332787673,-0.946314142775031,0.0,-0.10001685746349252,-0.09464736673361739,-0.03233029148128294,0.0,-0.0032335741548366425,0.009466332187891115,0.0,-0.0,-0.0
29.950000000000003,39.96331059755549,-6.815416572664501,-8,-1.246636974457541,0.3185120327567509,-0.9479188177207806,0.0,-0.10001685746349252,-0.09480786127894165,-0.03185657258063922,0.0,-0.0031861942790731967,0.009482384347954481,0.0,-0.0,-0.0
30.0,39.9791175329934,-6.8628521654752115,-8,-1.2516378173307152,0.3137676767165284,-0.9494997867550641,0.0,-0.10001685746349252,-0.09496598483349779,-0.03138205699880822,0.0,-0.003138734721761,0.009498199368972142,0.0,-0.0,-0.0
30.05,39.99468711476983,-6.910366192479148,-8,-1.25663866020389,0.3090154738558541,-0.9510570103404117,0.0,-0.10001685746349252,-0.0951217334428723,-0.03090675660265456,0.0,-0.003091196669786558,0.009513776855436088,0.0,-0.0,-0.0
30.1,40.01001907607335,-6.957957427346217,-8,-1.2616395030770646,0.3042555430196107,-0.9525904495331883,0.0,-0.10001685746349252,-0.09527510321204516,-0.030430683278669924,0.0,-0.003043581311999415,0.00952911641777866,0.0,-0.0,-0.0
30.15,40.025112554190784,-7.005624833359559,-8,-1.266640345950239,0.29948800324594493,-0.954100065984568,0.0,-0.10001685746349252,-0.09542609030548735,-0.02995384893267566,0.0,-0.002995889839182409,0.009544217672382295,0.0,-0.0,-0.0
30.200000000000003,40.03996760783423,-7.05336707900011,-8,-1.271641188823414,0.29471297376328953,-0.9555858219414929,0.0,-0.10001685746349252,-0.09557469094725664,-0.02947626548952494,0.0,-0.00294812344402188,0.009559080241589118,0.0,-0.0,-0.0
30.25,40.054583873527825,-7.101182970243626,-8,-1.2766420316965883,0.28993057398738475,-0.9570476802476173,0.0,-0.10001685746349252,-0.09572090142109212,-0.028997944892804835,0.0,-0.002900283321077872,0.009573703753710389,0.0,-0.0,-0.0
30.3,40.06896053276341,-7.149071448440558,-8,-1.2816428745697632,0.28514092351828735,-0.9584856043442375,0.0,-0.10001685746349252,-0.09586471807050709,-0.028518899104537167,0.0,-0.0028523706667542186,0.009588087843035805,0.0,-0.0,-0.0
30.35,40.08309771508915,-7.197031168148839,-8,-1.2866437174429377,0.28034414213738457,-0.9598995582712047,0.0,-0.10001685746349252,-0.09600613729888051,-0.02803914010487988,0.0,-0.002804386679268668,0.009602232149842627,0.0,-0.0,-0.0
30.4,40.09699495181433,-7.245060966034916,-8,-1.2916445603161122,0.2755403498043947,-0.9612895066678258,0.0,-0.10001685746349252,-0.09614515556954698,-0.027558679891827014,0.0,-0.00275633255862288,0.009616136320404695,0.0,-0.0,-0.0
30.450000000000003,40.110651599838135,-7.293159725140987,-8,-1.2966454031892871,0.2707296666543686,-0.9626554147737468,0.0,-0.10001685746349252,-0.0962817694058851,-0.02707753048090883,0.0,-0.0027082095065724325,0.009629800007001267,0.0,-0.0,-0.0
30.5,40.124067729220386,-7.341326125404975,-8,-1.3016462460624614,0.2659122129946867,-0.9639972484298223,0.0,-0.10001685746349252,-0.09641597539140452,-0.026595703904891445,0.0,-0.0026600187265967794,0.00964322286792571,0.0,-0.0,-0.0
30.55,40.13724280866067,-7.389559018254512,-8,-1.3066470889356363,0.26108810930204657,-0.96531497407897,0.0,-0.10001685746349252,-0.09654777016983132,-0.026113212213475546,0.0,-0.0026117614238691162,0.009656404567494056,0.0,-0.0,-0.0
30.6,40.15017637199671,-7.437857233465288,-8,-1.3116479318088108,0.2562574762194547,-0.9666085587670097,0.0,-0.10001685746349252,-0.09667715044519194,-0.025630067472995528,0.0,-0.0025634388052262896,0.009669344776053386,0.0,-0.0,-0.0
30.65,40.162868429084654,-7.486219474258913,-8,-1.3166487746819855,0.2514204345532053,-0.9678779701434873,0.0,-0.10001685746349252,-0.09680411298189565,-0.025146281766117284,0.0,-0.0025150520791385736,0.009682043169990084,0.0,-0.0,-0.0
30.700000000000003,40.17531838548316,-7.534644604675574,-8,-1.3216496175551604,0.24657710526986149,-0.9691231764624844,0.0,-0.10001685746349252,-0.09692865460481541,-0.024661867191536326,0.0,-0.0024666024556794716,0.009694499431737922,0.0,-0.0,-0.0
30.75,40.18752595338765,-7.583131406298514,-8,-1.326650460428335,0.2417276094932301,-0.9703441465834112,0.0,-0.10001685746349252,-0.09705077219936734,-0.024176835863675177,0.0,-0.0024180911464954545,0.009706713249786005,0.0,-0.0,-0.0
30.8,40.19949108178491,-7.631678603521225,-8,-1.3316513033015096,0.23687206850133072,-0.9715408499717862,0.0,-0.10001685746349252,-0.09717046271158852,-0.02369119991238023,0.0,-0.0023695193647756403,0.009718684318686565,0.0,-0.0,-0.0
30.85,40.21121311261197,-7.680285070835475,-8,-1.336652146174684,0.23201060372336502,-0.9727132566999998,0.0,-0.10001685746349252,-0.09728772314821349,-0.023204971482618648,0.0,-0.002320888325221478,0.009730412339062591,0.0,-0.0,-0.0
30.9,40.22269193772843,-7.728949546736177,-8,-1.3416529890478588,0.22714333673667805,-0.973861337448062,0.0,-0.10001685746349252,-0.09740255057674901,-0.022718162734174412,0.0,-0.00227219924401635,0.009741897017615329,0.0,-0.0,-0.0
30.950000000000003,40.23392744463596,-7.777670774662436,-8,-1.3466538319210335,0.22227038926371942,-0.9749850635043362,0.0,-0.10001685746349252,-0.0975149421255474,-0.022230785841344424,0.0,-0.002223453338795173,0.009753138067131597,0.0,-0.0,-0.0
31.0,40.24491891121995,-7.826447637385295,-8,-1.351654674794208,0.21739188316899838,-0.9760844067662574,0.0,-0.10001685746349252,-0.09762489498387843,-0.02174285299263393,0.0,-0.0021746518286139397,0.009764135206490995,0.0,-0.0,-0.0
31.05,40.25566641019749,-7.875278835443291,-8,-1.3566555176673827,0.21250794045603572,-0.9771593397410342,0.0,-0.10001685746349252,-0.09773240640199948,-0.02125437639045168,0.0,-0.0021257959339192264,0.009774888160672906,0.0,-0.0,-0.0
31.1,40.266169767019534,-7.924163129181425,-8,-1.3616563605405574,0.20761868326431385,-0.9782098355463374,0.0,-0.10001685746349252,-0.09783747369122449,-0.02076536825080488,0.0,-0.002076886876517685,0.0097853966607634,0.0,-0.0,-0.0
31.15,40.27642819514088,-7.973099407467415,-8,-1.3666572034137319,0.20272423386622163,-0.9792358679109714,0.0,-0.10001685746349252,-0.09794009422399101,-0.020275840802993612,0.0,-0.002027925879545478,0.009795660443961938,0.0,-0.0,-0.0
31.200000000000003,40.286441949215565,-8.02208633804097,-8,-1.3716580462869064,0.19782471466399623,-0.9802374111755318,0.0,-0.10001685746349252,-0.09804026543392608,-0.01978580628930499,0.0,-0.0019789141674376913,0.009805679253587957,0.0,-0.0,-0.0
31.25,40.296210723461535,-8.071122709500491,-8,-1.376658889160081,0.19292024818666234,-0.9812144402930465,0.0,-0.10001685746349252,-0.09813798481591023,-0.01929527696470701,0.0,-0.0019298529658977118,0.009815452839087288,0.0,-0.0,-0.0
31.3,40.305733872576894,-8.12020737411957,-8,-1.3816597320332558,0.1880109570869684,-0.9821669308296029,0.0,-0.10001685746349252,-0.09823324992614031,-0.01880426509654213,0.0,-0.0018807435018665818,0.009824980956038414,0.0,-0.0,-0.0
31.35,40.315011628116125,-8.169339012518915,-8,-1.3866605749064305,0.1830969641383186,-0.9830948589649583,0.0,-0.10001685746349252,-0.09832605838219052,-0.018312782964220415,0.0,-0.0018315870034923073,0.009834263366158594,0.0,-0.0,-0.0
31.4,40.324043608077396,-8.218516426138098,-8,-1.391661417779605,0.17817839223170306,-0.9839982014931355,0.0,-0.10001685746349252,-0.09841640786307193,-0.01782084285891251,0.0,-0.001782384700099151,0.009843299837309812,0.0,-0.0,-0.0
31.450000000000003,40.33282934769461,-8.267738427703678,-8,-1.3966622606527797,0.1732553643726234,-0.984876935823004,0.0,-0.10001685746349252,-0.09850429610929066,-0.017328457083242134,0.0,-0.001733137822156876,0.009852090143504586,0.0,-0.0,-0.0
31.5,40.34136901670427,-8.317003716672138,-8,-1.4016631035259541,0.16832800367801837,-0.9857310399788438,0.0,-0.10001685746349252,-0.09858972092290427,-0.01683563795097861,0.0,-0.001683847601249993,0.009860634064911623,0.0,-0.0,-0.0
31.55,40.3496621692508,-8.36631110243964,-8,-1.4066639463991288,0.16339643337318296,-0.9865604926008962,0.0,-0.10001685746349252,-0.0986726801675768,-0.016342397786728694,0.0,-0.0016345152700469395,0.009868931387861315,0.0,-0.0,-0.0
31.6,40.357708522109625,-8.415659363357783,-8,-1.4116647892723035,0.15846077678868842,-0.9873652729458969,0.0,-0.10001685746349252,-0.09875317176863216,-0.015848748925628552,0.0,-0.0015851420622692714,0.009876981904851078,0.0,-0.0,-0.0
31.65,40.36550818270403,-8.46504721556023,-8,-1.416665632145478,0.15352115735729716,-0.9881453608875953,0.0,-0.10001685746349252,-0.098831193713106,-0.015354703713035196,0.0,-0.0015357292126608006,0.009884785414550542,0.0,-0.0,-0.0
31.700000000000003,40.373060641017865,-8.514473474207621,-8,-1.4216664750186527,0.1485776986108753,-0.988900736917258,0.0,-0.10001685746349252,-0.09890674404979612,-0.014860274504217666,0.0,-0.0014862779569567105,0.009892341721806596,0.0,-0.0,-0.0
31.75,40.38036579625911,-8.56393688846941,-8,-1.4266673178918272,0.1436305241773049,-0.989631382144156,0.0,-0.10001685746349252,-0.09897982088931115,-0.014365473664048221,0.0,-0.0014367895318526667,0.009899650637648253,0.0,-0.0,-0.0
31.8,40.3874236930935,-8.61343618898751,-8,-1.431668160765002,0.13867975777739044,-0.990337278296038,0.0,-0.10001685746349252,-0.09905042240411796,-0.013870313566692929,0.0,-0.0013872651749738734,0.009906711979291393,0.0,-0.0,-0.0
31.85,40.39423375708904,-8.662970194487736,-8,-1.4366690036381766,0.1337255232217663,-0.9910184077195866,0.0,-0.10001685746349252,-0.09911854682858721,-0.01337480659530236,0.0,-0.001337706124844136,0.009913525570143317,0.0,-0.0,-0.0
31.9,40.400796070662075,-8.712537630168708,-8,-1.4416698465113513,0.12876794440779965,-0.9916747533808602,0.0,-0.10001685746349252,-0.09918419245903759,-0.012878965141701827,0.0,-0.0012881136208548805,0.009920091239807173,0.0,-0.0,-0.0
31.950000000000003,40.40711061532767,-8.762137239002314,-8,-1.4466706893845258,0.12380714531649224,-0.9923062988657186,0.0,-0.10001685746349252,-0.09924735765377839,-0.01238280160608151,0.0,-0.001238488903234161,0.009926408824086217,0.0,-0.0,-0.0
32.0,40.413176752034296,-8.811767841074204,-8,-1.4516715322577003,0.1188432500093794,-0.9929130283802344,0.0,-0.10001685746349252,-0.09930804083315062,-0.011886328396686305,0.0,-0.001188833213015638,0.00993247816498792,0.0,-0.0,-0.0
32.05,40.41899474706707,-8.861428142839612,-8,-1.456672375130875,0.1138763826254277,-0.9934949267510867,0.0,-0.10001685746349252,-0.09936624047956638,-0.011389557929505538,0.0,-0.0011391477920075464,0.009938299110727912,0.0,-0.0,-0.0
32.1,40.42456449924251,-8.911116899517955,-8,-1.4616732180040497,0.10890666737793105,-0.9940519794259416,0.0,-0.10001685746349252,-0.09942195513754701,-0.01089250262796252,0.0,-0.0010894338827616451,0.009943871515733787,0.0,-0.0,-0.0
32.15,40.42988536235575,-8.960832924032086,-8,-1.4666740608772244,0.10393422855140352,-0.9945841724738156,0.0,-0.10001685746349252,-0.09947518341375927,-0.010395174922603782,0.0,-0.0010396927285421344,0.009949195240648738,0.0,-0.0,-0.0
32.2,40.43495772948716,-9.010574915647409,-8,-1.4716749037503989,0.09895919049847177,-0.9950914925854241,0.0,-0.10001685746349252,-0.09952592397705039,-0.009897587250788254,0.0,-0.0009899255732945698,0.009954270152335042,0.0,-0.0,-0.0
32.25,40.43978137222486,-9.060341642937559,-8,-1.4766757466235736,0.09398167763676414,-0.9955739270735144,0.0,-0.10001685746349252,-0.09957417555848119,-0.009399752056376142,0.0,-0.0009401336616147434,0.009959096123877395,0.0,-0.0,-0.0
32.3,40.444355827447204,-9.110131893234778,-8,-1.481676589496748,0.08900181444580087,-0.9960314638731826,0.0,-0.10001685746349252,-0.09961993695135792,-0.008901681789417875,0.0,-0.0008903182387175748,0.009963673034586076,0.0,-0.0,-0.0
32.35,40.44868142512178,-9.159944380080972,-8,-1.4866774323699228,0.08401972546387923,-0.9964640915421761,0.0,-0.10001685746349252,-0.09966320701126238,-0.008403388905842583,0.0,-0.0008404805504059519,0.00996800076999998,0.0,-0.0,-0.0
32.4,40.45275787260378,-9.209777875315009,-8,-1.4916782752430975,0.07903553528496055,-0.9968717992611787,0.0,-0.10001685746349252,-0.09970398465608064,-0.007904885867146733,0.0,-0.0007906218430395913,0.009972079221889463,0.0,-0.0,-0.0
32.45,40.456584890440574,-9.259631145915117,-8,-1.4966791181162722,0.07404936855555347,-0.9972545768340819,0.0,-0.10001685746349252,-0.09974226886602992,-0.007406185140082416,0.0,-0.0007407433635038595,0.009975908288259063,0.0,-0.0,-0.0
32.5,40.46016274516534,-9.30950291750798,-8,-1.501679960989447,0.06906134997159696,-0.9976124146882398,0.0,-0.10001685746349252,-0.09977805868368428,-0.006907299196345587,0.0,-0.0006908463591785931,0.009979487873350044,0.0,-0.0,-0.0
32.55,40.46349107976942,-9.359391962988347,-8,-1.5066808038626214,0.06407160427534211,-0.9979453038747084,0.0,-0.10001685746349252,-0.09981135321399844,-0.00640824051226419,0.0,-0.0006409320779069058,0.009982817887642789,0.0,-0.0,-0.0
32.6,40.46656979893886,-9.40929703422829,-8,-1.5116816467357963,0.05908025625223135,-0.998253236068469,0.0,-0.10001685746349252,-0.09984215162433022,-0.0059090215684860364,0.0,-0.0005910017679639709,0.009985898247859046,0.0,-0.0,-0.0
32.65,40.46939910550248,-9.459216866741395,-8,-1.5166824896089706,0.05408743072778052,-0.9985362035686376,0.0,-0.10001685746349252,-0.09987045314446139,-0.00540965484966695,0.0,-0.0005410566780258305,0.009988728876964004,0.0,-0.0,-0.0
32.7,40.471978578008695,-9.509150232266027,-8,-1.5216833324821453,0.049093252564453134,-0.9987941992986558,0.0,-0.10001685746349252,-0.0998962570666168,-0.004910152844158148,0.0,-0.0004910980571381279,0.00999130970416822,0.0,-0.0,-0.0
32.75,40.47430830563566,-9.559095872824908,-8,-1.52668417535532,0.04409784665854156,-0.9990272168064691,0.0,-0.10001685746349252,-0.09991956274548226,-0.004410528043694301,0.0,-0.00044112715468490945,0.009993640664929398,0.0,-0.0,-0.0
32.8,40.476388427289635,-9.609052531615564,-8,-1.5316850182284945,0.039101337937041805,-0.9992352502646878,0.0,-0.10001685746349252,-0.09994036959822056,-0.003910792943080963,0.0,-0.0003911452203573611,0.009995721700953988,0.0,-0.0,-0.0
32.85,40.47821845704896,-9.65901897700583,-8,-1.5366858611016694,0.03410385135452862,-0.9994182944707327,0.0,-0.10001685746349252,-0.09995867710448607,-0.0034109600398820254,0.0,-0.00034115350412254933,0.009997552760198657,0.0,-0.0,-0.0
32.9,40.47979866882095,-9.708993946432551,-8,-1.5416867039748436,0.029105511890033228,-0.9995763448469652,0.0,-0.10001685746349252,-0.09997448480643777,-0.0029110418341074403,0.0,-0.00029115325619218774,0.009999133796871586,0.0,-0.0,-0.0
32.95,40.4811291374229,-9.758976188570154,-8,-1.5466875468480186,0.024106444543913624,-0.9997093974408019,0.0,-0.10001685746349252,-0.09998779230875068,-0.002411050827900196,0.0,-0.00024114572699132956,0.010000464771433612,0.0,-0.0,-0.0
33.0,40.48220931248797,-9.80896446620104,-8,-1.551688389721193,0.019106774334733373,-0.9998174489248133,0.0,-0.10001685746349252,-0.09999859927862577,-0.001910999525224145,0.0,-0.0001911321671271452,0.010001545650599221,0.0,-0.0,-0.0
33.05,40.48303965277309,-9.858957517443969,-8,-1.5566892325943678,0.0141066262961309,-0.999900496596807,0.0,-0.10001685746349252,-0.10000690544579824,-0.0014109004315508798,0.0,-0.00014111382735760444,0.010002376407337378,0.0,-0.0,-0.0
33.1,40.48362011724481,-9.90895409470991,-8,-1.5616900754675425,0.009106125473695248,-0.9999585383798957,0.0,-0.10001685746349252,-0.10001271060254434,-0.000910766053547256,0.0,-9.10919585602235e-05,0.010002957020872205,0.0,-0.0,-0.0
33.150000000000006,40.48395024610994,-9.958952951572227,-8,-1.566690918340717,0.004105396921838013,-0.9999915728225485,0.0,-0.10001685746349252,-0.10001601460368653,-0.0004106088987625335,0.0,-4.106781170077395e-05,0.010003287476683503,0.0,-0.0,-0.0
33.2,40.48403052803697,-10.008952833510365,-8,-1.5716917612138912,-0.0008954342993342848,-0.9999995990986275,0.0,-0.10001685746349252,-0.1000168173665971,8.955852468443945e-05,0.0,8.95736219800426e-06,0.010003367766507105,0.0,-0.0,-0.0
33.25,40.483860826384756,-10.058952492252518,-8,-1.5766926040870661,-0.005896243127148422,-0.9999826170074085,0.0,-0.10001685746349252,-0.10001511887120021,0.0005897237084181011,0.0,5.898231208769545e-05,0.010003197888335093,0.0,-0.0,-0.0
33.3,40.48344086608774,-10.108950675162935,-8,-1.5816934469602408,-0.010896904499489421,-0.9999406269735863,0.0,-0.10001685746349252,-0.10001091915997253,0.0010898741441187237,0.0,0.00010900578692546831,0.010002777846415846,0.0,-0.0,-0.0
33.35,40.48277107158812,-10.158946135138025,-8,-1.5866942898334155,-0.015897293357931035,-0.9998736300472635,0.0,-0.10001685746349252,-0.100004218337942,0.0015899973238355147,0.0,0.00015902653570539125,0.01000210765125393,0.0,-0.0,-0.0
33.400000000000006,40.48185124201345,-10.20893762025489,-8,-1.59169513270659,-0.020897284650861707,-0.9997816279039242,0.0,-0.10001685746349252,-0.09999501657268531,0.0020900807402992653,0.0,0.00020904330748970257,0.01000118731960984,0.0,-0.0,-0.0
33.45,40.48068128707103,-10.258923876937533,-8,-1.5966959755797645,-0.025896753336612788,-0.9996646228443931,0.0,-0.10001685746349252,-0.09998331409432368,0.002590111887235226,0.0,0.0002590548514401032,0.010000016874499574,0.0,-0.0,-0.0
33.5,40.479261566883025,-10.308903663286467,-8,-1.6016968184529392,-0.030895574386585186,-0.9995226177947766,0.0,-0.10001685746349252,-0.09996911119551709,0.003090078259675821,0.0,0.00030905991684903363,0.009998596345194068,0.0,-0.0,-0.0
33.55,40.4775918164432,-10.358875721516462,-8,-1.6066976613261137,-0.03589362278837547,-0.9993556163063906,0.0,-0.10001685746349252,-0.09995240823145699,0.0035899673542733163,0.0,0.00035905725317094566,0.00999692576721845,0.0,-0.0,-0.0
33.6,40.47567213016051,-10.408838802379549,-8,-1.6116985041992884,-0.04089077354890377,-0.9991636225556715,0.0,-0.10001685746349252,-0.09993320561985744,0.004089766669612659,0.0,0.0004090456100535918,0.009995005182351172,0.0,-0.0,-0.0
33.650000000000006,40.47350280379521,-10.45879166696658,-8,-1.6166993470724633,-0.04588690169753831,-0.9989466413440712,0.0,-0.10001685746349252,-0.09991150384094455,0.004589463706523983,0.0,0.0004590237373692813,0.009992834638622938,0.0,-0.0,-0.0
33.7,40.471083508356834,-10.508733049421169,-8,-1.6217001899456378,-0.05088188228922055,-0.998704678097938,0.0,-0.10001685746349252,-0.09988730343744465,0.005089045968395176,0.0,0.0005089903852461416,0.009990414190315529,0.0,-0.0,-0.0
33.75,40.4684145227681,-10.558661710088705,-8,-1.626701032818812,-0.055875590407591325,-0.9984377388683798,0.0,-0.10001685746349252,-0.09986060501457052,0.005588500961484551,0.0,0.0005589443040993913,0.009987743897960427,0.0,-0.0,-0.0
33.8,40.465496078437546,-10.608576410836875,-8,-1.631701875691987,-0.06086790116811467,-0.9981458303311138,0.0,-0.10001685746349252,-0.0998314092400064,0.006087816195233275,0.0,0.0006088842446625879,0.009984823828337312,0.0,-0.0,-0.0
33.85,40.462327782591856,-10.658475875532728,-8,-1.6367027185651617,-0.06585868972119847,-0.9978289597862987,0.0,-0.10001685746349252,-0.09979971684389125,0.006586979182577488,0.0,0.0006588089580188451,0.009981654054472386,0.0,-0.0,-0.0
33.900000000000006,40.4589100983632,-10.708358879375115,-8,-1.6417035614383362,-0.07084783125531946,-0.9974871351583527,0.0,-0.10001685746349252,-0.09976552861880046,0.007085977440260857,0.0,0.0007087171956320937,0.009978234655636551,0.0,-0.0,-0.0
33.95,40.45524319188459,-10.758224182721303,-8,-1.6467044043115107,-0.07583520100014385,-0.9971203649957551,0.0,-0.10001685746349252,-0.09972884541972607,0.007584798489146693,0.0,0.0007586077093782983,0.009974565717343422,0.0,-0.0,-0.0
34.0,40.451326609810806,-10.80807049718585,-8,-1.6517052471846854,-0.08082067422964741,-0.9967286584708324,0.0,-0.10001685746349252,-0.09968966816405536,0.008083429854530009,0.0,0.000808479251576668,0.009970647331347194,0.0,-0.0,-0.0
34.05,40.447160996105026,-10.857896617848702,-8,-1.6567060900578605,-0.08580412626523473,-0.9963120253795292,0.0,-0.10001685746349252,-0.09964799783154792,0.008581859066449498,0.0,0.0008583305750208604,0.009966479595640341,0.0,-0.0,-0.0
34.1,40.4427463710655,-10.907701293945928,-8,-1.6617069329310348,-0.09078543247885558,-0.9958704761411632,0.0,-0.10001685746349252,-0.09960383546431115,0.009080073659999223,0.0,0.0009081604330101553,0.009962062614451171,0.0,-0.0,-0.0
34.150000000000006,40.4380824660577,-10.95748324507166,-8,-1.6667077758042097,-0.09576446829612617,-0.9954040217981642,0.0,-0.10001685746349252,-0.0995571821667742,0.0095780611756408,0.0,0.0009579675793806775,0.009957396498241216,0.0,-0.0,-0.0
34.2,40.433169860361204,-11.007241269002284,-8,-1.6717086186773842,-0.10074110919943895,-0.9949126740157986,0.0,-0.10001685746349252,-0.09950803910566033,0.01007580915951442,0.0,0.0010077507685365063,0.00995248136370247,0.0,-0.0,-0.0
34.25,40.42800851050997,-11.056974106640464,-8,-1.6767094615505584,-0.10571523073108063,-0.994396445081877,0.0,-0.10001685746349252,-0.09945640750995775,0.010573305163750716,0.0,0.001057508755480865,0.009947317333754473,0.0,-0.0,-0.0
34.3,40.422598332200764,-11.106680490815577,-8,-1.6817103044237334,-0.110686708496344,-0.9938553479064473,0.0,-0.10001685746349252,-0.0994022886708889,0.011070536746781984,0.0,0.0011072402958472501,0.009941904537541233,0.0,-0.0,-0.0
34.35,40.41693984011258,-11.156359219786655,-8,-1.686711147296908,-0.11565541816663634,-0.9932893960214719,0.0,-0.10001685746349252,-0.09934568394187814,0.01156749147365309,0.0,0.0011569441459305264,0.009936243110428004,0.0,-0.0,-0.0
34.400000000000006,40.41103292728866,-11.206009023926747,-8,-1.6917119901700828,-0.12062123548259163,-0.9926986035804891,0.0,-0.10001685746349252,-0.09928659473851785,0.012064156916332733,0.0,0.0012066190627180585,0.009930333193997887,0.0,-0.0,-0.0
34.45,40.404877693261525,-11.25562865454604,-8,-1.696712833043257,-0.12558403625717626,-0.9920829853582593,0.0,-0.10001685746349252,-0.09922502253853316,0.012560520654024075,0.0,0.0012562638039207799,0.009924174936048306,0.0,-0.0,-0.0
34.5,40.39847458824447,-11.30521690817576,-8,-1.7017136759164317,-0.1305436963787968,-0.9914425567503952,0.0,-0.10001685746349252,-0.09916096888174487,0.013056570273475563,0.0,0.001305877128004279,0.009917768490587295,0.0,-0.0,-0.0
34.55,40.39182344211517,-11.354772502469801,-8,-1.7067145187896064,-0.13550009181440104,-0.9907773337729769,0.0,-0.10001685746349252,-0.09909443537003099,0.013552293369291098,0.0,0.0013554577942198227,0.009911114017829662,0.0,-0.0,-0.0
34.6,40.38492453763044,-11.40429421245225,-8,-1.711715361662781,-0.14045309861258154,-0.9900873330621519,0.0,-0.10001685746349252,-0.0990254236672867,0.014047677544240427,0.0,0.0014050045626353995,0.009904211684192973,0.0,-0.0,-0.0
34.650000000000006,40.377778260724526,-11.453780830720508,-8,-1.7167162045359559,-0.14540259290667612,-0.9893725718737181,0.0,-0.10001685746349252,-0.09895393549938267,0.014542710409569254,0.0,0.0014545161941667373,0.00989706166229339,0.0,-0.0,-0.0
34.7,40.37038437848615,-11.503231060027431,-8,-1.7217170474091301,-0.15034845091786275,-0.9886330680826931,0.0,-0.10001685746349252,-0.09887997265412202,0.01503737958530878,0.0,0.0015039914506082607,0.009889664130941361,0.0,-0.0,-0.0
34.75,40.36274335616924,-11.552643704329338,-8,-1.726717890282305,-0.15529054895825947,-0.9878688401828668,0.0,-0.10001685746349252,-0.09880353698119547,0.015531672700585746,0.0,0.0015534290946641026,0.00988201927513714,0.0,-0.0,-0.0
34.8,40.35485551566738,-11.602017550089295,-8,-1.7317187331554795,-0.16022876343401257,-0.9870799072863388,0.0,-0.10001685746349252,-0.09872463039213517,0.016025577393931296,0.0,0.0016028278899789948,0.009874127286066165,0.0,-0.0,-0.0
34.85,40.346720561708196,-11.651351282985978,-8,-1.7367195760286542,-0.16516297084839182,-0.9862662891230407,0.0,-0.10001685746349252,-0.09864325486026687,0.016519081313590575,0.0,0.0016521866011692315,0.009865988361094279,0.0,-0.0,-0.0
34.900000000000006,40.338339141200166,-11.700643741109188,-8,-1.741720418901829,-0.17009304780487616,-0.9854280060402425,0.0,-0.10001685746349252,-0.09855941242066059,0.01701217211783132,0.0,0.0017015039938535368,0.009857602703762784,0.0,-0.0,-0.0
34.95,40.329711479483265,-11.749893696762308,-8,-1.7467212617750034,-0.17501887101024066,-0.9845650790020438,0.0,-0.10001685746349252,-0.09847310517007968,0.017504837475252624,0.0,0.001750778834683944,0.009848970523783368,0.0,-0.0,-0.0
35.0,40.320837317811765,-11.79909983388069,-8,-1.751722104648178,-0.17994031727764012,-0.9836775295888497,0.0,-0.10001685746349252,-0.09838433526692843,0.017997065065093354,0.0,0.0018000098913766428,0.009840092037032842,0.0,-0.0,-0.0
35.05,40.311717385382366,-11.848261012375298,-8,-1.7567229475213526,-0.1848572635296896,-0.9827653799968307,0.0,-0.10001685746349252,-0.09829310493119808,0.01848884257754024,0.0,0.001849195932742794,0.009830967465547753,0.0,-0.0,-0.0
35.1,40.302351795539224,-11.897375983622956,-8,-1.7617237903945275,-0.18976958680154188,-0.9818286530373679,0.0,-0.10001685746349252,-0.09819941644441128,0.018980157714035686,0.0,0.0018983357287193155,0.009821597037518828,0.0,-0.0,-0.0
35.150000000000006,40.29274047235256,-11.946443458898951,-8,-1.766724633267702,-0.19467716424396245,-0.9808673721364827,0.0,-0.10001685746349252,-0.09810327214956506,0.019470998187585315,0.0,0.0019474280503996419,0.009811980987285265,0.0,-0.0,-0.0
35.2,40.28288408047567,-11.995462293859878,-8,-1.7717254761408763,-0.19957987312640302,-0.9798815613342506,0.0,-0.10001685746349252,-0.09800467445107225,0.019961351723065374,0.0,0.00199647167006447,0.009802119555328882,0.0,-0.0,-0.0
35.25,40.2727826707351,-12.044431224747093,-8,-1.7767263190140512,-0.20447759084007092,-0.9788712452842001,0.0,-0.10001685746349252,-0.09790362581470127,0.020451206057529717,0.0,0.0020454653612124647,0.009792012988268085,0.0,-0.0,-0.0
35.3,40.26243634910031,-12.09334899536464,-8,-1.781727161887226,-0.2093701949009926,-0.9778364492526961,0.0,-0.10001685746349252,-0.09780012876751454,0.020940548940516224,0.0,0.002094407898590901,0.009781661538851717,0.0,-0.0,-0.0
35.35,40.251845715992054,-12.142214454921614,-8,-1.7867280047604004,-0.2142575629530796,-0.9767771991183082,0.0,-0.10001685746349252,-0.09769418589780528,0.02142936813435344,0.0,0.0021432980582263366,0.009771065465952734,0.0,-0.0,-0.0
35.400000000000006,40.24101076021792,-12.191026322367511,-8,-1.791728847633575,-0.21913957277118803,-0.9756935213711635,0.0,-0.10001685746349252,-0.09758579985503275,0.02191765141446656,0.0,0.0021921346174552173,0.00976022503456172,0.0,-0.0,-0.0
35.45,40.22993176861547,-12.239783379202027,-8,-1.7967296905067496,-0.22401610226417384,-0.9745854431122841,0.0,-0.10001685746349252,-0.09747497334975602,0.02240538656968304,0.0,0.0022409163549544386,0.009749140515780281,0.0,-0.0,-0.0
35.5,40.218609277735005,-12.288484466002302,-8,-1.801730533379924,-0.22888702947794762,-0.9734529920529091,0.0,-0.10001685746349252,-0.09736170915356614,0.0228925614025381,0.0,0.0022896420507719038,0.00973781218681424,0.0,-0.0,-0.0
35.55,40.20704321491444,-12.337128282281421,-8,-1.8067313762530988,-0.2337522325985239,-0.9722961965138018,0.0,-0.10001685746349252,-0.09724601009901683,0.023379163729579714,0.0,0.002338310486357029,0.009726240330966722,0.0,-0.0,-0.0
35.6,40.195234046714205,-12.385713652377444,-8,-1.8117322191262737,-0.23861158995506732,-0.9711150854245416,0.0,-0.10001685746349252,-0.09712787907955374,0.023865181381673293,0.0,0.0023869204445912135,0.009714425237631065,0.0,-0.0,-0.0
35.650000000000006,40.18318224622729,-12.434239406060787,-8,-1.8167330619994486,-0.24346498002293532,-0.9699096883228003,0.0,-0.10001685746349252,-0.09700731904944197,0.024350602204305977,0.0,0.002435470709818278,0.009702367202283582,0.0,-0.0,-0.0
35.7,40.17088767992166,-12.482704221276439,-8,-1.8217339048726224,-0.24831228142671669,-0.9686800353536038,0.0,-0.10001685746349252,-0.09688433302369229,0.024835414057890564,0.0,0.0024839600678748593,0.009690066526476174,0.0,-0.0,-0.0
35.75,40.15835099282175,-12.531106970317104,-8,-1.8267347477457976,-0.2531533729432713,-0.9674261572685767,0.0,-0.10001685746349252,-0.09675892407798554,0.025319604818069528,0.0,0.002532387306120819,0.009677523517828775,0.0,-0.0,-0.0
35.8,40.14557259502732,-12.579446469982427,-8,-1.8317355906189723,-0.25798813350475414,-0.9661480854251759,0.0,-0.10001685746349252,-0.09663109534859601,0.025803162376017475,0.0,0.002580751213469493,0.009664738490021684,0.0,-0.0,-0.0
35.85,40.13255229278613,-12.62772137453157,-8,-1.8367364334921468,-0.26281644220164907,-0.9648458517859043,0.0,-0.10001685746349252,-0.09650085003231282,0.026286074638744557,0.0,0.00262905058041804,0.0096517117627877,0.0,-0.0,-0.0
35.900000000000006,40.1192909082148,-12.675930609299405,-8,-1.8417372763653215,-0.2676381782857907,-0.9635194889175119,0.0,-0.10001685746349252,-0.09636819138635995,0.026768329529398727,0.0,0.0026772841990776704,0.009638443661904132,0.0,-0.0,-0.0
35.95,40.105788725772484,-12.7240729580761,-8,-1.846738119238496,-0.2724532211733833,-0.9621690299901818,0.0,-0.10001685746349252,-0.09623312272831488,0.027249914987567677,0.0,0.002725450863203845,0.009624934519184652,0.0,-0.0,-0.0
36.0,40.09204568167247,-12.772147102991529,-8,-1.8517389621116707,-0.2772614504480179,-0.9607945087767006,0.0,-0.10001685746349252,-0.09609564743602558,0.027730818969580604,0.0,0.002773549368226458,0.009611184672471,0.0,-0.0,-0.0
36.05,40.07806258415315,-12.820151973819964,-8,-1.8567398049848451,-0.28206274586368224,-0.9593959596516132,0.0,-0.10001685746349252,-0.09595576894752601,0.02821102944880922,0.0,0.0028215785112799424,0.009597194465624532,0.0,-0.0,-0.0
36.1,40.06383963969744,-12.86808633021971,-8,-1.86174064785802,-0.28685698734776943,-0.9579734175903638,0.0,-0.10001685746349252,-0.09581349076095022,0.028690534415968732,0.0,0.0028695370912333717,0.009582964248517616,0.0,-0.0,-0.0
36.150000000000006,40.049376963421416,-12.915948900712747,-8,-1.8667414907311948,-0.2916440550040788,-0.9565269181684214,0.0,-0.10001685746349252,-0.09566881643444478,0.029169321879417922,0.0,0.0029174239087204766,0.009568494377024894,0.0,-0.0,-0.0
36.2,40.03467529990103,-12.963738603927895,-8,-1.8717423336043693,-0.2964238291158163,-0.955056497560389,0.0,-0.10001685746349252,-0.09552174958607983,0.02964737986545926,0.0,0.002965237766169657,0.009553785213014372,0.0,-0.0,-0.0
36.25,40.01973479506831,-13.011454177756354,-8,-1.8767431764775437,-0.3011961901485874,-0.9535621925391002,0.0,-0.10001685746349252,-0.0953722938937586,0.030124696418638255,0.0,0.0030129774678339266,0.009538837124338373,0.0,-0.0,-0.0
36.3,40.00455574149793,-13.059094402179444,-8,-1.8817440193507184,-0.30596101875338705,-0.9520440404746986,0.0,-0.10001685746349252,-0.09522045309512543,0.030601259602042474,0.0,0.0030606418198208143,0.009523650484824337,0.0,-0.0,-0.0
36.35,39.989138820638665,-13.106658182531467,-8,-1.8867448622238931,-0.31071819576958337,-0.950502079333704,0.0,-0.10001685746349252,-0.09506623098747234,0.031077057497599987,0.0,0.0031082296301222197,0.009508225674265477,0.0,-0.0,-0.0
36.400000000000006,39.97348411859016,-13.1541442328429,-8,-1.8917457050970676,-0.31546760222789827,-0.9489363476780625,0.0,-0.10001685746349252,-0.09490963142764396,0.031552078206377454,0.0,0.003155739708644223,0.009492563078411276,0.0,-0.0,-0.0
36.45,39.957592103829754,-13.201551389588126,-8,-1.8967465479702426,-0.3202091193533837,-0.9473468846641817,0.0,-0.10001685746349252,-0.09475065833194116,0.03202630984887784,0.0,0.003203170867236862,0.009476663088957839,0.0,-0.0,-0.0
36.5,39.94146339526446,-13.248878542671706,-8,-1.9017473908434168,-0.3249426285683891,-0.9457337300419532,0.0,-0.10001685746349252,-0.09458931567602315,0.032499740565337165,0.0,0.0032505219197238137,0.009460526103538107,0.0,-0.0,-0.0
36.55,39.92509801992915,-13.296124380186745,-8,-1.9067482337165913,-0.32966801149553104,-0.9440969241537558,0.0,-0.10001685746349252,-0.0944256074948079,0.032972358516021545,0.0,0.0032977916819321006,0.009444152525711893,0.0,-0.0,-0.0
36.6,39.90849662053694,-13.34328780009875,-8,-1.9117490765897662,-0.3343851499606503,-0.9424365079334488,0.0,-0.10001685746349252,-0.09425953788237139,0.03344415188152293,0.0,0.0033449789717216747,0.009427542764955813,0.0,-0.0,-0.0
36.650000000000006,39.891659754088245,-13.390367674762167,-8,-1.916749919462941,-0.3390939259957676,-0.9407525229053477,0.0,-0.10001685746349252,-0.09409111099184515,0.03391510886305477,0.0,0.003392082609014981,0.009410697236653031,0.0,-0.0,-0.0
36.7,39.87458738936965,-13.437362664273998,-8,-1.9217507623361156,-0.34379422184203545,-0.9390450111831857,0.0,-0.10001685746349252,-0.09392033103531243,0.03438521768274719,0.0,0.0034391014158264882,0.009393616362082876,0.0,-0.0,-0.0
36.75,39.857280341552794,-13.484271733051072,-8,-1.92675160520929,-0.34848591995268136,-0.9373140154690601,0.0,-0.10001685746349252,-0.09374720228370281,0.034854466583941396,0.0,0.00348603421629213,0.009376300568410306,0.0,-0.0,-0.0
36.8,39.839739092396854,-13.53109372850093,-8,-1.9317524480824646,-0.35316890299594944,-0.9355595790523646,0.0,-0.10001685746349252,-0.09357172906668541,0.035322843831483895,0.0,0.0035328798366987308,0.009358750288675216,0.0,-0.0,-0.0
36.85,39.82196359536317,-13.57782729656162,-8,-1.9367532909556393,-0.3578430538580324,-0.9337817458087073,0.0,-0.10001685746349252,-0.09339391577256069,0.035790337712019706,0.0,0.003579637105513336,0.00934096596178163,0.0,-0.0,-0.0
36.900000000000006,39.80395479413698,-13.624471457144521,-8,-1.9417541338288138,-0.3625082556460016,-0.9319805601988129,0.0,-0.10001685746349252,-0.09321376684815058,0.03625693653428545,0.0,0.0036263048534125224,0.009322948032486702,0.0,-0.0,-0.0
36.95,39.7857130468978,-13.671025010524609,-8,-1.9467549767019885,-0.3671643916907308,-0.9301560672674106,0.0,-0.10001685746349252,-0.09303128679868737,0.03672262862940176,0.0,0.0036728819133116457,0.009304696951389609,0.0,-0.0,-0.0
37.0,39.76723848196972,-13.71748666263208,-8,-1.951755819575163,-0.37181134554981254,-0.9283083126421081,0.0,-0.10001685746349252,-0.09284648018770097,0.037187402351164967,0.0,0.0037193671203940132,0.009286213174920272,0.0,-0.0,-0.0
37.05,39.748531980281015,-13.763855417579867,-8,-1.956756662448338,-0.3764490010104719,-0.9264373425322501,0.0,-0.10001685746349252,-0.09265935163690485,0.03765124607633852,0.0,0.003765759312140032,0.009267497165327945,0.0,-0.0,-0.0
37.1,39.729593841242135,-13.810130049519751,-8,-1.9617575053215122,-0.3810772420924703,-0.9245432037277634,0.0,-0.10001685746349252,-0.09246990582608045,0.03811414820494344,0.0,0.0038120573283562573,0.009248549390669665,0.0,-0.0,-0.0
37.150000000000006,39.71042436619199,-13.856309329308713,-8,-1.966758348194687,-0.3856959530510095,-0.9226259435979857,0.0,-0.10001685746349252,-0.09227814749296002,0.038576097160548724,0.0,0.0038582600112044402,0.009229370324798524,0.0,-0.0,-0.0
37.2,39.691024374007064,-13.902392243161229,-8,-1.9717591910678618,-0.3903050183796224,-0.9206856100904818,0.0,-0.10001685746349252,-0.09208408143310837,0.03903708139056052,0.0,0.0039043662052304483,0.00920996044735184,0.0,-0.0,-0.0
37.25,39.671394106211736,-13.948377537076484,-8,-1.9767600339410363,-0.3949043228130641,-0.9187222517298442,0.0,-0.10001685746349252,-0.09188771249980272,0.03949708936651127,0.0,0.003950374757393184,0.00919032024373915,0.0,-0.0,-0.0
37.3,39.651534035203284,-13.994264051730354,-8,-1.9817608768142108,-0.39949375133019405,-0.9167359176164798,0.0,-0.10001685746349252,-0.09168904560391149,0.03995610958434794,0.0,0.003996284517093416,0.009170450205130081,0.0,-0.0,-0.0
37.35,39.63144491856036,-14.040050753356745,-8,-1.9867617196873857,-0.4040731891568527,-0.9147266574253811,0.0,-0.10001685746349252,-0.09148808571377129,0.04041413056471979,0.0,0.004042094336202556,0.009150350828442051,0.0,-0.0,-0.0
37.400000000000006,39.611126940851946,-14.085736357793744,-8,-1.9917625625605606,-0.40864252176873045,-0.9126945214048853,0.0,-0.10001685746349252,-0.09128483785506293,0.04087114085326525,0.0,0.004087803069091358,0.009130022616327857,0.0,-0.0,-0.0
37.45,39.590580743469474,-14.131319780383592,-8,-1.9967634054337349,-0.4132016348942327,-0.9106395603754173,0.0,-0.10001685746349252,-0.0910793071106856,0.04132712902089855,0.0,0.004133409572658576,0.009109466077163104,0.0,-0.0,-0.0
37.5,39.56980702349616,-14.176799965316363,-8,-2.0017642483069094,-0.41775041451733896,-0.9085618257282173,0.0,-0.10001685746349252,-0.09087149862062964,0.04178208366409561,0.0,0.0041789127063595706,0.009088681725033474,0.0,-0.0,-0.0
37.55,39.54880590952342,-14.222175596282392,-8,-2.006765091180084,-0.422288746880452,-0.9064613694240574,0.0,-0.10001685746349252,-0.09066141758184819,0.042235993405179036,0.0,0.004224311332234803,0.009067670079721885,0.0,-0.0,-0.0
37.6,39.52757820976583,-14.26744566809101,-8,-2.0117659340532588,-0.4268165184872434,-0.9043382439919416,0.0,-0.10001685746349252,-0.09044906924812715,0.042688846892602744,0.0,0.004269604314938304,0.009046431666695498,0.0,-0.0,-0.0
37.650000000000006,39.50612456166162,-14.312609100845053,-8,-2.0167667769264335,-0.43133361610549253,-0.9021925025277918,0.0,-0.10001685746349252,-0.09023445892995377,0.04314063280123585,0.0,0.004314790521766076,0.009024967017092557,0.0,-0.0,-0.0
37.7,39.4844450388492,-14.357664544123299,-8,-2.021767619799608,-0.4358399267699176,-0.90002419869312,0.0,-0.10001685746349252,-0.09001759199438386,0.04359133983264587,0.0,0.004359868822684406,0.009003276667709116,0.0,-0.0,-0.0
37.75,39.46254061408938,-14.402611076953944,-8,-2.0267684626727824,-0.44033533778500095,-0.8978333867136871,0.0,-0.10001685746349252,-0.08979847386490761,0.044040956715381274,0.0,0.004404838090358133,0.008981361160985623,0.0,-0.0,-0.0
37.8,39.44041182369875,-14.447447572283535,-8,-2.031769305545957,-0.4448197367278083,-0.8956201213781451,0.0,-0.10001685746349252,-0.08957711002131381,0.04448947220525347,0.0,0.004449697200178849,0.008959221044993332,0.0,-0.0,-0.0
37.85,39.41805881455776,-14.492172706778804,-8,-2.036770148419132,-0.44929301145079853,-0.8933844580366689,0.0,-0.10001685746349252,-0.08935350599955302,0.04493687508561783,0.0,0.004494445030293007,0.00893685687342062,0.0,-0.0,-0.0
37.900000000000006,39.39548259446743,-14.536785585248094,-8,-2.0417709912923065,-0.45375505008462946,-0.8911264525995709,0.0,-0.10001685746349252,-0.08912766739159901,0.045383154167654295,0.0,0.004539080461629987,0.00891426920555913,0.0,-0.0,-0.0
37.95,39.37268361087504,-14.581285034911136,-8,-2.0467718341654813,-0.45820574104095535,-0.8888461615359032,0.0,-0.10001685746349252,-0.08889959984530889,0.0458282982906472,0.0,0.004583602377930079,0.008891458606289782,0.0,-0.0,-0.0
38.0,39.34966217822273,-14.625669810456118,-8,-2.0517726770386555,-0.46264497301521695,-0.8865436418720453,0.0,-0.10001685746349252,-0.08866930906428191,0.046272296322264296,0.0,0.004628009665772398,0.008868425646068651,0.0,-0.0,-0.0
38.05,39.326419243663025,-14.66993899427049,-8,-2.05677351991183,-0.46707263498942686,-0.8842189511902772,0.0,-0.10001685746349252,-0.0884368008077168,0.04671513715883538,0.0,0.004672301214602741,0.008845170900912693,0.0,-0.0,-0.0
38.1,39.302955199002305,-14.714091381282628,-8,-2.061774362785005,-0.4714886162349433,-0.8818721476273408,0.0,-0.10001685746349252,-0.08820208089026778,0.047156809725629655,0.0,0.004716475916761339,0.00882169495238535,0.0,-0.0,-0.0
38.150000000000006,39.27927052390001,-14.758125808920974,-8,-2.066775205658179,-0.4758928063152407,-0.8795032898729855,0.0,-0.10001685746349252,-0.08796515518189914,0.04759730297713288,0.0,0.004760532667510568,0.008797998387582008,0.0,-0.0,-0.0
38.2,39.25536610577798,-14.802041335136288,-8,-2.0717760485313543,-0.4802850950886729,-0.8771124371684992,0.0,-0.10001685746349252,-0.08772602960773833,0.04803660589732375,0.0,0.004804470365062594,0.008774081799115289,0.0,-0.0,-0.0
38.25,39.23124228188947,-14.845836720637953,-8,-2.076776891404529,-0.4846653727112238,-0.8746996493052289,0.0,-0.10001685746349252,-0.08748471014792798,0.04847470749994895,0.0,0.0048482879106068865,0.008749945785100272,0.0,-0.0,-0.0
38.3,39.20689969466306,-14.889510890260112,-8,-2.0817777342777037,-0.4890335296392581,-0.8722649866230839,0.0,-0.10001685746349252,-0.0872412028374762,0.04891159682879832,0.0,0.004891984208337735,0.008725590949139496,0.0,-0.0,-0.0
38.35,39.18233917275449,-14.933062875523813,-8,-2.0867785771508784,-0.49338945663225925,-0.8698085100090273,0.0,-0.10001685746349252,-0.08699551376610569,0.0493472629579787,0.0,0.00493555816548164,0.008701017900307894,0.0,-0.0,-0.0
38.400000000000006,39.157560999996825,-14.976491401017453,-8,-2.0917794200240527,-0.49773304475556096,-0.867330280895553,0.0,-0.10001685746349252,-0.08674764907810145,0.049781694992187084,0.0,0.004979008692324635,0.008676227253137542,0.0,-0.0,-0.0
38.45,39.132565979037096,-15.019795483590967,-8,-2.096780262897228,-0.5020641853830737,-0.8648303612591492,0.0,-0.10001685746349252,-0.08649761497215708,0.05021488206698337,0.0,0.005022334702239563,0.008651219627602291,0.0,-0.0,-0.0
38.5,39.10735488077576,-15.062974126366374,-8,-2.1017811057704017,-0.5063827701999964,-0.8623088136187508,0.0,-0.10001685746349252,-0.08624541770121993,0.050646813349061535,0.0,0.005065535111713198,0.00862599564910229,0.0,-0.0,-0.0
38.55,39.08192793680335,-15.106026015935653,-8,-2.106781948643577,-0.5106886912055331,-0.8597657010341712,0.0,-0.10001685746349252,-0.08599106357233442,0.05107747803652135,0.0,0.005108608840373426,0.008600555948448297,0.0,-0.0,-0.0
38.6,39.0562861073331,-15.148950265717193,-8,-2.111782791516751,-0.5149818407155842,-0.8572010871045305,0.0,-0.10001685746349252,-0.08573455894648466,0.051506865359137594,0.0,0.005151554811016166,0.008574901161845954,0.0,-0.0,-0.0
38.650000000000006,39.03043010656679,-15.191745848489358,-8,-2.1167836343899262,-0.5192621113654485,-0.8546150359666606,0.0,-0.10001685746349252,-0.08547591023843502,0.05193496457863025,0.0,0.005194371949632395,0.008549031930879837,0.0,-0.0,-0.0
38.7,39.00436011507425,-15.2344114109997,-8,-2.1217844772631005,-0.5235293961125012,-0.8520076122935052,0.0,-0.10001685746349252,-0.08521512391657012,0.052361764988932344,0.0,0.00523705918543494,0.008522948902497446,0.0,-0.0,-0.0
38.75,38.97807724788232,-15.276946167728362,-8,-2.126785320136275,-0.5277835882388761,-0.8493788812924986,0.0,-0.10001685746349252,-0.08495220650273257,0.052787255916458296,0.0,0.005279615450885312,0.008496652728992986,0.0,-0.0,-0.0
38.8,38.95158209616153,-15.319349016818046,-8,-2.13178616300945,-0.5320245813541311,-0.8467289087039379,0.0,-0.10001685746349252,-0.08468716457206032,0.053211426720370415,0.0,0.005322039681720366,0.008470144067991093,0.0,-0.0,-0.0
38.85,38.924874993029675,-15.36161869047108,-8,-2.136787005882624,-0.5362522693979097,-0.8440577607993375,0.0,-0.10001685746349252,-0.084420004752822,0.05363426679284513,0.0,0.005364330816978922,0.00844342358243036,0.0,-0.0,-0.0
38.900000000000006,38.897957003172216,-15.403754381542463,-8,-2.141787848755799,-0.5404665466425949,-0.8413655043797719,0.0,-0.10001685746349252,-0.08415073372625113,0.05405576555933844,0.0,0.0054064877990283216,0.008416491940546774,0.0,-0.0,-0.0
38.95,38.87082866179078,-15.445754950179825,-8,-2.146788691628974,-0.5446673076959511,-0.8386522067742052,0.0,-0.10001685746349252,-0.08387935822637914,0.05447591247885016,0.0,0.005448509573590851,0.008389349815856992,0.0,-0.0,-0.0
39.0,38.84349046041545,-15.487619223769187,-8,-2.1517895345021483,-0.5488544475037598,-0.8359179358378086,0.0,-0.10001685746349252,-0.08360588503986699,0.05489469704418748,0.0,0.005490395089770104,0.00836199788714152,0.0,-0.0,-0.0
39.05,38.815943405884724,-15.52934636638969,-8,-2.156790377375323,-0.5530278613524499,-0.8331627599502606,0.0,-0.10001685746349252,-0.08333032100583525,0.05531210878222808,0.0,0.0055321433000773,0.008334436838427701,0.0,-0.0,-0.0
39.1,38.78818798152971,-15.570935200097377,-8,-2.1617912202484972,-0.5571874448717122,-0.8303867480140399,0.0,-0.10001685746349252,-0.08305267301569332,0.05572813725418164,0.0,0.005573753160457433,0.00830666735897265,0.0,-0.0,-0.0
39.150000000000006,38.760224834476624,-15.612384651915123,-8,-2.1667920631216724,-0.561333094037114,-0.8275899694526998,0.0,-0.10001685746349252,-0.08277294801296681,0.05614277205585127,0.0,0.005615223630315428,0.008278690143245978,0.0,-0.0,-0.0
39.2,38.73205491483765,-15.653693855236103,-8,-2.1717929059948466,-0.565464705172695,-0.8247724942091347,0.0,-0.10001685746349252,-0.08249115299312423,0.056556002817893254,0.0,0.005656553672542111,0.008250505890912462,0.0,-0.0,-0.0
39.25,38.70367865535424,-15.694861592219436,-8,-2.1767937488680213,-0.5695821749535662,-0.8219343927438278,0.0,-0.10001685746349252,-0.08220729500340171,0.056967819206076895,0.0,0.005697742253540205,0.00822211530681451,0.0,-0.0,-0.0
39.3,38.67509685583483,-15.735886893914442,-8,-2.181794591741196,-0.5736854004084893,-0.819075736033092,0.0,-0.10001685746349252,-0.081921381142627,0.05737821092154251,0.0,0.005738788343250127,0.00819351910095457,0.0,-0.0,-0.0
39.35,38.646310410830154,-15.776768861145626,-8,-2.1867954346143708,-0.5777742789224537,-0.8161965955672926,0.0,-0.10001685746349252,-0.08163341856104175,0.057787167701059225,0.0,0.005779690915175779,0.008164717988477338,0.0,-0.0,-0.0
39.400000000000006,38.61731970381524,-15.817506234399968,-8,-2.191796277487545,-0.5818487082392426,-0.8132970433490612,0.0,-0.10001685746349252,-0.08134341446012296,0.058194679317281575,0.0,0.005820448946410208,0.008135712689651914,0.0,-0.0,-0.0
39.45,38.588125684270395,-15.858098153077288,-8,-2.19679712036072,-0.5859085864639911,-0.810377151891493,0.0,-0.10001685746349252,-0.08105137609240248,0.058600735579005386,0.0,0.005861061417661197,0.008106503929853745,0.0,-0.0,-0.0
39.5,38.558729192393336,-15.898543683579014,-8,-2.2017979632338944,-0.5899538120657315,-0.8074369942163361,0.0,-0.10001685746349252,-0.08075731076128612,0.059005326331422324,0.0,0.005901527313276729,0.008077092439546525,0.0,-0.0,-0.0
39.55,38.52913056375765,-15.93884152297579,-8,-2.206798806107069,-0.5939842838799365,-0.8044766438521624,0.0,-0.10001685746349252,-0.08046122582087056,0.05940844145637429,0.0,0.005941845621270428,0.008047478954263896,0.0,-0.0,-0.0
39.6,38.499330894410036,-15.978990923274534,-8,-2.2117996489802434,-0.5979999011110455,-0.8014961748325314,0.0,-0.10001685746349252,-0.08016312867575978,0.059810070872606064,0.0,0.005982015333346827,0.008017664214591077,0.0,-0.0,-0.0
39.650000000000006,38.46933094830528,-16.018990897181418,-8,-2.2168004918534185,-0.6020005633349886,-0.7984956616941362,0.0,-0.10001685746349252,-0.07986302678087957,0.06021020453601776,0.0,0.00602203544492662,0.00798764896614632,0.0,-0.0,-0.0
39.7,38.43913108394581,-16.058840148979318,-8,-2.2218013347265932,-0.6059861705016943,-0.7954751794749422,0.0,-0.10001685746349252,-0.07956092764129143,0.06060883243991564,0.0,0.0060619049551717446,0.007957433959562287,0.0,-0.0,-0.0
39.75,38.408732471321265,-16.098537995128588,-8,-2.2268021775997675,-0.6099566229375949,-0.7924348037123083,0.0,-0.10001685746349252,-0.07925683881200461,0.06100594461526268,0.0,0.006101622867010447,0.007927019950467268,0.0,-0.0,-0.0
39.8,38.37813578047672,-16.13808337644337,-8,-2.2318030204729418,-0.6139118213481178,-0.7893746104410989,0.0,-0.10001685746349252,-0.07895076789778732,0.061401531130927785,0.0,0.006141188187162204,0.007896407699466276,0.0,-0.0,-0.0
39.85,38.34734152059615,-16.177475104284927,-8,-2.236803863346117,-0.6178516668201698,-0.7862946761917812,0.0,-0.10001685746349252,-0.07864272255297639,0.061795582093934195,0.0,0.006180599926162568,0.007865597972122029,0.0,-0.0,-0.0
39.900000000000006,38.31635080601434,-16.216712462137345,-8,-2.241804706219292,-0.6217760608246077,-0.7831950779885135,0.0,-0.10001685746349252,-0.07833271048128607,0.062188087649706646,0.0,0.0062198570983878895,0.007834591538935816,0.0,-0.0,-0.0
39.95,38.28516425785516,-16.255794349054366,-8,-2.2468055490924663,-0.6256849052187049,-0.7800758933472179,0.0,-0.10001685746349252,-0.07802073943561529,0.06257903798231804,0.0,0.006258958722079988,0.007803389175328225,0.0,-0.0,-0.0
40.0,38.25378253281814,-16.294719687687653,-8,-2.251806391965641,-0.629578102248607,-0.7769372002736402,0.0,-0.10001685746349252,-0.07770681721785362,0.06296842331473505,0.0,0.006297903819370715,0.007771991661619733,0.0,-0.0,-0.0
40.05,38.222206690852936,-16.333487726729974,-8,-2.2568072348388153,-0.6334555545517729,-0.7737790772614014,0.0,-0.10001685746349252,-0.07739095167868636,0.06335623390906228,0.0,0.006336691416306375,0.007740399783011211,0.0,-0.0,-0.0
40.1,38.190437305582776,-16.372097321777463,-8,-2.26180807771199,-0.6373171651594132,-0.7706016032900329,0.0,-0.10001685746349252,-0.07707315071739804,0.06374246006678615,0.0,0.006375320542872115,0.007708614329564276,0.0,-0.0,-0.0
40.150000000000006,38.15847517796459,-16.410547510912792,-8,-2.2668089205851647,-0.6411628374989122,-0.767404857823003,0.0,-0.10001685746349252,-0.07675342228167505,0.06412709212901713,0.0,0.006413790233016159,0.007676636096181544,0.0,-0.0,-0.0
40.2,38.1263213148744,-16.448837506253255,-8,-2.27180976345834,-0.6449924753962454,-0.7641889208057283,0.0,-0.10001685746349252,-0.07643177436740671,0.06451012047673148,0.0,0.006452099524673983,0.0076444658825867385,0.0,-0.0,-0.0
40.25,38.09397624389517,-16.486966118273667,-8,-2.276810606331514,-0.6488059830783822,-0.7609538726635761,0.0,-0.10001685746349252,-0.07610821501848553,0.0648915355310117,0.0,0.006490247459792358,0.0076121044933047085,0.0,-0.0,-0.0
40.3,38.06144090689227,-16.524932504555053,-8,-2.2818114492046884,-0.6526032651756843,-0.7576997942998503,0.0,-0.10001685746349252,-0.07578275232660574,0.06527132775328623,0.0,0.006528233084353334,0.007579552737641283,0.0,-0.0,-0.0
40.35,38.028716259020804,-16.562735838886937,-8,-2.286812292077863,-0.6563842267242885,-0.7544267670937702,0.0,-0.10001685746349252,-0.07545539443106108,0.06564948764556792,0.0,0.006566055448398081,0.007546811429663044,0.0,-0.0,-0.0
40.400000000000006,37.99580278332286,-16.600374884993307,-8,-2.2918131349510382,-0.6601487731684818,-0.7511348728984352,0.0,-0.10001685746349252,-0.07512614951854137,0.0660260057506915,0.0,0.0066037136060506495,0.007513881388176979,0.0,-0.0,-0.0
40.45,37.96270155913405,-16.637848923945977,-8,-2.2968139778242125,-0.6638968103630651,-0.7478241940387783,0.0,-0.10001685746349252,-0.07479502582292767,0.06640087265255001,0.0,0.0066412066155416135,0.007480763436709999,0.0,-0.0,-0.0
40.5,37.92941349128171,-16.67515708948691,-8,-2.301814820697387,-0.6676282445757111,-0.7444948133095047,0.0,-0.10001685746349252,-0.07446203162508622,0.06677407897633063,0.0,0.006678533539231654,0.0074474584034883206,0.0,-0.0,-0.0
40.55,37.89593901980489,-16.71229809699493,-8,-2.3068156635705614,-0.6713429824893046,-0.7411468139730247,0.0,-0.10001685746349252,-0.07412717525266162,0.06714561538874873,0.0,0.0067156934436349725,0.0074139671214167886,0.0,-0.0,-0.0
40.6,37.86227935798344,-16.749271354948238,-8,-2.3118165064437366,-0.6750409312042789,-0.7377802797573679,0.0,-0.10001685746349252,-0.0737904650798683,0.06751547259828163,0.0,0.006752685399442669,0.007380290428058011,0.0,-0.0,-0.0
40.650000000000006,37.828435316724836,-16.786075913741836,-8,-2.316817349316911,-0.678721998240936,-0.7343952948540935,0.0,-0.10001685746349252,-0.07345190952728144,0.06788364135540052,0.0,0.006789508481545941,0.007346429165611456,0.0,-0.0,-0.0
40.7,37.79440742971579,-16.82271056369014,-8,-2.321818192190086,-0.6823860915417638,-0.7309919439161799,0.0,-0.10001685746349252,-0.07311151706162589,0.06825011245280235,0.0,0.006826161769059269,0.007312384180892338,0.0,-0.0,-0.0
40.75,37.7601969054929,-16.859174719675583,-8,-2.32681903506326,-0.6860331194737329,-0.7275703120559133,0.0,-0.10001685746349252,-0.07276929619556505,0.06861487672563948,0.0,0.006862644345343395,0.007278156325310499,0.0,-0.0,-0.0
40.8,37.72580449310331,-16.8954673724118,-8,-2.3318198779364345,-0.6896629908305942,-0.7241304848427524,0.0,-0.10001685746349252,-0.07242525548748731,0.06897792505174949,0.0,0.0068989552980283,0.007243746454849048,0.0,-0.0,-0.0
40.85,37.69123086480677,-16.931587434513172,-8,-2.3368207208096092,-0.6932756148351547,-0.7206725483011951,0.0,-0.10001685746349252,-0.07207940354129257,0.0693392483518828,0.0,0.006935093719035972,0.007209155430043017,0.0,-0.0,-0.0
40.900000000000006,37.65647717738675,-16.967534282137063,-8,-2.3418215636827844,-0.6968709011415501,-0.7171965889086226,0.0,-0.10001685746349252,-0.07173174900617675,0.06969883758993001,0.0,0.006971058704603145,0.007174384115957801,0.0,-0.0,-0.0
40.95,37.62154413572155,-17.003306859210984,-8,-2.3468224065559586,-0.7004487598375034,-0.71370269359314,0.0,-0.10001685746349252,-0.07138230057641576,0.0700566837731477,0.0,0.0070068493553038826,0.007139433382167556,0.0,-0.0,-0.0
41.0,37.58643254706258,-17.03890420451403,-8,-2.3518232494291333,-0.7040091014465749,-0.7101909497313987,0.0,-0.10001685746349252,-0.0710310669911477,0.07041277795238353,0.0,0.007042464776072093,0.007104304102733407,0.0,-0.0,-0.0
41.05,37.55114351789013,-17.074325653804326,-8,-2.3568240923023076,-0.7075518369303979,-0.7066614451464149,0.0,-0.10001685746349252,-0.07067805703415463,0.07076711122229991,0.0,0.007077904076223893,0.007068997156181638,0.0,-0.0,-0.0
41.1,37.51567771050183,-17.109570102681502,-8,-2.3618249351754828,-0.7110768776909073,-0.7031142681053703,0.0,-0.10001685746349252,-0.07032327953364269,0.07111967472159679,0.0,0.007113166369479899,0.007033513425481682,0.0,-0.0,-0.0
41.150000000000006,37.480036063474934,-17.144636719873727,-8,-2.366825778048657,-0.7145841355725526,-0.6995495073174076,0.0,-0.10001685746349252,-0.06996674336202158,0.07147045963323301,0.0,0.007148250773987363,0.006997853798024074,0.0,-0.0,-0.0
41.2,37.444219634474926,-17.179524799100736,-8,-2.371826620921832,-0.7180735228645067,-0.6959672519314086,0.0,-0.10001685746349252,-0.0696084574356823,0.0718194571846473,0.0,0.007183156412342274,0.0069620191655982225,0.0,-0.0,-0.0
41.25,37.40822904484307,-17.21423318612985,-8,-2.376827463795006,-0.7215449523028536,-0.6923675915337694,0.0,-0.10001685746349252,-0.06924843071477463,0.07216665864797703,0.0,0.007217882411611238,0.006926010424370152,0.0,-0.0,-0.0
41.3,37.37206536073382,-17.24876118334061,-8,-2.381828306668181,-0.7249983370727784,-0.6887506161461534,0.0,-0.10001685746349252,-0.06888667220298247,0.07251205534027719,0.0,0.007252427903353386,0.006889828474860031,0.0,-0.0,-0.0
41.35,37.33572959252394,-17.283108040810998,-8,-2.3868291495413554,-0.7284335908107299,-0.6851164162232475,0.0,-0.10001685746349252,-0.06852319094729936,0.07285563862373681,0.0,0.007286792023642005,0.006853474221919721,0.0,-0.0,-0.0
41.400000000000006,37.29922232225801,-17.31727255300973,-8,-2.3918299924145305,-0.7318506276065877,-0.6814650826504932,0.0,-0.10001685746349252,-0.06815799603780152,0.07319739990589563,0.0,0.007320973913086224,0.006816948574710084,0.0,-0.0,-0.0
41.45,37.26254473983788,-17.351254159586297,-8,-2.396830835287705,-0.7352493620058052,-0.6777967067418198,0.0,-0.10001685746349252,-0.06779109660742123,0.07353733063985843,0.0,0.007354972716852442,0.006780252446678302,0.0,-0.0,-0.0
41.5,37.22569780273583,-17.385052057544314,-8,-2.4018316781608795,-0.7386297090115508,-0.6741113802373551,0.0,-0.10001685746349252,-0.06742250183171775,0.07387542232450924,0.0,0.007388787584685754,0.006743386755534978,0.0,-0.0,-0.0
41.55,37.18868207693031,-17.418665012223915,-8,-2.4068325210340538,-0.7419915840868305,-0.6704091953011354,0.0,-0.10001685746349252,-0.06705222092864838,0.07421166650472355,0.0,0.007422417670931178,0.006706352423231236,0.0,-0.0,-0.0
41.6,37.15149885062498,-17.452092580480315,-8,-2.411833363907229,-0.745334903156605,-0.6666902445187977,0.0,-0.10001685746349252,-0.06668026315833757,0.07454605477158016,0.0,0.007455862134554841,0.00666915037593562,0.0,-0.0,-0.0
41.650000000000006,37.11414898944669,-17.48533385820599,-8,-2.416834206780404,-0.7486595826098889,-0.6629546208952669,0.0,-0.10001685746349252,-0.06630663782284563,0.07487857876257106,0.0,0.007489120139164969,0.006631781544010974,0.0,-0.0,-0.0
41.7,37.07663318819262,-17.518387743343826,-8,-2.4218350496535783,-0.7519655393018431,-0.659202417852429,0.0,-0.10001685746349252,-0.06593135426593602,0.07520923016181072,0.0,0.0075221908530328264,0.006594246861991154,0.0,-0.0,-0.0
41.75,37.03895268622435,-17.551253750281912,-8,-2.4268358925267526,-0.755252690555856,-0.6554337292267927,0.0,-0.10001685746349252,-0.06555442187284148,0.07553800070024427,0.0,0.00755507344911353,0.0065565472685576425,0.0,-0.0,-0.0
41.8,37.001108308557626,-17.583930925046054,-8,-2.4318367353999273,-0.7585209541656089,-0.6516486492671447,0.0,-0.10001685746349252,-0.06517585007002945,0.07586488215585406,0.0,0.007587767105066713,0.006518683706516095,0.0,-0.0,-0.0
41.85,36.96310087492708,-17.616418301745732,-8,-2.4368375782731024,-0.7617702483971325,-0.6478472726321931,0.0,-0.10001685746349252,-0.06479564832496644,0.0761898663538653,0.0,0.00762027100327709,0.006480657122772757,0.0,-0.0,-0.0
41.900000000000006,36.924931577431366,-17.64871535074828,-8,-2.4418384211462767,-0.7650004919908494,-0.6440296943882,0.0,-0.10001685746349252,-0.06441382614588124,0.07651294516695044,0.0,0.007652584330874902,0.006442468468310794,0.0,-0.0,-0.0
41.95,36.886601202181055,-17.680821066802835,-8,-2.4468392640194514,-0.7682116041636102,-0.6401960100066015,0.0,-0.10001685746349252,-0.0640303930815269,0.07683411051543275,0.0,0.007684706279756269,0.006404118698166474,0.0,-0.0,-0.0
42.0,36.84811068988928,-17.712734623662215,-8,-2.4518401068926257,-0.7714035046107092,-0.6363463153616241,0.0,-0.10001685746349252,-0.06364535872094222,0.0771533543674879,0.0,0.007716636046603366,0.006365608771405329,0.0,-0.0,-0.0
42.05,36.80946118700644,-17.74445544615757,-8,-2.4568409497658004,-0.7745761135078963,-0.6324807067278831,0.0,-0.10001685746349252,-0.06325873269321171,0.07747066873934527,0.0,0.007748372832904543,0.00632693965109813,0.0,-0.0,-0.0
42.1,36.770653442476785,-17.775982476391434,-8,-2.461841792638975,-0.7777293515133709,-0.6285992807779783,0.0,-0.10001685746349252,-0.06287052466722498,0.07778604569548729,0.0,0.007779915844974269,0.006288112304296831,0.0,-0.0,-0.0
42.150000000000006,36.73168851395719,-17.80731503114819,-8,-2.46684263551215,-0.7808631397697673,-0.624702134580074,0.0,-0.10001685746349252,-0.06248074435143478,0.07809947734884805,0.0,0.007811264293973,0.006249127702010368,0.0,-0.0,-0.0
42.2,36.69256750389911,-17.838452488246002,-8,-2.4718434783853245,-0.7839773999061256,-0.6207893655954738,0.0,-0.10001685746349252,-0.06208940149361446,0.07841095586101043,0.0,0.007842417395926886,0.006209986819180397,0.0,-0.0,-0.0
42.25,36.65329112585151,-17.869393735811848,-8,-2.4768443212584987,-0.7870720540398537,-0.6168610716761802,0.0,-0.10001685746349252,-0.06169650588061376,0.07872047344240234,0.0,0.007873374371747403,0.006170690634656875,0.0,-0.0,-0.0
42.3,36.613860550306164,-17.900138236959783,-8,-2.4818451641316734,-0.7901470247786737,-0.6129173510624495,0.0,-0.10001685746349252,-0.06130206733811442,0.0790280223524913,0.0,0.007904134447250825,0.006131240131173611,0.0,-0.0,-0.0
42.35,36.57427683739877,-17.930685321057716,-8,-2.4868460070048486,-0.7932022352225571,-0.6089583023803348,0.0,-0.10001685746349252,-0.06090609573038432,0.07933359489997815,0.0,0.007934696853177573,0.00609163629532368,0.0,-0.0,-0.0
42.400000000000006,36.53454066708531,-17.961033820969515,-8,-2.491846849878023,-0.7962376089656473,-0.6049840246392204,0.0,-0.10001685746349252,-0.06050860096003095,0.07963718344298924,0.0,0.007965060825211463,0.006051880117534763,0.0,-0.0,-0.0
42.45,36.49465331851143,-17.991183349345523,-8,-2.4968476927511976,-0.7992530700981736,-0.6009946172293427,0.0,-0.10001685746349252,-0.060109592967753415,0.07993878038926783,0.0,0.007995225603998832,0.006011972592044346,0.0,-0.0,-0.0
42.5,36.454615785556335,-18.02113315122714,-8,-2.501848535624372,-0.8022485432083453,-0.596990179919308,0.0,-0.10001685746349252,-0.05970908173209419,0.08023837819636359,0.0,0.008025190435167504,0.00597191471687489,0.0,-0.0,-0.0
42.55,36.41442879338655,-18.0508821064071,-8,-2.506849378497547,-0.8052239533842416,-0.5929708128535947,0.0,-0.10001685746349252,-0.059307077269189275,0.08053596937182164,0.0,0.008054954569345685,0.0059317074938088415,0.0,-0.0,-0.0
42.6,36.37409364857938,-18.08042987674837,-8,-2.5118502213707212,-0.808179226215681,-0.5889366165500522,0.0,-0.10001685746349252,-0.05890358963251813,0.08083154647336944,0.0,0.008084517262180664,0.005891351928363622,0.0,-0.0,-0.0
42.650000000000006,36.333611283803364,-18.10977562287082,-8,-2.5168510642438964,-0.8111142877960864,-0.5848876918973825,0.0,-0.10001685746349252,-0.05849862891265164,0.08112510210910343,0.0,0.008113877774357474,0.005850849029766422,0.0,-0.0,-0.0
42.7,36.2929825383764,-18.138918369946722,-8,-2.5218519071170706,-0.8140290647243295,-0.5808241401526226,0.0,-0.10001685746349252,-0.05809220523700046,0.08141662893767339,0.0,0.008143035371617341,0.005810199810929029,0.0,-0.0,-0.0
42.75,36.25220867490898,-18.16785773241773,-8,-2.526852749990245,-0.8169234841065693,-0.5767460629386071,0.0,-0.10001685746349252,-0.05768432876956115,0.08170611966846644,0.0,0.008171989324776072,0.00576940528842244,0.0,-0.0,-0.0
42.8,36.211290591037354,-18.19659281694977,-8,-2.5318535928634196,-0.8197974735580743,-0.5726535622414292,0.0,-0.10001685746349252,-0.05727500971066227,0.0819935670617892,0.0,0.008200738909742286,0.005728466482451458,0.0,-0.0,-0.0
42.85,36.170229236004424,-18.22512279724125,-8,-2.5368544357365947,-0.8226509612050318,-0.5685467404078905,0.0,-0.10001685746349252,-0.056864258296709276,0.08227896392904878,0.0,0.008229283407535514,0.005687384416829194,0.0,-0.0,-0.0
42.900000000000006,36.12902583018462,-18.25344723893034,-8,-2.541855278609769,-0.8254838756863452,-0.5644257001429424,0.0,-0.10001685746349252,-0.05645208479992864,0.08256230313293257,0.0,0.008257622104304179,0.005646160118951455,0.0,-0.0,-0.0
42.95,36.087681238024274,-18.28156519350235,-8,-2.5468561214829437,-0.8282961461554209,-0.5602905445071134,0.0,-0.10001685746349252,-0.05603849952811057,0.0828435775875869,0.0,0.008285754291343464,0.0056047946197710285,0.0,-0.0,-0.0
43.0,36.04619651439657,-18.309475986233924,-8,-2.551856964356118,-0.8310877022819376,-0.5561413769139368,0.0,-0.10001685746349252,-0.05562351282435169,0.08312278025879406,0.0,0.008313679265113018,0.005563288953771932,0.0,-0.0,-0.0
43.05,36.004572839201984,-18.337179132619045,-8,-2.556857807229293,-0.8338584742536069,-0.5519783011273602,0.0,-0.10001685746349252,-0.05520713506679594,0.08339990416414836,0.0,0.008341396327254563,0.00552164415894351,0.0,-0.0,-0.0
43.1,35.96281104556799,-18.36467362777906,-8,-2.5618586501024674,-0.836608392777917,-0.5478014212591553,0.0,-0.10001685746349252,-0.05478937666837556,0.08367494237323049,0.0,0.008368904784609346,0.005479861276754522,0.0,-0.0,-0.0
43.150000000000006,35.920912289636924,-18.391958951525176,-8,-2.566859492975642,-0.8393373890838686,-0.5436108417663087,0.0,-0.10001685746349252,-0.05437024807655008,0.08394788800778125,0.0,0.00839620394923549,0.005437941352127038,0.0,-0.0,-0.0
43.2,35.87887771262798,-18.41903456790848,-8,-2.5718603358488172,-0.8420453949236921,-0.5394066674484135,0.0,-0.10001685746349252,-0.05394975977304548,0.08421873424187319,0.0,0.008423293138425188,0.005395885433410353,0.0,-0.0,-0.0
43.25,35.83670811824863,-18.445899414546968,-8,-2.5768611787219915,-0.8447323425745552,-0.5351890034450486,0.0,-0.10001685746349252,-0.053527922273592037,0.08448747430208142,0.0,0.008450171674721766,0.005353694572354762,0.0,-0.0,-0.0
43.3,35.79440475948472,-18.47255312864557,-8,-2.581862021595166,-0.847398164840258,-0.5309579552331456,0.0,-0.10001685746349252,-0.053104746127660966,0.08475410146765322,0.0,0.008476838885936656,0.0053113698240852235,0.0,-0.0,-0.0
43.35,35.751968740696476,-18.498995121556558,-8,-2.586862864468341,-0.8500427950529108,-0.5267136286243551,0.0,-0.10001685746349252,-0.05268024191820106,0.08501860907067577,0.0,0.00850329410516617,0.00526891224707502,0.0,-0.0,-0.0
43.400000000000006,35.70940083809713,-18.52522427229963,-8,-2.5918637073415156,-0.8526661670746037,-0.5224561297623983,0.0,-0.10001685746349252,-0.052254420261373745,0.08528099049624314,0.0,0.008529536670808212,0.005226322903119254,0.0,-0.0,-0.0
43.45,35.66670239702788,-18.551240378234183,-8,-2.59686455021469,-0.8552682152990589,-0.5181855651204138,0.0,-0.10001685746349252,-0.05182729180628775,0.08554123918262162,0.0,0.008555565926578789,0.005183602857308316,0.0,-0.0,-0.0
43.5,35.62387444814219,-18.577042732198887,-8,-2.6018653930878646,-0.8578488746532732,-0.5139020414982925,0.0,-0.10001685746349252,-0.05139886723473255,0.08579934862141389,0.0,0.008581381221528458,0.005140753178001221,0.0,-0.0,-0.0
43.55,35.580917858207364,-18.60263034737166,-8,-2.6068662359610393,-0.8604080805991433,-0.5096056660200101,0.0,-0.10001685746349252,-0.05096915726091153,0.08605531235772171,0.0,0.008606981910058579,0.005097774936798923,0.0,-0.0,-0.0
43.6,35.537833944274624,-18.628002990121114,-8,-2.6118670788342144,-0.8629457691350816,-0.5052965461309451,0.0,-0.10001685746349252,-0.050538172631173814,0.08630912399030738,0.0,0.008632367351937478,0.00505466920851749,0.0,-0.0,-0.0
43.650000000000006,35.494623701969516,-18.653159890408027,-8,-2.6168679217073882,-0.8654618767976148,-0.5009747895951953,0.0,-0.10001685746349252,-0.0501059241237458,0.08656077717175377,0.0,0.008657536912316435,0.005011437071161255,0.0,-0.0,-0.0
43.7,35.451288096287165,-18.67810021795709,-8,-2.6218687645805634,-0.8679563406629743,-0.4966405044928764,0.0,-0.10001685746349252,-0.049672422548461034,0.08681026560862326,0.0,0.0086824899617456,0.0049680796058958,0.0,-0.0,-0.0
43.75,35.40782840568454,-18.702823687313543,-8,-2.6268696074537377,-0.8704290983486657,-0.4922937992174276,0.0,-0.10001685746349252,-0.04923767874649066,0.0870575830616148,0.0,0.00870722587618969,0.004924597897020992,0.0,-0.0,-0.0
43.8,35.36424559674009,-18.727329471015395,-8,-2.6318704503269124,-0.872880088015032,-0.4879347824728935,0.0,-0.10001685746349252,-0.04880170359007162,0.08730272334572027,0.0,0.008731744037043625,0.0048809930319438045,0.0,-0.0,-0.0
43.85,35.32054072814995,-18.751616898030395,-8,-2.636871293200087,-0.875309248366799,-0.4835635632712099,0.0,-0.10001685746349252,-0.04836450798223515,0.08754568033037892,0.0,0.008756043831147989,0.00483726610115116,0.0,-0.0,-0.0
43.900000000000006,35.27671504164063,-18.775685629884208,-8,-2.6418721360732618,-0.8777165186546078,-0.479180250929476,0.0,-0.10001685746349252,-0.04792610285653398,0.08778644793963078,0.0,0.008780124650804359,0.004793418198182642,0.0,-0.0,-0.0
43.95,35.23276947670268,-18.79953478066191,-8,-2.6468729789464365,-0.8801018386765347,-0.47478495506722074,0.0,-0.10001685746349252,-0.04748649917676892,0.08802502015226867,0.0,0.008803985893790512,0.004749450419603152,0.0,-0.0,-0.0
44.0,35.18870518114807,-18.823163841169567,-8,-2.6518738218196107,-0.8824651487795965,-0.47037778560366195,0.0,-0.10001685746349252,-0.047045707936714705,0.08826139100198863,0.0,0.008827626963375478,0.004705363864975494,0.0,-0.0,-0.0
44.05,35.144523361863676,-18.846572418761564,-8,-2.6568746646927854,-0.8848063898612428,-0.46595885275495563,0.0,-0.10001685746349252,-0.0466037401598449,0.08849555457753933,0.0,0.008851047268334473,0.004661159636832849,0.0,-0.0,-0.0
44.1,35.10022493323544,-18.86975956808589,-8,-2.66187550756596,-0.887125503370833,-0.4615282670314423,0.0,-0.10001685746349252,-0.046160606899056475,0.08872750502286965,0.0,0.008874246222963672,0.004616838840651242,0.0,-0.0,-0.0
44.150000000000006,35.0558111275497,-18.892724944280143,-8,-2.666876350439135,-0.8894224313111012,-0.45708613923488145,0.0,-0.10001685746349252,-0.04571631923639324,0.08895723653727539,0.0,0.008897223247094861,0.004572402584821864,0.0,-0.0,-0.0
44.2,35.01128311877055,-18.915468099420696,-8,-2.6718771933123096,-0.8916971162396071,-0.45263258045568117,0.0,-0.10001685746349252,-0.04527088828276867,0.0891847433755441,0.0,0.008919977766109954,0.004527851980623368,0.0,-0.0,-0.0
44.25,34.96664179818586,-18.9379880277808,-8,-2.676878036185484,-0.8939495012701713,-0.4481677020701202,0.0,-0.10001685746349252,-0.044824325177688196,0.08941001984809895,0.0,0.00894250921095535,0.004483188142194079,0.0,-0.0,-0.0
44.3,34.92188847786054,-18.960284551219594,-8,-2.681878879058659,-0.8961795300742997,-0.4436916157375607,0.0,-0.10001685746349252,-0.044376641088970305,0.08963306032114095,0.0,0.008964817018156181,0.004438412186504109,0.0,-0.0,-0.0
44.35,34.877024289953596,-18.982357143332873,-8,-2.686879721931833,-0.8983871468825899,-0.4392044333976603,0.0,-0.10001685746349252,-0.043927847212467785,0.08985385921678972,0.0,0.008986900629830381,0.004393525233327468,0.0,-0.0,-0.0
44.400000000000006,34.83205013715652,-19.004204803552486,-8,-2.691880564805008,-0.9005722964861281,-0.43470626726756684,0.0,-0.10001685746349252,-0.04347795477178712,0.0900724110132232,0.0,0.00900875949370266,0.004348528405214007,0.0,-0.0,-0.0
44.45,34.78696737409185,-19.02582745632092,-8,-2.6968814076781826,-0.9027349242378686,-0.4301972298391165,0.0,-0.10001685746349252,-0.04302697501800825,0.09028871024481562,0.0,0.009030393063118302,0.004303422827461385,0.0,-0.0,-0.0
44.5,34.74177707973759,-19.04722446476482,-8,-2.7018822505513573,-0.9048749760540004,-0.4256774338760187,0.0,-0.10001685746349252,-0.04257491922940303,0.09050275150227416,0.0,0.00905180079705684,0.0042582096280869095,0.0,-0.0,-0.0
44.55,34.696480242738275,-19.068394991975413,-8,-2.7068830934245316,-0.9069923984152999,-0.42114699241103676,0.0,-0.10001685746349252,-0.04212179871115323,0.09071452943277428,0.0,0.009072982160145583,0.004212889937799336,0.0,-0.0,-0.0
44.6,34.65107818297651,-19.089338907815037,-8,-2.7118839362977063,-0.9090871383684703,-0.4166060187431594,0.0,-0.10001685746349252,-0.041667624795067665,0.0909240387400936,0.0,0.009093936622673014,0.00416746488997057,0.0,-0.0,-0.0
44.650000000000006,34.60557195467186,-19.110055516047733,-8,-2.716884779170881,-0.9111591435274642,-0.41205462643477,0.0,-0.10001685746349252,-0.041212408839299046,0.09113127418474432,0.0,0.009114663660602028,0.004121935620607352,0.0,-0.0,-0.0
44.7,34.55996262769235,-19.130544145746956,-8,-2.7218856220440557,-0.9132083620747948,-0.40749292930880465,0.0,-0.10001685746349252,-0.04075616222805975,0.09133623058410423,0.0,0.00913516275558304,0.00407630326832283,0.0,-0.0,-0.0
44.75,34.51425148913435,-19.15080461115095,-8,-2.72688646491723,-0.9152347427628312,-0.40292104144590685,0.0,-0.10001685746349252,-0.040298896371337226,0.09153890281254634,0.0,0.009155433394966942,0.004030568974308092,0.0,-0.0,-0.0
44.8,34.46843957049385,-19.17083615579059,-8,-2.731887307790405,-0.9172382349150812,-0.3983390771815721,0.0,-0.10001685746349252,-0.03984062270460844,0.09173928580156715,0.0,0.009175475071817945,0.003984733882303607,0.0,-0.0,-0.0
44.85,34.42252801808287,-19.190638276939016,-8,-2.73688815066358,-0.9192187884274564,-0.3937471511032927,0.0,-0.10001685746349252,-0.039381352688554284,0.0919373745399132,0.0,0.009195287284926225,0.003938799138570662,0.0,-0.0,-0.0
44.900000000000006,34.37651808818856,-19.210210732212957,-8,-2.741888993536754,-0.9211763537695273,-0.38914537804768884,0.0,-0.10001685746349252,-0.038921097808772606,0.09213316407370657,0.0,0.009214869538820482,0.0038927658918626613,0.0,-0.0,-0.0
44.95,34.33041079163848,-19.229552704087407,-8,-2.7468898364099292,-0.9231108819857619,-0.3845338730976361,0.0,-0.10001685746349252,-0.03845986957549099,0.09232664950656881,0.0,0.009234221343780326,0.0038466352933963954,0.0,-0.0,-0.0
45.0,34.28420734636141,-19.248663860146273,-8,-2.7518906792831035,-0.9250223246967476,-0.379912751579392,0.0,-0.10001685746349252,-0.037997679523279294,0.0925178259997431,0.0,0.009253342215848509,0.0038004084968232942,0.0,-0.0,-0.0
45.05,34.23790897983456,-19.26754390043431,-8,-2.756891522156278,-0.9269106341004046,-0.3752821290597059,0.0,-0.10001685746349252,-0.037534539210760616,0.09270668877221565,0.0,0.009272231676843054,0.0037540866582005156,0.0,-0.0,-0.0
45.1,34.19151668429156,-19.28619194559617,-8,-2.7618923650294525,-0.9287757629731785,-0.37064212134293384,0.0,-0.10001685746349252,-0.03707046022032271,0.09289323310083492,0.0,0.009290889254369192,0.0037076709359620866,0.0,-0.0,-0.0
45.150000000000006,34.145031744405046,-19.30460783553033,-8,-2.7668932079026276,-0.9306176646712232,-0.3659928444681383,0.0,-0.10001685746349252,-0.036605454157827975,0.09307745432043,0.0,0.009309314481831185,0.0036611624908898907,0.0,-0.0,-0.0
45.2,34.098455360862914,-19.322791211806486,-8,-2.7718940507758023,-0.9324362931315654,-0.3613344147061909,0.0,-0.10001685746349252,-0.036139532652323586,0.09325934782392711,0.0,0.00932750689844399,0.0036145624860846825,0.0,-0.0,-0.0
45.25,34.05178850939774,-19.34074113251317,-8,-2.7768948936489766,-0.9342316028732583,-0.3566669485568609,0.0,-0.10001685746349252,-0.03567270735575037,0.09343890906246483,0.0,0.009345466049244786,0.003567872086936967,0.0,-0.0,-0.0
45.3,34.00503253650955,-19.35845761175905,-8,-2.7818957365221513,-0.9360035489985191,-0.35199056274590207,0.0,-0.10001685746349252,-0.03520498994265141,0.09361613354550803,0.0,0.009363191485104358,0.003521092461097854,0.0,-0.0,-0.0
45.35,33.95818859835135,-19.375940178355663,-8,-2.786896579395326,-0.9377520871938502,-0.34730537422213564,0.0,-0.10001685746349252,-0.03473639210988027,0.09379101684095992,0.0,0.009380682762738317,0.0034742247784498815,0.0,-0.0,-0.0
45.400000000000006,33.911257715624664,-19.393187987442197,-8,-2.7918974222685002,-0.9394771737311483,-0.3426115001545246,0.0,-0.10001685746349252,-0.03426692557630843,0.09396355457527306,0.0,0.009397939444718187,0.003427270211077747,0.0,-0.0,-0.0
45.45,33.86424123233931,-19.410201068840525,-8,-2.7968982651416754,-0.9411787654687991,-0.3379090579292413,0.0,-0.10001685746349252,-0.03379660208253196,0.09413374243355874,0.0,0.009414961099482363,0.0033802299332389746,0.0,-0.0,-0.0
45.5,33.81714027490278,-19.426978866113544,-8,-2.8018991080148496,-0.9428568198527535,-0.33319816514673706,0.0,-0.10001685746349252,-0.03332543339057844,0.0943015761596947,0.0,0.00943174730134687,0.0033331051213345985,0.0,-0.0,-0.0
45.55,33.7699559322849,-19.443520706157717,-8,-2.8068999508880244,-0.944511294917595,-0.3284789396187949,0.0,-0.10001685746349252,-0.03285343128361217,0.09446705155643186,0.0,0.009448297630516043,0.0032858969538796853,0.0,-0.0,-0.0
45.6,33.722689519835455,-19.459826560850846,-8,-2.8119007937611986,-0.9461421492875864,-0.32375149936558817,0.0,-0.10001685746349252,-0.03238060756564002,0.09463016448549899,0.0,0.009464611673093006,0.003238606611473906,0.0,-0.0,-0.0
45.650000000000006,33.675342145714424,-19.475895812059182,-8,-2.8169016366343738,-0.9477493421777069,-0.31901596261272536,0.0,-0.10001685746349252,-0.031906974061215815,0.09479091086770651,0.0,0.009480689021090028,0.0031912352767719753,0.0,-0.0,-0.0
45.7,33.62791496221709,-19.49172796026166,-8,-2.8219024795075485,-0.9493328333946697,-0.31427244778829766,0.0,-0.10001685746349252,-0.03143254261514506,0.09494928668304817,0.0,0.009496529272438718,0.0031437841344541186,0.0,-0.0,-0.0
45.75,33.580409258083925,-19.50732291855526,-8,-2.8269033223807227,-0.950892583337929,-0.3095210735199136,0.0,-0.10001685746349252,-0.030957325092188386,0.09510528797080184,0.0,0.009512132031000098,0.0030962543711964066,0.0,-0.0,-0.0
45.8,33.53282612534128,-19.5226800064535,-8,-2.8319041652538974,-0.95242855300067,-0.3047619586317329,0.0,-0.10001685746349252,-0.030481333376764834,0.09525891082962844,0.0,0.009527496906574492,0.0030486471756410857,0.0,-0.0,-0.0
45.85,33.48516677462823,-19.53779889973307,-8,-2.836905008127072,-0.9539407039707835,-0.2999952221414968,0.0,-0.10001685746349252,-0.030004579372654865,0.09541015141766956,0.0,0.009542623514911296,0.0030009637383668695,0.0,-0.0,-0.0
45.900000000000006,33.43743247014496,-19.552679451922028,-8,-2.841905851000247,-0.9554289984318277,-0.29522098325755003,0.0,-0.10001685746349252,-0.029527075002702494,0.09555900595264354,0.0,0.009557511477718583,0.0029532052518591485,0.0,-0.0,-0.0
45.95,33.38962428991353,-19.567320919574687,-8,-2.8469066938734215,-0.956893399163973,-0.29043936137586013,0.0,-0.10001685746349252,-0.029048832208517197,0.09570547071193994,0.0,0.009572160422672556,0.0029053729104801754,0.0,-0.0,-0.0
46.0,33.34174349789834,-19.581723155370145,-8,-2.851907536746596,-0.9583338695449333,-0.28565047607703165,0.0,-0.10001685746349252,-0.028569862950175256,0.09584954203271283,0.0,0.009586569983426874,0.0028574679104391948,0.0,-0.0,-0.0
46.05,33.29379133584579,-19.595885952528377,-8,-2.8569083796197705,-0.959750373550882,-0.2808544471233143,0.0,-0.10001685746349252,-0.028090179205920524,0.09599121631197227,0.0,0.00960073979962181,0.002809491449762515,0.0,-0.0,-0.0
46.1,33.24576886991718,-19.609808504088104,-8,-2.8619092224929448,-0.9611428757573521,-0.27605139445561067,0.0,-0.10001685746349252,-0.027609792971865162,0.0961304900066744,0.0,0.009614669516893246,0.002761444728263576,0.0,-0.0,-0.0
46.150000000000006,33.197677412349385,-19.623490841124,-8,-2.86691006536612,-0.9625113413401236,-0.2712414381904729,0.0,-0.10001685746349252,-0.027128716261689247,0.09626735963381014,0.0,0.009628358786881563,0.0027133289475129055,0.0,-0.0,-0.0
46.2,33.149518182855836,-19.636932689773012,-8,-2.8719109082392946,-0.9638557360760922,-0.26642469861710344,0.0,-0.10001685746349252,-0.026646961106340787,0.09640182177049218,0.0,0.009641807267240328,0.0026651453108081156,0.0,-0.0,-0.0
46.25,33.10129224294003,-19.650133197307575,-8,-2.8769117511124693,-0.9651760263441275,-0.2616012961943426,0.0,-0.10001685746349252,-0.02616453955373445,0.0965338730540407,0.0,0.009655014621644871,0.002616895023143771,0.0,-0.0,-0.0
46.3,33.05300094298002,-19.663092556323658,-8,-2.881912593985643,-0.9664721791259118,-0.25677135154765895,0.0,-0.10001685746349252,-0.025681463668450536,0.09666351018206733,0.0,0.009667980519800686,0.0025685792911812793,0.0,-0.0,-0.0
46.35,33.00464546532412,-19.675810357067935,-8,-2.8869134368588183,-0.9677441620067679,-0.25193498546612864,0.0,-0.10001685746349252,-0.02519774553143285,0.09679072991255792,0.0,0.00968070463745171,0.002520199323218675,0.0,-0.0,-0.0
46.400000000000006,32.95622692638448,-19.688285923347696,-8,-2.891914279731993,-0.9689919431764676,-0.24709231889942115,0.0,-0.10001685746349252,-0.024713397239687244,0.09691552906395341,0.0,0.009693186656388396,0.0024717563291604687,0.0,-0.0,-0.0
46.45,32.90774665216772,-19.700519387791918,-8,-2.896915122605168,-0.9702154914300288,-0.2422434729547684,0.0,-0.10001685746349252,-0.024228430905978475,0.09703790451522955,0.0,0.009705426264455712,0.0024232515204873264,0.0,-0.0,-0.0
46.5,32.859205811340274,-19.712510277810445,-8,-2.901915965478342,-0.9714147761684947,-0.23738856889394103,0.0,-0.10001685746349252,-0.023742858658527776,0.09715785320597482,0.0,0.009717423155560914,0.002374686110225822,0.0,-0.0,-0.0
46.55,32.810605570148866,-19.724258095166494,-8,-2.9069168083515167,-0.9725897673997004,-0.23252772813020958,0.0,-0.10001685746349252,-0.023256692640708912,0.09727537213646718,0.0,0.00972917702968123,0.002326061312918039,0.0,-0.0,-0.0
46.6,32.76194723234001,-19.735762911851406,-8,-2.911917651224692,-0.9737404357390219,-0.22766107222531437,0.0,-0.10001685746349252,-0.022769945010745144,0.09739045836774886,0.0,0.00974068759287134,0.00227737834459126,0.0,-0.0,-0.0
46.650000000000006,32.71323195505759,-19.747024191952786,-8,-2.916918494097866,-0.9748667524101108,-0.2227887228864239,0.0,-0.10001685746349252,-0.022282627941404995,0.09750310902169991,0.0,0.009751954557270731,0.0022286384227275394,0.0,-0.0,-0.0
46.7,32.66446094927901,-19.75804161649815,-8,-2.9219193369710412,-0.9759686892456152,-0.21791080196308713,0.0,-0.10001685746349252,-0.021794753619697432,0.09761332128111032,0.0,0.009762977641110913,0.0021798427662332157,0.0,-0.0,-0.0
46.75,32.61563549861646,-19.768815196220462,-8,-2.9269201798442155,-0.9770462186878827,-0.21302743144419278,0.0,-0.10001685746349252,-0.021306334246567755,0.09772109238975031,0.0,0.00977375656872244,0.0021309925954084968,0.0,-0.0,-0.0
46.8,32.56675675086173,-19.779344331450513,-8,-2.93192102271739,-0.9780993137896504,-0.20813873345491218,0.0,-0.10001685746349252,-0.020817382036591815,0.09782641965243931,0.0,0.009784291070541826,0.0020820891319168733,0.0,-0.0,-0.0
46.85,32.5178259565916,-19.78962888367513,-8,-2.9369218655905645,-0.9791279482147187,-0.20324483025365006,0.0,-0.10001685746349252,-0.02032790921767105,0.09792930043511341,0.0,0.009794580883118275,0.0020331335987546213,0.0,-0.0,-0.0
46.900000000000006,32.468844381422976,-19.799668801798457,-8,-2.9419227084637396,-0.9801320962386101,-0.19834584422898296,0.0,-0.10001685746349252,-0.01983792803072628,0.0980297321648912,0.0,0.009804625749120272,0.0019841272202201733,0.0,-0.0,-0.0
46.95,32.419813165976294,-19.809463422010836,-8,-2.9469235513369143,-0.9811117327492115,-0.19344189789660327,0.0,-0.10001685746349252,-0.019347450729392042,0.09812771233013805,0.0,0.009814425417342017,0.0019350712218835484,0.0,-0.0,-0.0
47.0,32.37073359527104,-19.819012787339606,-8,-2.9519243942100886,-0.9820668332474034,-0.18853311389625113,0.0,-0.10001685746349252,-0.01885648957970975,0.09822323848052902,0.0,0.009823979642709707,0.0018859668305556622,0.0,-0.0,-0.0
47.05,32.32160691908026,-19.828316784340124,-8,-2.956925237083263,-0.9829973738476723,-0.1836196149886487,0.0,-0.10001685746349252,-0.018365056859821052,0.09831630822711011,0.0,0.00983328818628767,0.001836815274257658,0.0,-0.0,-0.0
47.1,32.272434273042876,-19.83737468472986,-8,-2.961926079956438,-0.9839033312787079,-0.1787015240524297,0.0,-0.10001685746349252,-0.017873164859660742,0.09840691924235799,0.0,0.00984235081528434,0.001787617782190192,0.0,-0.0,-0.0
47.150000000000006,32.223216971441445,-19.846186714043526,-8,-2.9669269228296127,-0.9847846828839848,-0.1737789640810693,0.0,-0.10001685746349252,-0.017380825880649695,0.0984950692602382,0.0,0.009851167303058067,0.0017383755847027226,0.0,-0.0,-0.0
47.2,32.173956243843485,-19.85475265793139,-8,-2.9719277657027874,-0.9856414066223294,-0.16885205817980423,0.0,-0.10001685746349252,-0.016888052235386825,0.0985807560762618,0.0,0.0098597374291228,0.0016890899132627007,0.0,-0.0,-0.0
47.25,32.12465324267749,-19.863071837618264,-8,-2.9769286085759616,-0.9864734810684711,-0.16392092956255672,0.0,-0.10001685746349252,-0.01639485624734143,0.09866397754754057,0.0,0.009868060979153591,0.0016397620004247981,0.0,-0.0,-0.0
47.3,32.07530928671556,-19.87114454773708,-8,-2.9819294514491363,-0.9872808854135786,-0.15898570154885103,0.0,-0.10001685746349252,-0.015901250250544795,0.09874473159284058,0.0,0.009876137744991964,0.0015903930798000638,0.0,-0.0,-0.0
47.35,32.02592558833264,-19.87897046669619,-8,-2.9869302943223106,-0.9880635994657789,-0.15404649756073238,0.0,-0.10001685746349252,-0.015407246589282018,0.09882301619263417,0.0,0.009883967524651106,0.0015409843860251012,0.0,-0.0,-0.0
47.400000000000006,31.976503336004885,-19.886549097015212,-8,-2.9919311371954858,-0.9888216036506642,-0.1491034411196764,0.0,-0.10001685746349252,-0.014912857617782925,0.09889882938915058,0.0,0.009891550122320939,0.0014915371547311537,0.0,-0.0,-0.0
47.45,31.927043830722052,-19.893880671145254,-8,-2.99693198006866,-0.9895548790117793,-0.14415665584350557,0.0,-0.10001685746349252,-0.014418095699913643,0.09897216928642472,0.0,0.009898885348372995,0.0014420526225132574,0.0,-0.0,-0.0
47.5,31.877548278000972,-19.900964803534418,-8,-3.0019328229418347,-0.9902634072110975,-0.13920626544329118,0.0,-0.10001685746349252,-0.013922973208866759,0.0990430340503448,0.0,0.009905973019365173,0.0013925320268992519,0.0,-0.0,-0.0
47.55,31.828017897172543,-19.90780117889002,-8,-3.006933665815009,-0.9909471705294782,-0.13425239372026523,0.0,-0.10001685746349252,-0.013427502526852446,0.09911142190869804,0.0,0.009912812958046323,0.0013429766063188869,0.0,-0.0,-0.0
47.6,31.778453973613104,-19.914389967032054,-8,-3.011934508688184,-0.9916061518671107,-0.1292951645627196,0.0,-0.10001685746349252,-0.012931696044788337,0.09917733115121513,0.0,0.00991940499336068,0.0012933876000728053,0.0,-0.0,-0.0
47.650000000000006,31.72885770817937,-19.92073071818831,-8,-3.016935351561359,-0.9922403347439405,-0.12433470194291289,0.0,-0.10001685746349252,-0.012435566161990146,0.0992407601296128,0.0,0.009925748960452136,0.0012437662483015992,0.0,-0.0,-0.0
47.7,31.67923034584592,-19.926823300031486,-8,-3.0219361944345335,-0.9928497033000832,-0.11937112991396556,0.0,-0.10001685746349252,-0.011939125285861142,0.09930170725763526,0.0,0.009931844700668368,0.0011941137919547534,0.0,-0.0,-0.0
47.75,31.62957315855383,-19.932667819352346,-8,-3.0269370373077074,-0.9934342422962198,-0.11440457260676067,0.0,-0.10001685746349252,-0.011442385831582162,0.0993601710110937,0.0,0.009937692061564802,0.0011444314727596396,0.0,-0.0,-0.0
47.8,31.579887344703657,-19.938263761949898,-8,-3.0319378801808825,-0.993993937113979,-0.10943515422683513,0.0,-0.10001685746349252,-0.01094536022180069,0.09941614992790458,0.0,0.009943290896908437,0.0010947205331904206,0.0,-0.0,-0.0
47.85,31.53017416968676,-19.94361117912441,-8,-3.036938723054057,-0.9945287737563012,-0.10446299905128065,0.0,-0.10001685746349252,-0.01044806088632089,0.09946964260812598,0.0,0.00994864106668148,0.001044982216437048,0.0,-0.0,-0.0
47.900000000000006,31.48043489419526,-19.94871011429065,-8,-3.041939565927232,-0.9950387388477899,-0.09948823142562951,0.0,-0.10001685746349252,-0.009950500261792145,0.09952064771399277,0.0,0.009953742437084868,0.00099521776637411,0.0,-0.0,-0.0
47.95,31.43067071638247,-19.95355998866218,-8,-3.046940408800406,-0.9955238196350459,-0.09451097576074806,0.0,-0.10001685746349252,-0.009452690791398335,0.09956916396995003,0.0,0.009958594880541608,0.0009454284275297557,0.0,-0.0,-0.0
48.0,31.380882916816073,-19.958161037713168,-8,-3.051941251673581,-0.9959840039869855,-0.0895313565297231,0.0,-0.10001685746349252,-0.008954644924546446,0.0996151901626849,0.0,0.009963198275699959,0.0008956154450545488,0.0,-0.0,-0.0
48.05,31.33107274713263,-19.96251324118714,-8,-3.056942094546755,-0.996419280395145,-0.08454949826475218,0.0,-0.10001685746349252,-0.008456375116555528,0.099658725141157,0.0,0.009967552507436481,0.0008457800646903592,0.0,-0.0,-0.0
48.1,31.281241407451,-19.966615955607335,-8,-3.0619429374199303,-0.9968296379739678,-0.07956552555402524,0.0,-0.10001685746349252,-0.007957893828344815,0.09969976781662719,0.0,0.009971657466858902,0.0007959235327391702,0.0,-0.0,-0.0
48.150000000000006,31.23139018826348,-19.97046960105215,-8,-3.0669437802931054,-0.9972150664610766,-0.07457956303861327,0.0,-0.10001685746349252,-0.007459213526122538,0.09973831716268472,0.0,0.009975513051308848,0.0007460470960319534,0.0,-0.0,-0.0
48.2,31.18152032941287,-19.974074022551793,-8,-3.0719446231662797,-0.9975755562175304,-0.06959173540934908,0.0,-0.10001685746349252,-0.0069603466810739525,0.09977437221527301,0.0,0.009979119164364409,0.0006961520018974668,0.0,-0.0,-0.0
48.25,31.131633050012216,-19.977428724281552,-8,-3.0769454660394535,-0.9979110982280652,-0.06460216740370761,0.0,-0.10001685746349252,-0.0064613057690493065,0.09980793207271368,0.0,0.00998247571584255,0.0006462394981310466,0.0,-0.0,-0.0
48.3,31.08172963040472,-19.980534098842803,-8,-3.0819463089126287,-0.9982216841013202,-0.05961098380268643,0.0,-0.10001685746349252,-0.00596210327025185,0.0998389958957292,0.0,0.009985582621801364,0.000596310832963402,0.0,-0.0,-0.0
48.35,31.031811307253907,-19.98338991502561,-8,-3.086947151785804,-0.9985073060700463,-0.05461830942768968,0.0,-0.10001685746349252,-0.005462751668926169,0.09986756290746372,0.0,0.009988439804542172,0.0005463672550294446,0.0,-0.0,-0.0
48.400000000000006,30.98187931646734,-19.98599586105639,-8,-3.091947994658978,-0.9987679569913016,-0.049624269137402865,0.0,-0.10001685746349252,-0.004963263453045613,0.09989363239350264,0.0,0.009991047192611475,0.0004964100133370248,0.0,-0.0,-0.0
48.45,30.931934927620304,-19.988352270968214,-8,-3.0969482138269675,-0.9990036025111043,-0.044629610908404276,0.0,-0.09995427386649447,-0.00446092035129373,0.0998546796790095,0.0,0.010189305055516107,-0.0042190731564626036,0.0,0.0046696140026187575,0.22720628825968892
48.5,30.88197938843617,-19.990459118261107,-8,-3.1019341450781335,-0.9992137044163842,-0.039648113529985915,0.0,-0.09934169114715631,-0.00393871064886325,0.09926357921413838,0.0,0.010715458658962024,-0.02114253281006908,0.0,0.021550756251330468,0.4334270596943922
48.55,30.83201400377291,-19.99231791715055,-8,-3.106864495298026,-0.9993970381144149,-0.0347211780925498,0.0,-0.09766272249493009,-0.003390964780749737,0.09760383559562318,0.0,0.011151575067942983,-0.046278491006497065,0.0,0.046637782664244246,0.5571755926602464
48.6,30.782040151153033,-19.993933187025288,-8,-3.111677351820873,-0.9995525707295108,-0.029910839975271785,0.0,-0.0946058291551104,-0.002829739816586409,0.0945634997379875,0.0,0.011221491309369154,-0.07576542743187448,0.0,0.07606717199278878,0.6088555141521748
48.650000000000006,30.73205921838383,-19.995312245988444,-8,-3.1162998377024986,-0.9996801537839671,-0.025290119225972203,0.0,-0.09003964390167649,-0.0022771133293374795,0.09001084506228159,0.0,0.01079783046164808,-0.10625649165517313,0.0,0.10649558433814521,0.5988704511651282
48.7,30.682072585401492,-19.9964665665148,-8,-3.1206564700700703,-0.9997808461150196,-0.020934654082058284,0.0,-0.0839869619698054,-0.0017582379962408606,0.08396855590080202,0.0,0.00988053277083537,-0.13492258442408034,0.0,0.1350998611512361,0.537624030694048
48.75,30.632081547961473,-19.997411406108185,-8,-3.124676218018472,-0.9998569205158673,-0.016915628765333413,0.0,-0.07659873198838493,-0.0012957157142107888,0.07658777228132681,0.0,0.00856587196087794,-0.15945494285355596,0.0,0.15957702523273165,0.435519879733888
48.8,30.58208725289275,-19.998164841498824,-8,-3.128298260053302,-0.9999116308517968,-0.013294001929439879,0.0,-0.06812804691252437,-0.0009056943871040696,0.06812202649504996,0.0,0.007009271028614896,-0.1780668350850156,0.0,0.1781442807330543,0.30296162527959025
48.85,30.532090677449027,-19.99874817472176,-8,-3.1314764410804967,-0.9999488315586076,-0.010116039965098961,0.0,-0.058904134956068305,-0.0005958765833251697,0.058901120923291035,0.0,0.005386903807924033,-0.18949421514180334,0.0,0.18953901315237073,0.15035289432608745
48.900000000000006,30.48209259635379,-19.999184436261636,-8,-3.134182428942582,-0.9999725444109747,-0.007410156829726352,0.0,-0.04930635052411035,-0.00036536779008511784,0.049304996789214024,0.0,0.0038613489543768277,-0.1929954749437103,0.0,0.19301878934059274,-0.011902686131668498
48.95,30.432093585629026,-19.999497282615998,-8,-3.136407570501544,-0.999986557486801,-0.005185059854712516,0.0,-0.03973816514550502,-0.00020604476479589418,0.03973763096469554,0.0,0.0025557654547050364,-0.18835063760645748,0.0,0.18836135749738264,-0.17340148909871841
49.0,30.38209404797045,-19.999710759528288,-8,-3.1381634472683353,-0.9999941202777644,-0.0034291996005284243,0.0,-0.0306011584053786,-0.00010493748017943132,0.030600978479067086,0.0,0.0015395003676273184,-0.1758604019284188,0.0,0.17586464717214886,-0.32373988758013106
49.050000000000004,30.3320942389332,-19.999847602561374,-8,-3.1394811305789982,-0.9999977707361157,-0.002111521441747429,0.0,-0.02226900887764288,-4.7021489731606785e-05,0.02226895923414565,0.0,0.000826037206530023,-0.1563453736038653,0.0,0.1563467692640437,-0.4525142545809795
49.1,30.282094306143506,-19.99992846042832,-8,-3.140409136317419,-0.9999992996435147,-0.0011835169960794233,0.0,-0.015061485057511715,-1.7825523551761385e-05,0.015061474509102979,0.0,0.00038206171219306066,-0.1311456556941562,0.0,0.13114601602197565,-0.5493209631062816
49.15,30.232094325369832,-19.999971415291327,-8,-3.141010079184701,-0.9999998303035361,-0.0005825743721385345,0.0,-0.009218436294006836,-5.370424736080112e-06,0.009218434729670795,0.0,0.00014447254979123135,-0.10212079420812689,0.0,0.1021208610445942,-0.6037563861611124
49.2,30.182094329464068,-19.99999100802537,-8,-3.141356026515175,-0.999999972003814,-0.0002366270724100382,0.0,-0.004873783722473353,-1.1532691738085676e-06,0.004873783586025997,0.0,4.0708087211224256e-05,-0.07164995165357764,0.0,0.07164995928028776,-0.6054168967505323
49.25,30.132094330024053,-19.999998086445803,-8,-3.1415225516390226,-0.9999999975428583,-7.010195071321261e-05,0.0,-0.002029511197095913,-1.422726939107308e-07,0.0020295111921091163,0.0,7.107512358716939e-06,-0.042632146633714244,0.0,0.0426321470272115,-0.5438988678795905
49.300000000000004,30.082094330061278,-19.99999981197293,-8,-3.141581486791533,-0.9999999999376513,-1.116679826018848e-05,0.0,-0.0005296562234057607,-5.914564194025449e-09,0.0005296562233727373,0.0,4.869700825922637e-07,-0.018486441928965622,0.0,0.018486441933250913,-0.4087986725533351
49.35,30.032094330061877,-19.999999998127702,-8,-3.141592375568983,-0.9999999999999614,-2.780208100520189e-07,0.0,-3.430089079689105e-05,-9.536361444857491e-12,3.430089079688972e-05,0.0,2.0528846565403267e-09,-0.0031520429960478,0.0,0.003152042996048249,-0.18971268377684156
49.382094330061875,30.0,-20.0,-8,-3.141592653589793,-1.0,-1.2246467991473532e-16,0.0,-0.0,-0.0,0.0,0.0,0.0,-0.0,0.0,0.0,0.0
49.43209433006187,29.949979166666665,-20.0,-8.0,-3.141592653589793,-1.00125,-1.1857181902996673e-16,0.0,0.0,-0.05,-5.921189464667502e-18,0.0,-1.0,-1.1842378929335003e-16,0.0,0.0,0.0
49.48209433006188,29.899833333333333,-20.0,-8.0,-3.141592653589793,-1.005,-1.1901590823981676e-16,0.0,0.0,-0.1,-1.1842378929335004e-17,0.0,-1.0,-1.1842378929335003e-16,0.0,0.0,0.0
49.532094330061874,29.8494375,-20.0,-8.0,-3.141592653589793,-1.01125,-1.1975605692290022e-16,0.0,0.0,-0.15000000000000002,-1.7763568394002508e-17,0.0,-1.0,-1.1842378929335003e-16,0.0,0.0,0.0
49.58209433006188,29.798666666666666,-20.0,-8.0,-3.141592653589793,-1.02,-1.2079226507921704e-16,0.0,0.0,-0.2,-2.3684757858670008e-17,0.0,-1.0,-1.1842378929335003e-16,0.0,0.0,0.0
49.632094330061875,29.747395833333332,-20.0,-8.0,-3.141592653589793,-1.03125,-1.2212453270876723e-16,0.0,0.0,-0.25,-2.960594732333751e-17,0.0,-1.0,-1.1842378929335003e-16,0.0,0.0,0.0
49.68209433006187,29.6955,-20.0,-8.0,-3.141592653589793,-1.045,-1.2375285981155076e-16,0.0,0.0,-0.30000000000000004,-3.5527136788005016e-17,0.0,-1.0,-1.1842378929335003e-16,0.0,0.0,0.0
49.73209433006188,29.642854166666666,-20.0,-8.0,-3.141592653589793,-1.06125,-1.2567724638756773e-16,0.0,0.0,-0.35000000000000003,-4.144832625267251e-17,0.0,-1.0,-1.1842378929335003e-16,0.0,0.0,0.0
49.782094330061874,29.589333333333332,-20.0,-8.0,-3.141592653589793,-1.08,-1.2789769243681805e-16,0.0,0.0,-0.4,-4.7369515717340015e-17,0.0,-1.0,-1.1842378929335003e-16,0.0,0.0,0.0
49.83209433006188,29.5348125,-20.0,-8.0,-3.141592653589793,-1.10125,-1.3041419795930173e-16,0.0,0.0,-0.45,-5.329070518200751e-17,0.0,-1.0,-1.1842378929335003e-16,0.0,0.0,0.0
49.882094330061875,29.479166666666668,-20.0,-8.0,-3.141592653589793,-1.125,-1.3322676295501878e-16,0.0,0.0,-0.5,-5.921189464667501e-17,0.0,-1.0,-1.1842378929335003e-16,0.0,0.0,0.0
49.93209433006187,29.422270833333332,-20.0,-8.0,-3.141592653589793,-1.15125,-1.3633538742396925e-16,0.0,0.0,-0.55,-6.513308411134252e-17,0.0,-1.0,-1.1842378929335003e-16,0.0,0.0,0.0
49.98209433006188,29.364,-20.0,-8.0,-3.141592653589793,-1.1800000000000002,-1.3974007136615305e-16,0.0,0.0,-0.6000000000000001,-7.105427357601003e-17,0.0,-1.0,-1.1842378929335003e-16,0.0,0.0,0.0
50.032094330061874,29.304229166666666,-20.0,-8.0,-3.141592653589793,-1.21125,-1.434408147815702e-16,0.0,0.0,-0.65,-7.697546304067752e-17,0.0,-1.0,-1.1842378929335003e-16,0.0,0.0,0.0
50.08209433006188,29.242833333333333,-20.0,-8.0,-3.141592653589793,-1.245,-1.474376176702208e-16,0.0,0.0,-0.7000000000000001,-8.289665250534503e-17,0.0,-1.0,-1.1842378929335003e-16,0.0,0.0,0.0
50.132094330061875,29.1796875,-20.0,-8.0,-3.141592653589793,-1.28125,-1.5173048003210473e-16,0.0,0.0,-0.75,-8.881784197001253e-17,0.0,-1.0,-1.1842378929335003e-16,0.0,0.0,0.0
50.18209433006187,29.11466666666667,-20.0,-8.0,-3.141592653589793,-1.32,-1.5631940186722206e-16,0.0,0.0,-0.8,-9.473903143468003e-17,0.0,-1.0,-1.1842378929335003e-16,0.0,0.0,0.0
50.23209433006188,29.047645833333334,-20.0,-8.0,-3.141592653589793,-1.36125,-1.6120438317557272e-16,0.0,0.0,-0.8500000000000001,-1.0066022089934753e-16,0.0,-1.0,-1.1842378929335003e-16,0.0,0.0,0.0
50.282094330061874,28.9785,-20.0,-8.0,-3.141592653589793,-1.405,-1.6638542395715679e-16,0.0,0.0,-0.9,-1.0658141036401502e-16,0.0,-1.0,-1.1842378929335003e-16,0.0,0.0,0.0
50.33209433006188,28.907104166666667,-20.0,-8.0,-3.141592653589793,-1.45125,-1.7186252421197421e-16,0.0,0.0,-0.9500000000000001,-1.1250259982868254e-16,0.0,-1.0,-1.1842378929335003e-16,0.0,0.0,0.0
50.382094330061875,28.833333333333332,-20.0,-8.0,-3.141592653589793,-1.5,-1.7763568394002506e-16,0.0,0.0,-1.0,-1.1842378929335003e-16,0.0,-1.0,-1.1842378929335003e-16,0.0,0.0,0.0
50.43209433006187,28.757104166666668,-20.0,-8.0,-3.141592653589793,-1.54875,-1.8340884366807588e-16,0.0,0.0,-0.95,-1.1250259982868251e-16,0.0,1.0,1.1842378929335003e-16,-0.0,0.0,0.0
50.48209433006188,28.6785,-20.0,-8.0,-3.141592653589793,-1.595,-1.888859439228933e-16,0.0,0.0,-0.8999999999999999,-1.0658141036401501e-16,0.0,1.0,1.1842378929335003e-16,-0.0,0.0,0.0
50.532094330061874,28.59764583333333,-20.0,-8.0,-3.141592653589793,-1.6387500000000002,-1.940669847044774e-16,0.0,0.0,-0.8499999999999999,-1.0066022089934751e-16,0.0,1.0,1.1842378929335003e-16,-0.0,0.0,0.0
50.58209433006188,28.514666666666667,-20.0,-8.0,-3.141592653589793,-1.6800000000000002,-1.9895196601282806e-16,0.0,0.0,-0.7999999999999998,-9.473903143468001e-17,0.0,1.0,1.1842378929335003e-16,-0.0,0.0,0.0
50.632094330061875,28.4296875,-20.0,-8.0,-3.141592653589793,-1.71875,-2.0354088784794536e-16,0.0,0.0,-0.75,-8.881784197001253e-17,0.0,1.0,1.1842378929335003e-16,-0.0,0.0,0.0
50.68209433006187,28.342833333333335,-20.0,-8.0,-3.141592653589793,-1.7550000000000001,-2.0783375020982932e-16,0.0,0.0,-0.7,-8.289665250534501e-17,0.0,1.0,1.1842378929335003e-16,-0.0,0.0,0.0
50.73209433006188,28.254229166666665,-20.0,-8.0,-3.141592653589793,-1.78875,-2.1183055309847988e-16,0.0,0.0,-0.6499999999999999,-7.697546304067751e-17,0.0,1.0,1.1842378929335003e-16,-0.0,0.0,0.0
50.782094330061874,28.163999999999998,-20.0,-8.0,-3.141592653589793,-1.82,-2.1553129651389706e-16,0.0,0.0,-0.5999999999999999,-7.105427357601001e-17,0.0,1.0,1.1842378929335003e-16,-0.0,0.0,0.0
50.83209433006188,28.072270833333334,-20.0,-8.0,-3.141592653589793,-1.8487500000000001,-2.189359804560809e-16,0.0,0.0,-0.5499999999999998,-6.513308411134249e-17,0.0,1.0,1.1842378929335003e-16,-0.0,0.0,0.0
50.882094330061875,27.979166666666668,-20.0,-8.0,-3.141592653589793,-1.875,-2.220446049250313e-16,0.0,0.0,-0.5,-5.921189464667501e-17,0.0,1.0,1.1842378929335003e-16,-0.0,0.0,0.0
50.93209433006187,27.8848125,-20.0,-8.0,-3.141592653589793,-1.8987499999999997,-2.2485716992074836e-16,0.0,0.0,-0.44999999999999996,-5.3290705182007506e-17,0.0,1.0,1.1842378929335003e-16,-0.0,0.0,0.0
50.98209433006188,27.78933333333333,-20.0,-8.0,-3.141592653589793,-1.92,-2.2737367544323206e-16,0.0,0.0,-0.3999999999999999,-4.7369515717340003e-17,0.0,1.0,1.1842378929335003e-16,-0.0,0.0,0.0
51.032094330061874,27.692854166666667,-20.0,-8.0,-3.141592653589793,-1.9387500000000002,-2.295941214924824e-16,0.0,0.0,-0.34999999999999987,-4.1448326252672494e-17,0.0,1.0,1.1842378929335003e-16,-0.0,0.0,0.0
51.08209433006188,27.5955,-20.0,-8.0,-3.141592653589793,-1.955,-2.315185080684993e-16,0.0,0.0,-0.2999999999999998,-3.5527136788004985e-17,0.0,1.0,1.1842378929335003e-16,-0.0,0.0,0.0
51.132094330061875,27.497395833333332,-20.0,-8.0,-3.141592653589793,-1.96875,-2.331468351712829e-16,0.0,0.0,-0.25,-2.960594732333751e-17,0.0,1.0,1.1842378929335003e-16,-0.0,0.0,0.0
51.18209433006187,27.398666666666667,-20.0,-8.0,-3.141592653589793,-1.9799999999999998,-2.34479102800833e-16,0.0,0.0,-0.19999999999999996,-2.3684757858670002e-17,0.0,1.0,1.1842378929335003e-16,-0.0,0.0,0.0
51.23209433006188,27.2994375,-20.0,-8.0,-3.141592653589793,-1.98875,-2.3551531095714987e-16,0.0,0.0,-0.1499999999999999,-1.7763568394002493e-17,0.0,1.0,1.1842378929335003e-16,-0.0,0.0,0.0
51.282094330061874,27.199833333333334,-20.0,-8.0,-3.141592653589793,-1.995,-2.362554596402333e-16,0.0,0.0,-0.09999999999999987,-1.1842378929334987e-17,0.0,1.0,1.1842378929335003e-16,-0.0,0.0,0.0
51.33209433006188,27.099979166666667,-20.0,-8.0,-3.141592653589793,-1.99875,-2.366995488500834e-16,0.0,0.0,-0.04999999999999982,-5.92118946466748e-18,0.0,1.0,1.1842378929335003e-16,-0.0,0.0,0.0
51.382094330061875,27.0,-20.0,-8.0,-3.141592653589793,-2.0,-2.3684757858670006e-16,0.0,0.0,-0.0,-0.0,0.0,1.0,1.1842378929335003e-16,-0.0,0.0,0.0
51.43209433006187,26.9,-20.0,-8.0,-3.141592653589793,-2.0,-2.3684757858670006e-16,0.0,0.0,-0.0,-0.0,0.0,-0.0,-0.0,0.0,0.0,0.0
51.48209433006188,26.8,-20.0,-8.0,-3.141592653589793,-2.0,-2.3684757858670006e-16,0.0,0.0,-0.0,-0.0,0.0,-0.0,-0.0,0.0,0.0,0.0
51.532094330061874,26.7,-20.0,-8.0,-3.141592653589793,-2.0,-2.3684757858670006e-16,0.0,0.0,-0.0,-0.0,0.0,-0.0,-0.0,0.0,0.0,0.0
51.58209433006188,26.6,-20.0,-8.0,-3.141592653589793,-2.0,-2.3684757858670006e-16,0.0,0.0,-0.0,-0.0,0.0,-0.0,-0.0,0.0,0.0,0.0
51.632094330061875,26.5,-20.0,-8.0,-3.141592653589793,-2.0,-2.3684757858670006e-16,0.0,0.0,-0.0,-0.0,0.0,-0.0,-0.0,0.0,0.0,0.0
51.68209433006187,26.4,-20.0,-8.0,-3.141592653589793,-2.0,-2.3684757858670006e-16,0.0,0.0,-0.0,-0.0,0.0,-0.0,-0.0,0.0,0.0,0.0
51.73209433006188,26.3,-20.0,-8.0,-3.141592653589793,-2.0,-2.3684757858670006e-16,0.0,0.0,-0.0,-0.0,0.0,-0.0,-0.0,0.0,0.0,0.0
51.782094330061874,26.2,-20.0,-8.0,-3.141592653589793,-2.0,-2.3684757858670006e-16,0.0,0.0,-0.0,-0.0,0.0,-0.0,-0.0,0.0,0.0,0.0
51.83209433006188,26.1,-20.0,-8.0,-3.141592653589793,-2.0,-2.3684757858670006e-16,0.0,0.0,-0.0,-0.0,0.0,-0.0,-0.0,0.0,0.0,0.0
51.882094330061875,26.0,-20.0,-8.0,-3.141592653589793,-2.0,-2.3684757858670006e-16,0.0,0.0,-0.0,-0.0,0.0,-0.0,-0.0,0.0,0.0,0.0
51.93209433006187,25.9,-20.0,-8.0,-3.141592653589793,-2.0,-2.3684757858670006e-16,0.0,0.0,-0.0,-0.0,0.0,-0.0,-0.0,0.0,0.0,0.0
51.98209433006188,25.8,-20.0,-8.0,-3.141592653589793,-2.0,-2.3684757858670006e-16,0.0,0.0,-0.0,-0.0,0.0,-0.0,-0.0,0.0,0.0,0.0
52.032094330061874,25.7,-20.0,-8.0,-3.141592653589793,-2.0,-2.3684757858670006e-16,0.0,0.0,-0.0,-0.0,0.0,-0.0,-0.0,0.0,0.0,0.0
52.08209433006188,25.6,-20.0,-8.0,-3.141592653589793,-2.0,-2.3684757858670006e-16,0.0,0.0,-0.0,-0.0,0.0,-0.0,-0.0,0.0,0.0,0.0
52.132094330061875,25.5,-20.0,-8.0,-3.141592653589793,-2.0,-2.3684757858670006e-16,0.0,0.0,-0.0,-0.0,0.0,-0.0,-0.0,0.0,0.0,0.0
52.18209433006187,25.4,-20.0,-8.0,-3.141592653589793,-2.0,-2.3684757858670006e-16,0.0,0.0,-0.0,-0.0,0.0,-0.0,-0.0,0.0,0.0,0.0
52.23209433006188,25.3,-20.0,-8.0,-3.141592653589793,-2.0,-2.3684757858670006e-16,0.0,0.0,-0.0,-0.0,0.0,-0.0,-0.0,0.0,0.0,0.0
52.282094330061874,25.2,-20.0,-8.0,-3.141592653589793,-2.0,-2.3684757858670006e-16,0.0,0.0,-0.0,-0.0,0.0,-0.0,-0.0,0.0,0.0,0.0
52.33209433006188,25.1,-20.0,-8.0,-3.141592653589793,-2.0,-2.3684757858670006e-16,0.0,0.0,-0.0,-0.0,0.0,-0.0,-0.0,0.0,0.0,0.0
52.382094330061875,25.0,-20.0,-8.0,-3.141592653589793,-2.0,-2.3684757858670006e-16,0.0,0.0,-0.0,-0.0,0.0,-0.0,-0.0,0.0,0.0,0.0
52.43209433006187,24.9,-20.0,-8.0,-3.141592653589793,-2.0,-2.3684757858670006e-16,0.0,0.0,-0.0,-0.0,0.0,-0.0,-0.0,0.0,0.0,0.0
52.48209433006188,24.8,-20.0,-8.0,-3.141592653589793,-2.0,-2.3684757858670006e-16,0.0,0.0,-0.0,-0.0,0.0,-0.0,-0.0,0.0,0.0,0.0
52.532094330061874,24.7,-20.0,-8.0,-3.141592653589793,-2.0,-2.3684757858670006e-16,0.0,0.0,-0.0,-0.0,0.0,-0.0,-0.0,0.0,0.0,0.0
52.58209433006188,24.6,-20.0,-8.0,-3.141592653589793,-2.0,-2.3684757858670006e-16,0.0,0.0,-0.0,-0.0,0.0,-0.0,-0.0,0.0,0.0,0.0
52.632094330061875,24.5,-20.0,-8.0,-3.141592653589793,-2.0,-2.3684757858670006e-16,0.0,0.0,-0.0,-0.0,0.0,-0.0,-0.0,0.0,0.0,0.0
52.68209433006187,24.4,-20.0,-8.0,-3.141592653589793,-2.0,-2.3684757858670006e-16,0.0,0.0,-0.0,-0.0,0.0,-0.0,-0.0,0.0,0.0,0.0
52.73209433006188,24.3,-20.0,-8.0,-3.141592653589793,-2.0,-2.3684757858670006e-16,0.0,0.0,-0.0,-0.0,0.0,-0.0,-0.0,0.0,0.0,0.0
52.782094330061874,24.2,-20.0,-8.0,-3.141592653589793,-2.0,-2.3684757858670006e-16,0.0,0.0,-0.0,-0.0,0.0,-0.0,-0.0,0.0,0.0,0.0
52.83209433006188,24.1,-20.0,-8.0,-3.141592653589793,-2.0,-2.3684757858670006e-16,0.0,0.0,-0.0,-0.0,0.0,-0.0,-0.0,0.0,0.0,0.0
52.882094330061875,24.0,-20.0,-8.0,-3.141592653589793,-2.0,-2.3684757858670006e-16,0.0,0.0,-0.0,-0.0,0.0,-0.0,-0.0,0.0,0.0,0.0
52.93209433006187,23.9,-20.0,-8.0,-3.141592653589793,-2.0,-2.3684757858670006e-16,0.0,0.0,-0.0,-0.0,0.0,-0.0,-0.0,0.0,0.0,0.0
52.98209433006188,23.8,-20.0,-8.0,-3.141592653589793,-2.0,-2.3684757858670006e-16,0.0,0.0,-0.0,-0.0,0.0,-0.0,-0.0,0.0,0.0,0.0
53.032094330061874,23.7,-20.0,-8.0,-3.141592653589793,-2.0,-2.3684757858670006e-16,0.0,0.0,-0.0,-0.0,0.0,-0.0,-0.0,0.0,0.0,0.0
53.08209433006188,23.6,-20.0,-8.0,-3.141592653589793,-2.0,-2.3684757858670006e-16,0.0,0.0,-0.0,-0.0,0.0,-0.0,-0.0,0.0,0.0,0.0
53.132094330061875,23.5,-20.0,-8.0,-3.141592653589793,-2.0,-2.3684757858670006e-16,0.0,0.0,-0.0,-0.0,0.0,-0.0,-0.0,0.0,0.0,0.0
53.18209433006187,23.4,-20.0,-8.0,-3.141592653589793,-2.0,-2.3684757858670006e-16,0.0,0.0,-0.0,-0.0,0.0,-0.0,-0.0,0.0,0.0,0.0
53.23209433006188,23.3,-20.0,-8.0,-3.141592653589793,-2.0,-2.3684757858670006e-16,0.0,0.0,-0.0,-0.0,0.0,-0.0,-0.0,0.0,0.0,0.0
53.282094330061874,23.2,-20.0,-8.0,-3.141592653589793,-2.0,-2.3684757858670006e-16,0.0,0.0,-0.0,-0.0,0.0,-0.0,-0.0,0.0,0.0,0.0
53.33209433006188,23.1,-20.0,-8.0,-3.141592653589793,-2.0,-2.3684757858670006e-16,0.0,0.0,-0.0,-0.0,0.0,-0.0,-0.0,0.0,0.0,0.0
53.382094330061875,23.0,-20.0,-8.0,-3.141592653589793,-2.0,-2.3684757858670006e-16,0.0,0.0,-0.0,-0.0,0.0,-0.0,-0.0,0.0,0.0,0.0
53.43209433006187,22.9,-20.0,-8.0,-3.141592653589793,-2.0,-2.3684757858670006e-16,0.0,0.0,-0.0,-0.0,0.0,-0.0,-0.0,0.0,0.0,0.0
53.48209433006188,22.799999999999997,-20.0,-8.0,-3.141592653589793,-2.0,-2.3684757858670006e-16,0.0,0.0,-0.0,-0.0,0.0,-0.0,-0.0,0.0,0.0,0.0
53.532094330061874,22.7,-20.0,-8.0,-3.141592653589793,-2.0,-2.3684757858670006e-16,0.0,0.0,-0.0,-0.0,0.0,-0.0,-0.0,0.0,0.0,0.0
53.58209433006188,22.6,-20.0,-8.0,-3.141592653589793,-2.0,-2.3684757858670006e-16,0.0,0.0,-0.0,-0.0,0.0,-0.0,-0.0,0.0,0.0,0.0
53.632094330061875,22.5,-20.0,-8.0,-3.141592653589793,-2.0,-2.3684757858670006e-16,0.0,0.0,-0.0,-0.0,0.0,-0.0,-0.0,0.0,0.0,0.0
53.68209433006187,22.400000000000002,-20.0,-8.0,-3.141592653589793,-2.0,-2.3684757858670006e-16,0.0,0.0,-0.0,-0.0,0.0,-0.0,-0.0,0.0,0.0,0.0
53.73209433006188,22.299999999999997,-20.0,-8.0,-3.141592653589793,-2.0,-2.3684757858670006e-16,0.0,0.0,-0.0,-0.0,0.0,-0.0,-0.0,0.0,0.0,0.0
53.782094330061874,22.2,-20.0,-8.0,-3.141592653589793,-2.0,-2.3684757858670006e-16,0.0,0.0,-0.0,-0.0,0.0,-0.0,-0.0,0.0,0.0,0.0
53.83209433006188,22.099999999999998,-20.0,-8.0,-3.141592653589793,-2.0,-2.3684757858670006e-16,0.0,0.0,-0.0,-0.0,0.0,-0.0,-0.0,0.0,0.0,0.0
53.882094330061875,22.0,-20.0,-8.0,-3.141592653589793,-2.0,-2.3684757858670006e-16,0.0,0.0,-0.0,-0.0,0.0,-0.0,-0.0,0.0,0.0,0.0
53.93209433006187,21.9,-20.0,-8.0,-3.141592653589793,-2.0,-2.3684757858670006e-16,0.0,0.0,-0.0,-0.0,0.0,-0.0,-0.0,0.0,0.0,0.0
53.98209433006188,21.799999999999997,-20.0,-8.0,-3.141592653589793,-2.0,-2.3684757858670006e-16,0.0,0.0,-0.0,-0.0,0.0,-0.0,-0.0,0.0,0.0,0.0
54.032094330061874,21.7,-20.0,-8.0,-3.141592653589793,-2.0,-2.3684757858670006e-16,0.0,0.0,-0.0,-0.0,0.0,-0.0,-0.0,0.0,0.0,0.0
54.08209433006188,21.6,-20.0,-8.0,-3.141592653589793,-2.0,-2.3684757858670006e-16,0.0,0.0,-0.0,-0.0,0.0,-0.0,-0.0,0.0,0.0,0.0
54.132094330061875,21.5,-20.0,-8.0,-3.141592653589793,-2.0,-2.3684757858670006e-16,0.0,0.0,-0.0,-0.0,0.0,-0.0,-0.0,0.0,0.0,0.0
54.18209433006187,21.4,-20.0,-8.0,-3.141592653589793,-2.0,-2.3684757858670006e-16,0.0,0.0,-0.0,-0.0,0.0,-0.0,-0.0,0.0,0.0,0.0
54.23209433006188,21.299999999999997,-20.0,-8.0,-3.141592653589793,-2.0,-2.3684757858670006e-16,0.0,0.0,-0.0,-0.0,0.0,-0.0,-0.0,0.0,0.0,0.0
54.282094330061874,21.2,-20.0,-8.0,-3.141592653589793,-2.0,-2.3684757858670006e-16,0.0,0.0,-0.0,-0.0,0.0,-0.0,-0.0,0.0,0.0,0.0
54.33209433006188,21.1,-20.0,-8.0,-3.141592653589793,-2.0,-2.3684757858670006e-16,0.0,0.0,-0.0,-0.0,0.0,-0.0,-0.0,0.0,0.0,0.0
54.382094330061875,21.0,-20.0,-8.0,-3.141592653589793,-2.0,-2.3684757858670006e-16,0.0,0.0,-0.0,-0.0,0.0,-0.0,-0.0,0.0,0.0,0.0
54.43209433006187,20.9,-20.0,-8.0,-3.141592653589793,-2.0,-2.3684757858670006e-16,0.0,0.0,-0.0,-0.0,0.0,-0.0,-0.0,0.0,0.0,0.0
54.48209433006188,20.799999999999997,-20.0,-8.0,-3.141592653589793,-2.0,-2.3684757858670006e-16,0.0,0.0,-0.0,-0.0,0.0,-0.0,-0.0,0.0,0.0,0.0
54.532094330061874,20.7,-20.0,-8.0,-3.141592653589793,-2.0,-2.3684757858670006e-16,0.0,0.0,-0.0,-0.0,0.0,-0.0,-0.0,0.0,0.0,0.0
54.58209433006188,20.6,-20.0,-8.0,-3.141592653589793,-2.0,-2.3684757858670006e-16,0.0,0.0,-0.0,-0.0,0.0,-0.0,-0.0,0.0,0.0,0.0
54.632094330061875,20.5,-20.0,-8.0,-3.141592653589793,-2.0,-2.3684757858670006e-16,0.0,0.0,-0.0,-0.0,0.0,-0.0,-0.0,0.0,0.0,0.0
54.68209433006187,20.4,-20.0,-8.0,-3.141592653589793,-2.0,-2.3684757858670006e-16,0.0,0.0,-0.0,-0.0,0.0,-0.0,-0.0,0.0,0.0,0.0
54.73209433006188,20.299999999999997,-20.0,-8.0,-3.141592653589793,-2.0,-2.3684757858670006e-16,0.0,0.0,-0.0,-0.0,0.0,-0.0,-0.0,0.0,0.0,0.0
54.782094330061874,20.2,-20.0,-8.0,-3.141592653589793,-2.0,-2.3684757858670006e-16,0.0,0.0,-0.0,-0.0,0.0,-0.0,-0.0,0.0,0.0,0.0
54.83209433006188,20.1,-20.0,-8.0,-3.141592653589793,-2.0,-2.3684757858670006e-16,0.0,0.0,-0.0,-0.0,0.0,-0.0,-0.0,0.0,0.0,0.0
54.882094330061875,20.0,-20.0,-8.0,-3.141592653589793,-2.0,-2.3684757858670006e-16,0.0,0.0,-0.0,-0.0,0.0,-0.0,-0.0,0.0,0.0,0.0
54.93209433006187,19.9,-20.0,-8.0,-3.141592653589793,-2.0,-2.3684757858670006e-16,0.0,0.0,-0.0,-0.0,0.0,-0.0,-0.0,0.0,0.0,0.0
54.98209433006188,19.799999999999997,-20.0,-8.0,-3.141592653589793,-2.0,-2.3684757858670006e-16,0.0,0.0,-0.0,-0.0,0.0,-0.0,-0.0,0.0,0.0,0.0
55.032094330061874,19.7,-20.0,-8.0,-3.141592653589793,-2.0,-2.3684757858670006e-16,0.0,0.0,-0.0,-0.0,0.0,-0.0,-0.0,0.0,0.0,0.0
55.08209433006188,19.6,-20.0,-8.0,-3.141592653589793,-2.0,-2.3684757858670006e-16,0.0,0.0,-0.0,-0.0,0.0,-0.0,-0.0,0.0,0.0,0.0
55.132094330061875,19.5,-20.0,-8.0,-3.141592653589793,-2.0,-2.3684757858670006e-16,0.0,0.0,-0.0,-0.0,0.0,-0.0,-0.0,0.0,0.0,0.0
55.18209433006187,19.4,-20.0,-8.0,-3.141592653589793,-2.0,-2.3684757858670006e-16,0.0,0.0,-0.0,-0.0,0.0,-0.0,-0.0,0.0,0.0,0.0
55.23209433006188,19.299999999999997,-20.0,-8.0,-3.141592653589793,-2.0,-2.3684757858670006e-16,0.0,0.0,-0.0,-0.0,0.0,-0.0,-0.0,0.0,0.0,0.0
55.282094330061874,19.2,-20.0,-8.0,-3.141592653589793,-2.0,-2.3684757858670006e-16,0.0,0.0,-0.0,-0.0,0.0,-0.0,-0.0,0.0,0.0,0.0
55.33209433006188,19.1,-20.0,-8.0,-3.141592653589793,-2.0,-2.3684757858670006e-16,0.0,0.0,-0.0,-0.0,0.0,-0.0,-0.0,0.0,0.0,0.0
55.382094330061875,19.0,-20.0,-8.0,-3.141592653589793,-2.0,-2.3684757858670006e-16,0.0,0.0,-0.0,-0.0,0.0,-0.0,-0.0,0.0,0.0,0.0
55.43209433006187,18.9,-20.0,-8.0,-3.141592653589793,-2.0,-2.3684757858670006e-16,0.0,0.0,-0.0,-0.0,0.0,-0.0,-0.0,0.0,0.0,0.0
55.48209433006188,18.799999999999997,-20.0,-8.0,-3.141592653589793,-2.0,-2.3684757858670006e-16,0.0,0.0,-0.0,-0.0,0.0,-0.0,-0.0,0.0,0.0,0.0
55.532094330061874,18.7,-20.0,-8.0,-3.141592653589793,-2.0,-2.3684757858670006e-16,0.0,0.0,-0.0,-0.0,0.0,-0.0,-0.0,0.0,0.0,0.0
55.58209433006188,18.6,-20.0,-8.0,-3.141592653589793,-2.0,-2.3684757858670006e-16,0.0,0.0,-0.0,-0.0,0.0,-0.0,-0.0,0.0,0.0,0.0
55.632094330061875,18.5,-20.0,-8.0,-3.141592653589793,-2.0,-2.3684757858670006e-16,0.0,0.0,-0.0,-0.0,0.0,-0.0,-0.0,0.0,0.0,0.0
55.68209433006187,18.4,-20.0,-8.0,-3.141592653589793,-2.0,-2.3684757858670006e-16,0.0,0.0,-0.0,-0.0,0.0,-0.0,-0.0,0.0,0.0,0.0
55.73209433006188,18.299999999999997,-20.0,-8.0,-3.141592653589793,-2.0,-2.3684757858670006e-16,0.0,0.0,-0.0,-0.0,0.0,-0.0,-0.0,0.0,0.0,0.0
55.782094330061874,18.2,-20.0,-8.0,-3.141592653589793,-2.0,-2.3684757858670006e-16,0.0,0.0,-0.0,-0.0,0.0,-0.0,-0.0,0.0,0.0,0.0
55.83209433006188,18.1,-20.0,-8.0,-3.141592653589793,-2.0,-2.3684757858670006e-16,0.0,0.0,-0.0,-0.0,0.0,-0.0,-0.0,0.0,0.0,0.0
55.882094330061875,18.0,-20.0,-8.0,-3.141592653589793,-2.0,-2.3684757858670006e-16,0.0,0.0,-0.0,-0.0,0.0,-0.0,-0.0,0.0,0.0,0.0
55.93209433006187,17.9,-20.0,-8.0,-3.141592653589793,-2.0,-2.3684757858670006e-16,0.0,0.0,-0.0,-0.0,0.0,-0.0,-0.0,0.0,0.0,0.0
55.98209433006188,17.799999999999997,-20.0,-8.0,-3.141592653589793,-2.0,-2.3684757858670006e-16,0.0,0.0,-0.0,-0.0,0.0,-0.0,-0.0,0.0,0.0,0.0
56.032094330061874,17.7,-20.0,-8.0,-3.141592653589793,-2.0,-2.3684757858670006e-16,0.0,0.0,-0.0,-0.0,0.0,-0.0,-0.0,0.0,0.0,0.0
56.08209433006188,17.6,-20.0,-8.0,-3.141592653589793,-2.0,-2.3684757858670006e-16,0.0,0.0,-0.0,-0.0,0.0,-0.0,-0.0,0.0,0.0,0.0
56.132094330061875,17.5,-20.0,-8.0,-3.141592653589793,-2.0,-2.3684757858670006e-16,0.0,0.0,-0.0,-0.0,0.0,-0.0,-0.0,0.0,0.0,0.0
56.18209433006187,17.4,-20.0,-8.0,-3.141592653589793,-2.0,-2.3684757858670006e-16,0.0,0.0,-0.0,-0.0,0.0,-0.0,-0.0,0.0,0.0,0.0
56.23209433006188,17.299999999999997,-20.0,-8.0,-3.141592653589793,-2.0,-2.3684757858670006e-16,0.0,0.0,-0.0,-0.0,0.0,-0.0,-0.0,0.0,0.0,0.0
56.282094330061874,17.2,-20.0,-8.0,-3.141592653589793,-2.0,-2.3684757858670006e-16,0.0,0.0,-0.0,-0.0,0.0,-0.0,-0.0,0.0,0.0,0.0
56.33209433006188,17.1,-20.0,-8.0,-3.141592653589793,-2.0,-2.3684757858670006e-16,0.0,0.0,-0.0,-0.0,0.0,-0.0,-0.0,0.0,0.0,0.0
56.382094330061875,17.0,-20.0,-8.0,-3.141592653589793,-2.0,-2.3684757858670006e-16,0.0,0.0,-0.0,-0.0,0.0,-0.0,-0.0,0.0,0.0,0.0
56.43209433006187,16.9,-20.0,-8.0,-3.141592653589793,-2.0,-2.3684757858670006e-16,0.0,0.0,-0.0,-0.0,0.0,-0.0,-0.0,0.0,0.0,0.0
56.48209433006188,16.799999999999997,-20.0,-8.0,-3.141592653589793,-2.0,-2.3684757858670006e-16,0.0,0.0,-0.0,-0.0,0.0,-0.0,-0.0,0.0,0.0,0.0
56.532094330061874,16.7,-20.0,-8.0,-3.141592653589793,-2.0,-2.3684757858670006e-16,0.0,0.0,-0.0,-0.0,0.0,-0.0,-0.0,0.0,0.0,0.0
56.58209433006188,16.6,-20.0,-8.0,-3.141592653589793,-2.0,-2.3684757858670006e-16,0.0,0.0,-0.0,-0.0,0.0,-0.0,-0.0,0.0,0.0,0.0
56.632094330061875,16.5,-20.0,-8.0,-3.141592653589793,-2.0,-2.3684757858670006e-16,0.0,0.0,-0.0,-0.0,0.0,-0.0,-0.0,0.0,0.0,0.0
56.68209433006187,16.4,-20.0,-8.0,-3.141592653589793,-2.0,-2.3684757858670006e-16,0.0,0.0,-0.0,-0.0,0.0,-0.0,-0.0,0.0,0.0,0.0
56.73209433006188,16.299999999999997,-20.0,-8.0,-3.141592653589793,-2.0,-2.3684757858670006e-16,0.0,0.0,-0.0,-0.0,0.0,-0.0,-0.0,0.0,0.0,0.0
56.782094330061874,16.2,-20.0,-8.0,-3.141592653589793,-2.0,-2.3684757858670006e-16,0.0,0.0,-0.0,-0.0,0.0,-0.0,-0.0,0.0,0.0,0.0
56.83209433006188,16.1,-20.0,-8.0,-3.141592653589793,-2.0,-2.3684757858670006e-16,0.0,0.0,-0.0,-0.0,0.0,-0.0,-0.0,0.0,0.0,0.0
56.882094330061875,16.0,-20.0,-8.0,-3.141592653589793,-2.0,-2.3684757858670006e-16,0.0,0.0,-0.0,-0.0,0.0,-0.0,-0.0,0.0,0.0,0.0
56.93209433006187,15.899999999999999,-20.0,-8.0,-3.141592653589793,-2.0,-2.3684757858670006e-16,0.0,0.0,-0.0,-0.0,0.0,-0.0,-0.0,0.0,0.0,0.0
56.98209433006188,15.799999999999999,-20.0,-8.0,-3.141592653589793,-2.0,-2.3684757858670006e-16,0.0,0.0,-0.0,-0.0,0.0,-0.0,-0.0,0.0,0.0,0.0
57.032094330061874,15.7,-20.0,-8.0,-3.141592653589793,-2.0,-2.3684757858670006e-16,0.0,0.0,-0.0,-0.0,0.0,-0.0,-0.0,0.0,0.0,0.0
57.08209433006188,15.6,-20.0,-8.0,-3.141592653589793,-2.0,-2.3684757858670006e-16,0.0,0.0,-0.0,-0.0,0.0,-0.0,-0.0,0.0,0.0,0.0
57.132094330061875,15.5,-20.0,-8.0,-3.141592653589793,-2.0,-2.3684757858670006e-16,0.0,0.0,-0.0,-0.0,0.0,-0.0,-0.0,0.0,0.0,0.0
57.18209433006187,15.399999999999999,-20.0,-8.0,-3.141592653589793,-2.0,-2.3684757858670006e-16,0.0,0.0,-0.0,-0.0,0.0,-0.0,-0.0,0.0,0.0,0.0
57.23209433006188,15.299999999999999,-20.0,-8.0,-3.141592653589793,-2.0,-2.3684757858670006e-16,0.0,0.0,-0.0,-0.0,0.0,-0.0,-0.0,0.0,0.0,0.0
57.282094330061874,15.2,-20.0,-8.0,-3.141592653589793,-2.0,-2.3684757858670006e-16,0.0,0.0,-0.0,-0.0,0.0,-0.0,-0.0,0.0,0.0,0.0
57.33209433006188,15.1,-20.0,-8.0,-3.141592653589793,-2.0,-2.3684757858670006e-16,0.0,0.0,-0.0,-0.0,0.0,-0.0,-0.0,0.0,0.0,0.0
57.382094330061875,15.0,-20.0,-8.0,-3.141592653589793,-2.0,-2.3684757858670006e-16,0.0,0.0,-0.0,-0.0,0.0,-0.0,-0.0,0.0,0.0,0.0
57.43209433006187,14.899999999999999,-20.000000000000004,-8.0,-3.141592653589793,-2.0,-2.3684757858670006e-16,0.0,0.0,-0.0,-0.0,0.0,-0.0,-0.0,0.0,0.0,0.0
57.48209433006188,14.800000000000002,-20.000000000000004,-8.0,-3.141592653589793,-2.0,-2.3684757858670006e-16,0.0,0.0,-0.0,-0.0,0.0,-0.0,-0.0,0.0,0.0,0.0
57.532094330061874,14.7,-20.000000000000004,-8.0,-3.141592653589793,-2.0,-2.3684757858670006e-16,0.0,0.0,-0.0,-0.0,0.0,-0.0,-0.0,0.0,0.0,0.0
57.58209433006188,14.599999999999998,-20.000000000000004,-8.0,-3.141592653589793,-2.0,-2.3684757858670006e-16,0.0,0.0,-0.0,-0.0,0.0,-0.0,-0.0,0.0,0.0,0.0
57.632094330061875,14.499999999999998,-20.000000000000004,-8.0,-3.141592653589793,-2.0,-2.3684757858670006e-16,0.0,0.0,-0.0,-0.0,0.0,-0.0,-0.0,0.0,0.0,0.0
57.68209433006187,14.399999999999999,-20.000000000000004,-8.0,-3.141592653589793,-2.0,-2.3684757858670006e-16,0.0,0.0,-0.0,-0.0,0.0,-0.0,-0.0,0.0,0.0,0.0
57.73209433006188,14.3,-20.000000000000004,-8.0,-3.141592653589793,-2.0,-2.3684757858670006e-16,0.0,0.0,-0.0,-0.0,0.0,-0.0,-0.0,0.0,0.0,0.0
57.782094330061874,14.199999999999998,-20.000000000000004,-8.0,-3.141592653589793,-2.0,-2.3684757858670006e-16,0.0,0.0,-0.0,-0.0,0.0,-0.0,-0.0,0.0,0.0,0.0
57.83209433006188,14.1,-20.000000000000004,-8.0,-3.141592653589793,-2.0,-2.3684757858670006e-16,0.0,0.0,-0.0,-0.0,0.0,-0.0,-0.0,0.0,0.0,0.0
57.882094330061875,14.0,-20.000000000000004,-8.0,-3.141592653589793,-2.0,-2.3684757858670006e-16,0.0,0.0,-0.0,-0.0,0.0,-0.0,-0.0,0.0,0.0,0.0
57.93209433006187,13.899999999999999,-20.000000000000004,-8.0,-3.141592653589793,-2.0,-2.3684757858670006e-16,0.0,0.0,-0.0,-0.0,0.0,-0.0,-0.0,0.0,0.0,0.0
57.98209433006188,13.8,-20.000000000000004,-8.0,-3.141592653589793,-2.0,-2.3684757858670006e-16,0.0,0.0,-0.0,-0.0,0.0,-0.0,-0.0,0.0,0.0,0.0
58.032094330061874,13.7,-20.000000000000004,-8.0,-3.141592653589793,-2.0,-2.3684757858670006e-16,0.0,0.0,-0.0,-0.0,0.0,-0.0,-0.0,0.0,0.0,0.0
58.08209433006188,13.599999999999998,-20.000000000000004,-8.0,-3.141592653589793,-2.0,-2.3684757858670006e-16,0.0,0.0,-0.0,-0.0,0.0,-0.0,-0.0,0.0,0.0,0.0
58.132094330061875,13.5,-20.000000000000004,-8.0,-3.141592653589793,-2.0,-2.3684757858670006e-16,0.0,0.0,-0.0,-0.0,0.0,-0.0,-0.0,0.0,0.0,0.0
58.18209433006187,13.399999999999999,-20.000000000000004,-8.0,-3.141592653589793,-2.0,-2.3684757858670006e-16,0.0,0.0,-0.0,-0.0,0.0,-0.0,-0.0,0.0,0.0,0.0
58.23209433006188,13.3,-20.000000000000004,-8.0,-3.141592653589793,-2.0,-2.3684757858670006e-16,0.0,0.0,-0.0,-0.0,0.0,-0.0,-0.0,0.0,0.0,0.0
58.282094330061874,13.2,-20.000000000000004,-8.0,-3.141592653589793,-2.0,-2.3684757858670006e-16,0.0,0.0,-0.0,-0.0,0.0,-0.0,-0.0,0.0,0.0,0.0
58.33209433006188,13.099999999999998,-20.000000000000004,-8.0,-3.141592653589793,-2.0,-2.3684757858670006e-16,0.0,0.0,-0.0,-0.0,0.0,-0.0,-0.0,0.0,0.0,0.0
58.382094330061875,13.0,-20.000000000000004,-8.0,-3.141592653589793,-2.0,-2.3684757858670006e-16,0.0,0.0,-0.0,-0.0,0.0,-0.0,-0.0,0.0,0.0,0.0
58.43209433006187,12.899999999999999,-20.000000000000004,-8.0,-3.141592653589793,-2.0,-2.3684757858670006e-16,0.0,0.0,-0.0,-0.0,0.0,-0.0,-0.0,0.0,0.0,0.0
58.48209433006188,12.8,-20.000000000000004,-8.0,-3.141592653589793,-2.0,-2.3684757858670006e-16,0.0,0.0,-0.0,-0.0,0.0,-0.0,-0.0,0.0,0.0,0.0
58.532094330061874,12.7,-20.000000000000004,-8.0,-3.141592653589793,-2.0,-2.3684757858670006e-16,0.0,0.0,-0.0,-0.0,0.0,-0.0,-0.0,0.0,0.0,0.0
58.58209433006188,12.599999999999998,-20.000000000000004,-8.0,-3.141592653589793,-2.0,-2.3684757858670006e-16,0.0,0.0,-0.0,-0.0,0.0,-0.0,-0.0,0.0,0.0,0.0
58.632094330061875,12.5,-20.000000000000004,-8.0,-3.141592653589793,-2.0,-2.3684757858670006e-16,0.0,0.0,-0.0,-0.0,0.0,-0.0,-0.0,0.0,0.0,0.0
58.68209433006187,12.399999999999999,-20.000000000000004,-8.0,-3.141592653589793,-2.0,-2.3684757858670006e-16,0.0,0.0,-0.0,-0.0,0.0,-0.0,-0.0,0.0,0.0,0.0
58.73209433006188,12.3,-20.000000000000004,-8.0,-3.141592653589793,-2.0,-2.3684757858670006e-16,0.0,0.0,-0.0,-0.0,0.0,-0.0,-0.0,0.0,0.0,0.0
58.782094330061874,12.2,-20.000000000000004,-8.0,-3.141592653589793,-2.0,-2.3684757858670006e-16,0.0,0.0,-0.0,-0.0,0.0,-0.0,-0.0,0.0,0.0,0.0
58.83209433006188,12.099999999999998,-20.000000000000004,-8.0,-3.141592653589793,-2.0,-2.3684757858670006e-16,0.0,0.0,-0.0,-0.0,0.0,-0.0,-0.0,0.0,0.0,0.0
58.882094330061875,12.0,-20.000000000000004,-8.0,-3.141592653589793,-2.0,-2.3684757858670006e-16,0.0,0.0,-0.0,-0.0,0.0,-0.0,-0.0,0.0,0.0,0.0
58.93209433006187,11.899999999999999,-20.000000000000004,-8.0,-3.141592653589793,-2.0,-2.3684757858670006e-16,0.0,0.0,-0.0,-0.0,0.0,-0.0,-0.0,0.0,0.0,0.0
58.98209433006188,11.799999999999997,-20.000000000000004,-8.0,-3.141592653589793,-2.0,-2.3684757858670006e-16,0.0,0.0,-0.0,-0.0,0.0,-0.0,-0.0,0.0,0.0,0.0
59.032094330061874,11.7,-20.000000000000004,-8.0,-3.141592653589793,-2.0,-2.3684757858670006e-16,0.0,0.0,-0.0,-0.0,0.0,-0.0,-0.0,0.0,0.0,0.0
59.08209433006188,11.599999999999998,-20.000000000000004,-8.0,-3.141592653589793,-2.0,-2.3684757858670006e-16,0.0,0.0,-0.0,-0.0,0.0,-0.0,-0.0,0.0,0.0,0.0
59.132094330061875,11.5,-20.000000000000004,-8.0,-3.141592653589793,-2.0,-2.3684757858670006e-16,0.0,0.0,-0.0,-0.0,0.0,-0.0,-0.0,0.0,0.0,0.0
59.18209433006187,11.399999999999999,-20.000000000000004,-8.0,-3.141592653589793,-2.0,-2.3684757858670006e-16,0.0,0.0,-0.0,-0.0,0.0,-0.0,-0.0,0.0,0.0,0.0
59.23209433006188,11.299999999999997,-20.000000000000004,-8.0,-3.141592653589793,-2.0,-2.3684757858670006e-16,0.0,0.0,-0.0,-0.0,0.0,-0.0,-0.0,0.0,0.0,0.0
59.282094330061874,11.2,-20.000000000000004,-8.0,-3.141592653589793,-2.0,-2.3684757858670006e-16,0.0,0.0,-0.0,-0.0,0.0,-0.0,-0.0,0.0,0.0,0.0
59.33209433006188,11.099999999999998,-20.000000000000004,-8.0,-3.141592653589793,-2.0,-2.3684757858670006e-16,0.0,0.0,-0.0,-0.0,0.0,-0.0,-0.0,0.0,0.0,0.0
59.382094330061875,11.0,-20.000000000000004,-8.0,-3.141592653589793,-2.0,-2.3684757858670006e-16,0.0,0.0,-0.0,-0.0,0.0,-0.0,-0.0,0.0,0.0,0.0
59.43209433006187,10.899999999999999,-20.000000000000004,-8.0,-3.141592653589793,-2.0,-2.3684757858670006e-16,0.0,0.0,-0.0,-0.0,0.0,-0.0,-0.0,0.0,0.0,0.0
59.48209433006188,10.799999999999997,-20.000000000000004,-8.0,-3.141592653589793,-2.0,-2.3684757858670006e-16,0.0,0.0,-0.0,-0.0,0.0,-0.0,-0.0,0.0,0.0,0.0
59.532094330061874,10.7,-20.000000000000004,-8.0,-3.141592653589793,-2.0,-2.3684757858670006e-16,0.0,0.0,-0.0,-0.0,0.0,-0.0,-0.0,0.0,0.0,0.0
59.58209433006188,10.599999999999998,-20.000000000000004,-8.0,-3.141592653589793,-2.0,-2.3684757858670006e-16,0.0,0.0,-0.0,-0.0,0.0,-0.0,-0.0,0.0,0.0,0.0
59.632094330061875,10.5,-20.000000000000004,-8.0,-3.141592653589793,-2.0,-2.3684757858670006e-16,0.0,0.0,-0.0,-0.0,0.0,-0.0,-0.0,0.0,0.0,0.0
59.68209433006187,10.399999999999999,-20.000000000000004,-8.0,-3.141592653589793,-2.0,-2.3684757858670006e-16,0.0,0.0,-0.0,-0.0,0.0,-0.0,-0.0,0.0,0.0,0.0
59.73209433006188,10.299999999999997,-20.000000000000004,-8.0,-3.141592653589793,-2.0,-2.3684757858670006e-16,0.0,0.0,-0.0,-0.0,0.0,-0.0,-0.0,0.0,0.0,0.0
59.782094330061874,10.2,-20.000000000000004,-8.0,-3.141592653589793,-2.0,-2.3684757858670006e-16,0.0,0.0,-0.0,-0.0,0.0,-0.0,-0.0,0.0,0.0,0.0
59.83209433006188,10.099999999999998,-20.000000000000004,-8.0,-3.141592653589793,-2.0,-2.3684757858670006e-16,0.0,0.0,-0.0,-0.0,0.0,-0.0,-0.0,0.0,0.0,0.0
59.882094330061875,10.0,-20.000000000000004,-8.0,-3.141592653589793,-2.0,-2.3684757858670006e-16,0.0,0.0,-0.0,-0.0,0.0,-0.0,-0.0,0.0,0.0,0.0
59.93209433006187,9.899999999999999,-20.000000000000004,-8.0,-3.141592653589793,-2.0,-2.3684757858670006e-16,0.0,0.0,-0.0,-0.0,0.0,-0.0,-0.0,0.0,0.0,0.0
59.98209433006188,9.799999999999997,-20.000000000000004,-8.0,-3.141592653589793,-2.0,-2.3684757858670006e-16,0.0,0.0,-0.0,-0.0,0.0,-0.0,-0.0,0.0,0.0,0.0
60.032094330061874,9.7,-20.000000000000004,-8.0,-3.141592653589793,-2.0,-2.3684757858670006e-16,0.0,0.0,-0.0,-0.0,0.0,-0.0,-0.0,0.0,0.0,0.0
60.08209433006188,9.599999999999998,-20.000000000000004,-8.0,-3.141592653589793,-2.0,-2.3684757858670006e-16,0.0,0.0,-0.0,-0.0,0.0,-0.0,-0.0,0.0,0.0,0.0
60.132094330061875,9.5,-20.000000000000004,-8.0,-3.141592653589793,-2.0,-2.3684757858670006e-16,0.0,0.0,-0.0,-0.0,0.0,-0.0,-0.0,0.0,0.0,0.0
60.18209433006187,9.399999999999999,-20.000000000000004,-8.0,-3.141592653589793,-2.0,-2.3684757858670006e-16,0.0,0.0,-0.0,-0.0,0.0,-0.0,-0.0,0.0,0.0,0.0
60.23209433006188,9.299999999999997,-20.000000000000004,-8.0,-3.141592653589793,-2.0,-2.3684757858670006e-16,0.0,0.0,-0.0,-0.0,0.0,-0.0,-0.0,0.0,0.0,0.0
60.282094330061874,9.2,-20.000000000000004,-8.0,-3.141592653589793,-2.0,-2.3684757858670006e-16,0.0,0.0,-0.0,-0.0,0.0,-0.0,-0.0,0.0,0.0,0.0
60.33209433006188,9.099999999999998,-20.000000000000004,-8.0,-3.141592653589793,-2.0,-2.3684757858670006e-16,0.0,0.0,-0.0,-0.0,0.0,-0.0,-0.0,0.0,0.0,0.0
60.382094330061875,9.0,-20.000000000000004,-8.0,-3.141592653589793,-2.0,-2.3684757858670006e-16,0.0,0.0,-0.0,-0.0,0.0,-0.0,-0.0,0.0,0.0,0.0
60.43209433006187,8.899999999999999,-20.000000000000004,-8.0,-3.141592653589793,-2.0,-2.3684757858670006e-16,0.0,0.0,-0.0,-0.0,0.0,-0.0,-0.0,0.0,0.0,0.0
60.48209433006188,8.799999999999997,-20.000000000000004,-8.0,-3.141592653589793,-2.0,-2.3684757858670006e-16,0.0,0.0,-0.0,-0.0,0.0,-0.0,-0.0,0.0,0.0,0.0
60.532094330061874,8.7,-20.000000000000004,-8.0,-3.141592653589793,-2.0,-2.3684757858670006e-16,0.0,0.0,-0.0,-0.0,0.0,-0.0,-0.0,0.0,0.0,0.0
60.58209433006188,8.599999999999998,-20.000000000000004,-8.0,-3.141592653589793,-2.0,-2.3684757858670006e-16,0.0,0.0,-0.0,-0.0,0.0,-0.0,-0.0,0.0,0.0,0.0
60.632094330061875,8.5,-20.000000000000004,-8.0,-3.141592653589793,-2.0,-2.3684757858670006e-16,0.0,0.0,-0.0,-0.0,0.0,-0.0,-0.0,0.0,0.0,0.0
60.68209433006187,8.399999999999999,-20.000000000000004,-8.0,-3.141592653589793,-2.0,-2.3684757858670006e-16,0.0,0.0,-0.0,-0.0,0.0,-0.0,-0.0,0.0,0.0,0.0
60.73209433006188,8.299999999999997,-20.000000000000004,-8.0,-3.141592653589793,-2.0,-2.3684757858670006e-16,0.0,0.0,-0.0,-0.0,0.0,-0.0,-0.0,0.0,0.0,0.0
60.782094330061874,8.2,-20.000000000000004,-8.0,-3.141592653589793,-2.0,-2.3684757858670006e-16,0.0,0.0,-0.0,-0.0,0.0,-0.0,-0.0,0.0,0.0,0.0
60.83209433006188,8.099999999999998,-20.000000000000004,-8.0,-3.141592653589793,-2.0,-2.3684757858670006e-16,0.0,0.0,-0.0,-0.0,0.0,-0.0,-0.0,0.0,0.0,0.0
60.882094330061875,8.0,-20.000000000000004,-8.0,-3.141592653589793,-2.0,-2.3684757858670006e-16,0.0,0.0,-0.0,-0.0,0.0,-0.0,-0.0,0.0,0.0,0.0
60.93209433006187,7.899999999999999,-20.000000000000004,-8.0,-3.141592653589793,-2.0,-2.3684757858670006e-16,0.0,0.0,-0.0,-0.0,0.0,-0.0,-0.0,0.0,0.0,0.0
60.98209433006188,7.799999999999997,-20.000000000000004,-8.0,-3.141592653589793,-2.0,-2.3684757858670006e-16,0.0,0.0,-0.0,-0.0,0.0,-0.0,-0.0,0.0,0.0,0.0
61.032094330061874,7.699999999999999,-20.000000000000004,-8.0,-3.141592653589793,-2.0,-2.3684757858670006e-16,0.0,0.0,-0.0,-0.0,0.0,-0.0,-0.0,0.0,0.0,0.0
61.08209433006188,7.599999999999998,-20.000000000000004,-8.0,-3.141592653589793,-2.0,-2.3684757858670006e-16,0.0,0.0,-0.0,-0.0,0.0,-0.0,-0.0,0.0,0.0,0.0
61.132094330061875,7.5,-20.000000000000004,-8.0,-3.141592653589793,-2.0,-2.3684757858670006e-16,0.0,0.0,-0.0,-0.0,0.0,-0.0,-0.0,0.0,0.0,0.0
61.18209433006187,7.399999999999999,-20.000000000000004,-8.0,-3.141592653589793,-2.0,-2.3684757858670006e-16,0.0,0.0,-0.0,-0.0,0.0,-0.0,-0.0,0.0,0.0,0.0
61.23209433006188,7.299999999999997,-20.000000000000004,-8.0,-3.141592653589793,-2.0,-2.3684757858670006e-16,0.0,0.0,-0.0,-0.0,0.0,-0.0,-0.0,0.0,0.0,0.0
61.282094330061874,7.199999999999999,-20.000000000000004,-8.0,-3.141592653589793,-2.0,-2.3684757858670006e-16,0.0,0.0,-0.0,-0.0,0.0,-0.0,-0.0,0.0,0.0,0.0
61.33209433006188,7.099999999999998,-20.000000000000004,-8.0,-3.141592653589793,-2.0,-2.3684757858670006e-16,0.0,0.0,-0.0,-0.0,0.0,-0.0,-0.0,0.0,0.0,0.0
61.382094330061875,7.0,-20.000000000000004,-8.0,-3.141592653589793,-2.0,-2.3684757858670006e-16,0.0,0.0,-0.0,-0.0,0.0,-0.0,-0.0,0.0,0.0,0.0
61.43209433006187,6.899999999999999,-20.000000000000004,-8.0,-3.141592653589793,-2.0,-2.3684757858670006e-16,0.0,0.0,-0.0,-0.0,0.0,-0.0,-0.0,0.0,0.0,0.0
61.48209433006188,6.799999999999997,-20.000000000000004,-8.0,-3.141592653589793,-2.0,-2.3684757858670006e-16,0.0,0.0,-0.0,-0.0,0.0,-0.0,-0.0,0.0,0.0,0.0
61.532094330061874,6.699999999999999,-20.000000000000004,-8.0,-3.141592653589793,-2.0,-2.3684757858670006e-16,0.0,0.0,-0.0,-0.0,0.0,-0.0,-0.0,0.0,0.0,0.0
61.58209433006188,6.599999999999998,-20.000000000000004,-8.0,-3.141592653589793,-2.0,-2.3684757858670006e-16,0.0,0.0,-0.0,-0.0,0.0,-0.0,-0.0,0.0,0.0,0.0
61.632094330061875,6.5,-20.000000000000004,-8.0,-3.141592653589793,-2.0,-2.3684757858670006e-16,0.0,0.0,-0.0,-0.0,0.0,-0.0,-0.0,0.0,0.0,0.0
61.68209433006187,6.399999999999999,-20.000000000000004,-8.0,-3.141592653589793,-2.0,-2.3684757858670006e-16,0.0,0.0,-0.0,-0.0,0.0,-0.0,-0.0,0.0,0.0,0.0
61.73209433006188,6.299999999999997,-20.000000000000004,-8.0,-3.141592653589793,-2.0,-2.3684757858670006e-16,0.0,0.0,-0.0,-0.0,0.0,-0.0,-0.0,0.0,0.0,0.0
61.782094330061874,6.199999999999999,-20.000000000000004,-8.0,-3.141592653589793,-2.0,-2.3684757858670006e-16,0.0,0.0,-0.0,-0.0,0.0,-0.0,-0.0,0.0,0.0,0.0
61.83209433006188,6.099999999999998,-20.000000000000004,-8.0,-3.141592653589793,-2.0,-2.3684757858670006e-16,0.0,0.0,-0.0,-0.0,0.0,-0.0,-0.0,0.0,0.0,0.0
61.882094330061875,6.0,-20.000000000000004,-8.0,-3.141592653589793,-2.0,-2.3684757858670006e-16,0.0,0.0,-0.0,-0.0,0.0,-0.0,-0.0,0.0,0.0,0.0
61.93209433006187,5.899999999999999,-20.000000000000004,-8.0,-3.141592653589793,-2.0,-2.3684757858670006e-16,0.0,0.0,-0.0,-0.0,0.0,-0.0,-0.0,0.0,0.0,0.0
61.98209433006188,5.799999999999997,-20.000000000000004,-8.0,-3.141592653589793,-2.0,-2.3684757858670006e-16,0.0,0.0,-0.0,-0.0,0.0,-0.0,-0.0,0.0,0.0,0.0
62.032094330061874,5.699999999999999,-20.000000000000004,-8.0,-3.141592653589793,-2.0,-2.3684757858670006e-16,0.0,0.0,-0.0,-0.0,0.0,-0.0,-0.0,0.0,0.0,0.0
62.08209433006188,5.599999999999998,-20.000000000000004,-8.0,-3.141592653589793,-2.0,-2.3684757858670006e-16,0.0,0.0,-0.0,-0.0,0.0,-0.0,-0.0,0.0,0.0,0.0
62.132094330061875,5.5,-20.000000000000004,-8.0,-3.141592653589793,-2.0,-2.3684757858670006e-16,0.0,0.0,-0.0,-0.0,0.0,-0.0,-0.0,0.0,0.0,0.0
62.18209433006187,5.399999999999999,-20.000000000000004,-8.0,-3.141592653589793,-2.0,-2.3684757858670006e-16,0.0,0.0,-0.0,-0.0,0.0,-0.0,-0.0,0.0,0.0,0.0
62.23209433006188,5.299999999999997,-20.000000000000004,-8.0,-3.141592653589793,-2.0,-2.3684757858670006e-16,0.0,0.0,-0.0,-0.0,0.0,-0.0,-0.0,0.0,0.0,0.0
62.282094330061874,5.199999999999999,-20.000000000000004,-8.0,-3.141592653589793,-2.0,-2.3684757858670006e-16,0.0,0.0,-0.0,-0.0,0.0,-0.0,-0.0,0.0,0.0,0.0
62.33209433006188,5.099999999999998,-20.000000000000004,-8.0,-3.141592653589793,-2.0,-2.3684757858670006e-16,0.0,0.0,-0.0,-0.0,0.0,-0.0,-0.0,0.0,0.0,0.0
62.382094330061875,5.0,-20.000000000000004,-8.0,-3.141592653589793,-2.0,-2.3684757858670006e-16,0.0,0.0,-0.0,-0.0,0.0,-0.0,-0.0,0.0,0.0,0.0
62.43209433006187,4.899999999999999,-20.000000000000004,-8.0,-3.141592653589793,-2.0,-2.3684757858670006e-16,0.0,0.0,-0.0,-0.0,0.0,-0.0,-0.0,0.0,0.0,0.0
62.48209433006188,4.799999999999997,-20.000000000000004,-8.0,-3.141592653589793,-2.0,-2.3684757858670006e-16,0.0,0.0,-0.0,-0.0,0.0,-0.0,-0.0,0.0,0.0,0.0
62.532094330061874,4.699999999999999,-20.000000000000004,-8.0,-3.141592653589793,-2.0,-2.3684757858670006e-16,0.0,0.0,-0.0,-0.0,0.0,-0.0,-0.0,0.0,0.0,0.0
62.58209433006188,4.599999999999998,-20.000000000000004,-8.0,-3.141592653589793,-2.0,-2.3684757858670006e-16,0.0,0.0,-0.0,-0.0,0.0,-0.0,-0.0,0.0,0.0,0.0
62.632094330061875,4.5,-20.000000000000004,-8.0,-3.141592653589793,-2.0,-2.3684757858670006e-16,0.0,0.0,-0.0,-0.0,0.0,-0.0,-0.0,0.0,0.0,0.0
62.68209433006187,4.399999999999999,-20.000000000000004,-8.0,-3.141592653589793,-2.0,-2.3684757858670006e-16,0.0,0.0,-0.0,-0.0,0.0,-0.0,-0.0,0.0,0.0,0.0
62.73209433006188,4.299999999999997,-20.000000000000004,-8.0,-3.141592653589793,-2.0,-2.3684757858670006e-16,0.0,0.0,-0.0,-0.0,0.0,-0.0,-0.0,0.0,0.0,0.0
62.782094330061874,4.199999999999999,-20.000000000000004,-8.0,-3.141592653589793,-2.0,-2.3684757858670006e-16,0.0,0.0,-0.0,-0.0,0.0,-0.0,-0.0,0.0,0.0,0.0
62.83209433006188,4.099999999999998,-20.000000000000004,-8.0,-3.141592653589793,-2.0,-2.3684757858670006e-16,0.0,0.0,-0.0,-0.0,0.0,-0.0,-0.0,0.0,0.0,0.0
62.882094330061875,4.0,-20.000000000000004,-8.0,-3.141592653589793,-2.0,-2.3684757858670006e-16,0.0,0.0,-0.0,-0.0,0.0,-0.0,-0.0,0.0,0.0,0.0
62.93209433006187,3.8999999999999986,-20.000000000000004,-8.0,-3.141592653589793,-2.0,-2.3684757858670006e-16,0.0,0.0,-0.0,-0.0,0.0,-0.0,-0.0,0.0,0.0,0.0
62.98209433006188,3.799999999999997,-20.000000000000004,-8.0,-3.141592653589793,-2.0,-2.3684757858670006e-16,0.0,0.0,-0.0,-0.0,0.0,-0.0,-0.0,0.0,0.0,0.0
63.032094330061874,3.6999999999999993,-20.000000000000004,-8.0,-3.141592653589793,-2.0,-2.3684757858670006e-16,0.0,0.0,-0.0,-0.0,0.0,-0.0,-0.0,0.0,0.0,0.0
63.08209433006188,3.599999999999998,-20.000000000000004,-8.0,-3.141592653589793,-2.0,-2.3684757858670006e-16,0.0,0.0,-0.0,-0.0,0.0,-0.0,-0.0,0.0,0.0,0.0
63.132094330061875,3.5,-20.000000000000004,-8.0,-3.141592653589793,-2.0,-2.3684757858670006e-16,0.0,0.0,-0.0,-0.0,0.0,-0.0,-0.0,0.0,0.0,0.0
63.18209433006187,3.3999999999999986,-20.000000000000004,-8.0,-3.141592653589793,-2.0,-2.3684757858670006e-16,0.0,0.0,-0.0,-0.0,0.0,-0.0,-0.0,0.0,0.0,0.0
63.23209433006188,3.299999999999997,-20.000000000000004,-8.0,-3.141592653589793,-2.0,-2.3684757858670006e-16,0.0,0.0,-0.0,-0.0,0.0,-0.0,-0.0,0.0,0.0,0.0
63.282094330061874,3.1999999999999993,-20.000000000000004,-8.0,-3.141592653589793,-2.0,-2.3684757858670006e-16,0.0,0.0,-0.0,-0.0,0.0,-0.0,-0.0,0.0,0.0,0.0
63.33209433006188,3.099999999999998,-20.000000000000004,-8.0,-3.141592653589793,-2.0,-2.3684757858670006e-16,0.0,0.0,-0.0,-0.0,0.0,-0.0,-0.0,0.0,0.0,0.0
63.382094330061875,3.0,-20.000000000000004,-8.0,-3.141592653589793,-2.0,-2.3684757858670006e-16,0.0,0.0,-0.0,-0.0,0.0,-0.0,-0.0,0.0,0.0,0.0
63.43209433006187,2.9000208333333326,-20.000000000000004,-8.0,-3.141592653589793,-1.99875,-2.366995488500834e-16,0.0,0.0,0.05000000000000071,5.921189464667586e-18,-0.0,1.0,1.1842378929335003e-16,-0.0,0.0,0.0
63.48209433006188,2.8001666666666623,-20.000000000000004,-8.0,-3.141592653589793,-1.9949999999999999,-2.3625545964023328e-16,0.0,0.0,0.10000000000000142,1.1842378929335172e-17,-0.0,1.0,1.1842378929335003e-16,-0.0,0.0,0.0
63.532094330061874,2.7005625,-20.000000000000004,-8.0,-3.141592653589793,-1.98875,-2.3551531095714987e-16,0.0,0.0,0.15000000000000036,1.7763568394002545e-17,-0.0,1.0,1.1842378929335003e-16,-0.0,0.0,0.0
63.58209433006188,2.601333333333333,-20.000000000000004,-8.0,-3.141592653589793,-1.9799999999999998,-2.34479102800833e-16,0.0,0.0,0.20000000000000107,2.368475785867013e-17,-0.0,1.0,1.1842378929335003e-16,-0.0,0.0,0.0
63.632094330061875,2.502604166666668,-20.000000000000004,-8.0,-3.141592653589793,-1.96875,-2.331468351712829e-16,0.0,0.0,0.25,2.960594732333751e-17,-0.0,1.0,1.1842378929335003e-16,-0.0,0.0,0.0
63.68209433006187,2.4044999999999987,-20.000000000000004,-8.0,-3.141592653589793,-1.9549999999999998,-2.315185080684993e-16,0.0,0.0,0.3000000000000007,3.552713678800509e-17,-0.0,1.0,1.1842378929335003e-16,-0.0,0.0,0.0
63.73209433006188,2.3071458333333297,-20.000000000000004,-8.0,-3.141592653589793,-1.9387499999999995,-2.2959412149248233e-16,0.0,0.0,0.3500000000000014,4.144832625267268e-17,-0.0,1.0,1.1842378929335003e-16,-0.0,0.0,0.0
63.782094330061874,2.210666666666665,-20.000000000000004,-8.0,-3.141592653589793,-1.92,-2.2737367544323206e-16,0.0,0.0,0.40000000000000036,4.736951571734005e-17,-0.0,1.0,1.1842378929335003e-16,-0.0,0.0,0.0
63.83209433006188,2.1151874999999976,-20.000000000000004,-8.0,-3.141592653589793,-1.8987499999999995,-2.248571699207483e-16,0.0,0.0,0.45000000000000107,5.329070518200764e-17,-0.0,1.0,1.1842378929335003e-16,-0.0,0.0,0.0
63.882094330061875,2.020833333333332,-20.000000000000004,-8.0,-3.141592653589793,-1.875,-2.220446049250313e-16,0.0,0.0,0.5,5.921189464667501e-17,-0.0,1.0,1.1842378929335003e-16,-0.0,0.0,0.0
63.93209433006187,1.9277291666666656,-20.000000000000004,-8.0,-3.141592653589793,-1.8487499999999997,-2.1893598045608082e-16,0.0,0.0,0.5500000000000007,6.51330841113426e-17,-0.0,1.0,1.1842378929335003e-16,-0.0,0.0,0.0
63.98209433006188,1.8359999999999985,-20.000000000000004,-8.0,-3.141592653589793,-1.8199999999999992,-2.1553129651389696e-16,0.0,0.0,0.6000000000000014,7.105427357601018e-17,-0.0,1.0,1.1842378929335003e-16,-0.0,0.0,0.0
64.03209433006188,1.7457708333333315,-20.000000000000004,-8.0,-3.141592653589793,-1.7887499999999998,-2.1183055309847983e-16,0.0,0.0,0.6500000000000004,7.697546304067756e-17,-0.0,1.0,1.1842378929335003e-16,-0.0,0.0,0.0
64.08209433006188,1.6571666666666651,-20.000000000000004,-8.0,-3.141592653589793,-1.7549999999999992,-2.0783375020982922e-16,0.0,0.0,0.7000000000000011,8.289665250534515e-17,-0.0,1.0,1.1842378929335003e-16,-0.0,0.0,0.0
64.13209433006188,1.5703125,-20.000000000000004,-8.0,-3.141592653589793,-1.71875,-2.0354088784794536e-16,0.0,0.0,0.75,8.881784197001253e-17,-0.0,1.0,1.1842378929335003e-16,-0.0,0.0,0.0
64.18209433006187,1.4853333333333332,-20.000000000000004,-8.0,-3.141592653589793,-1.6799999999999995,-1.9895196601282798e-16,0.0,0.0,0.8000000000000007,9.47390314346801e-17,-0.0,1.0,1.1842378929335003e-16,-0.0,0.0,0.0
64.23209433006187,1.4023541666666652,-20.000000000000004,-8.0,-3.141592653589793,-1.6387499999999988,-1.9406698470447722e-16,0.0,0.0,0.8500000000000014,1.0066022089934769e-16,-0.0,1.0,1.1842378929335003e-16,-0.0,0.0,0.0
64.28209433006188,1.3215000000000003,-20.000000000000004,-8.0,-3.141592653589793,-1.5949999999999998,-1.8888594392289328e-16,0.0,0.0,0.9000000000000004,1.0658141036401507e-16,-0.0,1.0,1.1842378929335003e-16,-0.0,0.0,0.0
64.33209433006188,1.242895833333332,-20.000000000000004,-8.0,-3.141592653589793,-1.548749999999999,-1.8340884366807573e-16,0.0,0.0,0.9500000000000011,1.1250259982868266e-16,-0.0,1.0,1.1842378929335003e-16,-0.0,0.0,0.0
64.38209433006188,1.1666666666666679,-20.000000000000004,-8.0,-3.141592653589793,-1.5,-1.7763568394002506e-16,0.0,0.0,1.0,1.1842378929335003e-16,-0.0,1.0,1.1842378929335003e-16,-0.0,0.0,0.0
64.43209433006187,1.0929166666666674,-20.000000000000004,-8.0,-3.141592653589793,-1.4499999999999993,-1.7171449447535747e-16,0.0,0.0,1.0,1.1842378929335003e-16,-0.0,-0.0,-0.0,0.0,0.0,0.0
64.48209433006187,1.0216666666666647,-20.000000000000004,-8.0,-3.141592653589793,-1.3999999999999986,-1.6579330501068988e-16,0.0,0.0,1.0,1.1842378929335003e-16,-0.0,-0.0,-0.0,0.0,0.0,0.0
64.53209433006188,0.9529166666666669,-20.000000000000004,-8.0,-3.141592653589793,-1.3499999999999996,-1.5987211554602249e-16,0.0,0.0,1.0,1.1842378929335003e-16,-0.0,-0.0,-0.0,0.0,0.0,0.0
64.58209433006188,0.8866666666666667,-20.000000000000004,-8.0,-3.141592653589793,-1.299999999999999,-1.5395092608135492e-16,0.0,0.0,1.0,1.1842378929335003e-16,-0.0,-0.0,-0.0,0.0,0.0,0.0
64.63209433006188,0.8229166666666679,-20.000000000000004,-8.0,-3.141592653589793,-1.25,-1.4802973661668753e-16,0.0,0.0,1.0,1.1842378929335003e-16,-0.0,-0.0,-0.0,0.0,0.0,0.0
64.68209433006187,0.7616666666666667,-20.000000000000004,-8.0,-3.141592653589793,-1.1999999999999993,-1.4210854715201994e-16,0.0,0.0,1.0,1.1842378929335003e-16,-0.0,-0.0,-0.0,0.0,0.0,0.0
64.73209433006187,0.7029166666666669,-20.000000000000004,-8.0,-3.141592653589793,-1.1499999999999986,-1.3618735768735238e-16,0.0,0.0,1.0,1.1842378929335003e-16,-0.0,-0.0,-0.0,0.0,0.0,0.0
64.78209433006188,0.6466666666666683,-20.000000000000004,-8.0,-3.141592653589793,-1.0999999999999996,-1.3026616822268499e-16,0.0,0.0,1.0,1.1842378929335003e-16,-0.0,-0.0,-0.0,0.0,0.0,0.0
64.83209433006188,0.5929166666666674,-20.000000000000004,-8.0,-3.141592653589793,-1.049999999999999,-1.243449787580174e-16,0.0,0.0,1.0,1.1842378929335003e-16,-0.0,-0.0,-0.0,0.0,0.0,0.0
64.88209433006188,0.5416666666666679,-20.000000000000004,-8.0,-3.141592653589793,-1.0,-1.1842378929335003e-16,0.0,0.0,1.0,1.1842378929335003e-16,-0.0,-0.0,-0.0,0.0,0.0,0.0
64.93209433006187,0.492916666666666,-20.000000000000004,-8.0,-3.141592653589793,-0.9499999999999993,-1.1250259982868244e-16,0.0,0.0,1.0,1.1842378929335003e-16,-0.0,-0.0,-0.0,0.0,0.0,0.0
64.98209433006187,0.44666666666666544,-20.000000000000004,-8.0,-3.141592653589793,-0.8999999999999986,-1.0658141036401486e-16,0.0,0.0,1.0,1.1842378929335003e-16,-0.0,-0.0,-0.0,0.0,0.0,0.0
65.03209433006188,0.40291666666666615,-20.000000000000004,-8.0,-3.141592653589793,-0.8499999999999996,-1.0066022089934748e-16,0.0,0.0,1.0,1.1842378929335003e-16,-0.0,-0.0,-0.0,0.0,0.0,0.0
65.08209433006188,0.3616666666666646,-20.000000000000004,-8.0,-3.141592653589793,-0.7999999999999989,-9.47390314346799e-17,0.0,0.0,1.0,1.1842378929335003e-16,-0.0,-0.0,-0.0,0.0,0.0,0.0
65.13209433006188,0.32291666666666785,-20.000000000000004,-8.0,-3.141592653589793,-0.75,-8.881784197001253e-17,0.0,0.0,1.0,1.1842378929335003e-16,-0.0,-0.0,-0.0,0.0,0.0,0.0
65.18209433006187,0.2866666666666653,-20.000000000000004,-8.0,-3.141592653589793,-0.6999999999999993,-8.289665250534494e-17,0.0,0.0,1.0,1.1842378929335003e-16,-0.0,-0.0,-0.0,0.0,0.0,0.0
65.23209433006187,0.252916666666664,-20.000000000000004,-8.0,-3.141592653589793,-0.6499999999999986,-7.697546304067735e-17,0.0,0.0,1.0,1.1842378929335003e-16,-0.0,-0.0,-0.0,0.0,0.0,0.0
65.28209433006188,0.22166666666666757,-20.000000000000004,-8.0,-3.141592653589793,-0.5999999999999996,-7.105427357600997e-17,0.0,0.0,1.0,1.1842378929335003e-16,-0.0,-0.0,-0.0,0.0,0.0,0.0
65.33209433006188,0.1929166666666653,-20.000000000000004,-8.0,-3.141592653589793,-0.5499999999999989,-6.51330841113424e-17,0.0,0.0,1.0,1.1842378929335003e-16,-0.0,-0.0,-0.0,0.0,0.0,0.0
65.38209433006188,0.16666666666666785,-20.000000000000004,-8.0,-3.141592653589793,-0.5,-5.921189464667501e-17,0.0,0.0,1.0,1.1842378929335003e-16,-0.0,-0.0,-0.0,0.0,0.0,0.0
65.43209433006187,0.1428958333333341,-20.000000000000004,-8.0,-3.141592653589793,-0.4512499999999993,-5.343873491862412e-17,0.0,0.0,0.9499999999999993,1.1250259982868244e-16,-0.0,-1.0,-1.1842378929335003e-16,0.0,0.0,0.0
65.48209433006187,0.12150000000000105,-20.000000000000004,-8.0,-3.141592653589793,-0.4049999999999987,-4.796163466380661e-17,0.0,0.0,0.8999999999999986,1.0658141036401486e-16,-0.0,-1.0,-1.1842378929335003e-16,0.0,0.0,0.0
65.53209433006188,0.10235416666666453,-20.000000000000004,-8.0,-3.141592653589793,-0.3612499999999982,-4.2780593882222486e-17,0.0,0.0,0.8499999999999979,1.0066022089934727e-16,-0.0,-1.0,-1.1842378929335003e-16,0.0,0.0,0.0
65.58209433006188,0.0853333333333346,-20.000000000000004,-8.0,-3.141592653589793,-0.32000000000000056,-3.7895612573872076e-17,0.0,0.0,0.8000000000000007,9.47390314346801e-17,-0.0,-1.0,-1.1842378929335003e-16,0.0,0.0,0.0
65.63209433006188,0.0703125,-20.000000000000004,-8.0,-3.141592653589793,-0.28125,-3.3306690738754695e-17,0.0,0.0,0.75,8.881784197001253e-17,-0.0,-1.0,-1.1842378929335003e-16,0.0,0.0,0.0
65.68209433006187,0.057166666666667254,-20.000000000000004,-8.0,-3.141592653589793,-0.2449999999999995,-2.90138283768707e-17,0.0,0.0,0.6999999999999993,8.289665250534494e-17,-0.0,-1.0,-1.1842378929335003e-16,0.0,0.0,0.0
65.73209433006187,0.045770833333332206,-20.000000000000004,-8.0,-3.141592653589793,-0.21124999999999908,-2.5017025488220086e-17,0.0,0.0,0.6499999999999986,7.697546304067735e-17,-0.0,-1.0,-1.1842378929335003e-16,0.0,0.0,0.0
65.78209433006188,0.036000000000001364,-20.000000000000004,-8.0,-3.141592653589793,-0.17999999999999872,-2.1316282072802852e-17,0.0,0.0,0.5999999999999979,7.105427357600976e-17,-0.0,-1.0,-1.1842378929335003e-16,0.0,0.0,0.0
65.83209433006188,0.027729166666667027,-20.000000000000004,-8.0,-3.141592653589793,-0.15125000000000038,-1.7911598130619238e-17,0.0,0.0,0.5500000000000007,6.51330841113426e-17,-0.0,-1.0,-1.1842378929335003e-16,0.0,0.0,0.0
65.88209433006188,0.02083333333333215,-20.000000000000004,-8.0,-3.141592653589793,-0.125,-1.4802973661668754e-17,0.0,0.0,0.5,5.921189464667501e-17,-0.0,-1.0,-1.1842378929335003e-16,0.0,0.0,0.0
65.93209433006187,0.015187499999999687,-20.000000000000004,-8.0,-3.141592653589793,-0.10124999999999967,-1.1990408665951652e-17,0.0,0.0,0.4499999999999993,5.329070518200743e-17,-0.0,-1.0,-1.1842378929335003e-16,0.0,0.0,0.0
65.98209433006187,0.010666666666665492,-20.000000000000004,-8.0,-3.141592653589793,-0.07999999999999943,-9.473903143467936e-18,0.0,0.0,0.3999999999999986,4.736951571733984e-17,-0.0,-1.0,-1.1842378929335003e-16,0.0,0.0,0.0
66.03209433006188,0.007145833333332519,-20.000000000000004,-8.0,-3.141592653589793,-0.06124999999999925,-7.253457094217601e-18,0.0,0.0,0.34999999999999787,4.144832625267226e-17,-0.0,-1.0,-1.1842378929335003e-16,0.0,0.0,0.0
66.08209433006188,0.0045000000000001705,-20.000000000000004,-8.0,-3.141592653589793,-0.045000000000000207,-5.329070518200776e-18,0.0,0.0,0.3000000000000007,3.552713678800509e-17,-0.0,-1.0,-1.1842378929335003e-16,0.0,0.0,0.0
66.13209433006188,0.002604166666667851,-20.000000000000004,-8.0,-3.141592653589793,-0.03125,-3.7007434154171884e-18,0.0,0.0,0.25,2.960594732333751e-17,-0.0,-1.0,-1.1842378929335003e-16,0.0,0.0,0.0
66.18209433006187,0.0013333333333349628,-20.000000000000004,-8.0,-3.141592653589793,-0.01999999999999985,-2.368475785866983e-18,0.0,0.0,0.1999999999999993,2.368475785866992e-17,-0.0,-1.0,-1.1842378929335003e-16,0.0,0.0,0.0
66.23209433006187,0.0005625000000009095,-20.000000000000004,-8.0,-3.141592653589793,-0.01124999999999976,-1.3322676295501594e-18,0.0,0.0,0.14999999999999858,1.7763568394002336e-17,-0.0,-1.0,-1.1842378929335003e-16,0.0,0.0,0.0
66.28209433006188,0.000166666666665094,-20.000000000000004,-8.0,-3.141592653589793,-0.004999999999999782,-5.921189464667244e-19,0.0,0.0,0.09999999999999787,1.1842378929334751e-17,-0.0,-1.0,-1.1842378929335003e-16,0.0,0.0,0.0
66.33209433006188,2.0833333334024928e-05,-20.000000000000004,-8.0,-3.141592653589793,-0.0012500000000000289,-1.4802973661669095e-19,0.0,0.0,0.05000000000000071,5.921189464667586e-18,-0.0,-1.0,-1.1842378929335003e-16,0.0,0.0,0.0
66.38209433006188,0.0,-20.000000000000004,-8.0,-3.141592653589793,-0.0,-0.0,0.0,0.0,-0.0,-0.0,0.0,-0.0,-0.0,0.0,0.0,0.0
66.43209433006187,0.0,-20.000000000000004,-8,-3.1416134869231263,0.0,0.0,0.0,-0.0012500000000000002,0.0,0.0,0.0,0.0,0.0,0.0,-0.05,-1.0
66.48209433006187,0.0,-20.000000000000004,-8,-3.14175932025646,0.0,0.0,0.0,-0.005000000000000001,0.0,0.0,0.0,0.0,0.0,0.0,-0.1,-1.0
66.53209433006188,0.0,-20.000000000000004,-8,-3.142155153589793,0.0,0.0,0.0,-0.011250000000000003,0.0,0.0,0.0,0.0,0.0,0.0,-0.15000000000000002,-1.0
66.58209433006188,0.0,-20.000000000000004,-8,-3.1429259869231263,0.0,0.0,0.0,-0.020000000000000004,0.0,0.0,0.0,0.0,0.0,0.0,-0.2,-1.0
66.63209433006188,0.0,-20.000000000000004,-8,-3.1441968202564596,0.0,0.0,0.0,-0.03125,0.0,0.0,0.0,0.0,0.0,0.0,-0.25,-1.0
66.68209433006187,0.0,-20.000000000000004,-8,-3.1460926535897933,0.0,0.0,0.0,-0.04500000000000001,0.0,0.0,0.0,0.0,0.0,0.0,-0.30000000000000004,-1.0
66.73209433006187,0.0,-20.000000000000004,-8,-3.1487384869231265,0.0,0.0,0.0,-0.06125000000000001,0.0,0.0,0.0,0.0,0.0,0.0,-0.35000000000000003,-1.0
66.78209433006188,0.0,-20.000000000000004,-8,-3.15225932025646,0.0,0.0,0.0,-0.08000000000000002,0.0,0.0,0.0,0.0,0.0,0.0,-0.4,-1.0
66.83209433006188,0.0,-20.000000000000004,-8,-3.1567801535897932,0.0,0.0,0.0,-0.10125,0.0,0.0,0.0,0.0,0.0,0.0,-0.45,-1.0
66.88209433006188,0.0,-20.000000000000004,-8,-3.1624259869231266,0.0,0.0,0.0,-0.125,0.0,0.0,0.0,0.0,0.0,0.0,-0.5,-1.0
66.93209433006187,0.0,-20.000000000000004,-8,-3.1693218202564597,0.0,0.0,0.0,-0.15125000000000002,0.0,0.0,0.0,0.0,0.0,0.0,-0.55,-1.0
66.98209433006187,0.0,-20.000000000000004,-8,-3.1775923955434777,0.0,0.0,0.0,-0.17991568996334056,0.0,0.0,0.0,0.0,0.0,0.0,-0.5816359006036773,1.0
67.03209433006188,0.0,-20.000000000000004,-8,-3.1872943915840657,0.0,0.0,0.0,-0.20774748499352438,0.0,0.0,0.0,0.0,0.0,0.0,-0.5316359006036774,1.0
67.08209433006188,0.0,-20.000000000000004,-8,-3.198325477376163,0.0,0.0,0.0,-0.23307928002370826,0.0,0.0,0.0,0.0,0.0,0.0,-0.48163590060367734,1.0
67.13209433006188,0.0,-20.000000000000004,-8,-3.21056065291977,0.0,0.0,0.0,-0.2559110750538921,0.0,0.0,0.0,0.0,0.0,0.0,-0.4316359006036774,1.0
67.18209433006187,0.0,-20.000000000000004,-8,-3.223874918214886,0.0,0.0,0.0,-0.276242870084076,0.0,0.0,0.0,0.0,0.0,0.0,-0.38163590060367736,1.0
67.23209433006187,0.0,-20.000000000000004,-8,-3.238143273261511,0.0,0.0,0.0,-0.29407466511425984,0.0,0.0,0.0,0.0,0.0,0.0,-0.3316359006036773,1.0
67.28209433006188,0.0,-20.000000000000004,-8,-3.253240718059645,0.0,0.0,0.0,-0.30940646014444373,0.0,0.0,0.0,0.0,0.0,0.0,-0.2816359006036774,1.0
67.33209433006188,0.0,-20.000000000000004,-8,-3.269042252609289,0.0,0.0,0.0,-0.32223825517462756,0.0,0.0,0.0,0.0,0.0,0.0,-0.23163590060367734,1.0
67.38209433006188,0.0,-20.000000000000004,-8,-3.285422876910441,0.0,0.0,0.0,-0.33257005020481145,0.0,0.0,0.0,0.0,0.0,0.0,-0.1816359006036774,1.0
67.43209433006187,0.0,-20.000000000000004,-8,-3.3022575909631033,0.0,0.0,0.0,-0.34040184523499534,0.0,0.0,0.0,0.0,0.0,0.0,-0.13163590060367736,1.0
67.48209433006187,0.0,-20.000000000000004,-8,-3.319421394767274,0.0,0.0,0.0,-0.34573364026517917,0.0,0.0,0.0,0.0,0.0,0.0,-0.08163590060367731,1.0
67.53209433006188,0.0,-20.000000000000004,-8,-3.3367892883229544,0.0,0.0,0.0,-0.3485654352953631,0.0,0.0,0.0,0.0,0.0,0.0,-0.03163590060367727,1.0
67.58209433006188,0.0,-20.000000000000004,-8,-3.354237303815406,0.0,0.0,0.0,-0.3490658503988659,0.0,0.0,0.0,0.0,0.0,0.0,-0.0,-0.0
67.63209433006188,0.0,-20.000000000000004,-8,-3.371690596335349,0.0,0.0,0.0,-0.3490658503988659,0.0,0.0,0.0,0.0,0.0,0.0,-0.0,-0.0
67.68209433006187,0.0,-20.000000000000004,-8,-3.3891438888552927,0.0,0.0,0.0,-0.3490658503988659,0.0,0.0,0.0,0.0,0.0,0.0,-0.0,-0.0
67.73209433006187,0.0,-20.000000000000004,-8,-3.406597181375236,0.0,0.0,0.0,-0.3490658503988659,0.0,0.0,0.0,0.0,0.0,0.0,-0.0,-0.0
67.78209433006188,0.0,-20.000000000000004,-8,-3.4240504738951794,0.0,0.0,0.0,-0.3490658503988659,0.0,0.0,0.0,0.0,0.0,0.0,-0.0,-0.0
67.83209433006188,0.0,-20.000000000000004,-8,-3.4415037664151225,0.0,0.0,0.0,-0.3490658503988659,0.0,0.0,0.0,0.0,0.0,0.0,-0.0,-0.0
67.88209433006188,0.0,-20.000000000000004,-8,-3.4589570589350656,0.0,0.0,0.0,-0.3490658503988659,0.0,0.0,0.0,0.0,0.0,0.0,-0.0,-0.0
67.93209433006187,0.0,-20.000000000000004,-8,-3.476410351455009,0.0,0.0,0.0,-0.3490658503988659,0.0,0.0,0.0,0.0,0.0,0.0,-0.0,-0.0
67.98209433006187,0.0,-20.000000000000004,-8,-3.4938636439749526,0.0,0.0,0.0,-0.3490658503988659,0.0,0.0,0.0,0.0,0.0,0.0,-0.0,-0.0
68.03209433006188,0.0,-20.000000000000004,-8,-3.5113169364948957,0.0,0.0,0.0,-0.3490658503988659,0.0,0.0,0.0,0.0,0.0,0.0,-0.0,-0.0
68.08209433006188,0.0,-20.000000000000004,-8,-3.528770229014839,0.0,0.0,0.0,-0.3490658503988659,0.0,0.0,0.0,0.0,0.0,0.0,-0.0,-0.0
68.13209433006188,0.0,-20.000000000000004,-8,-3.5462235215347824,0.0,0.0,0.0,-0.3490658503988659,0.0,0.0,0.0,0.0,0.0,0.0,-0.0,-0.0
68.18209433006187,0.0,-20.000000000000004,-8,-3.5636768140547255,0.0,0.0,0.0,-0.3490658503988659,0.0,0.0,0.0,0.0,0.0,0.0,-0.0,-0.0
68.23209433006187,0.0,-20.000000000000004,-8,-3.581130106574669,0.0,0.0,0.0,-0.3490658503988659,0.0,0.0,0.0,0.0,0.0,0.0,-0.0,-0.0
68.28209433006188,0.0,-20.000000000000004,-8,-3.598583399094612,0.0,0.0,0.0,-0.3490658503988659,0.0,0.0,0.0,0.0,0.0,0.0,-0.0,-0.0
68.33209433006188,0.0,-20.000000000000004,-8,-3.616036691614555,0.0,0.0,0.0,-0.3490658503988659,0.0,0.0,0.0,0.0,0.0,0.0,-0.0,-0.0
68.38209433006188,0.0,-20.000000000000004,-8,-3.6334899841344988,0.0,0.0,0.0,-0.3490658503988659,0.0,0.0,0.0,0.0,0.0,0.0,-0.0,-0.0
68.43209433006187,0.0,-20.000000000000004,-8,-3.6509432766544423,0.0,0.0,0.0,-0.3490658503988659,0.0,0.0,0.0,0.0,0.0,0.0,-0.0,-0.0
68.48209433006187,0.0,-20.000000000000004,-8,-3.6683965691743854,0.0,0.0,0.0,-0.3490658503988659,0.0,0.0,0.0,0.0,0.0,0.0,-0.0,-0.0
68.53209433006188,0.0,-20.000000000000004,-8,-3.6858498616943285,0.0,0.0,0.0,-0.3490658503988659,0.0,0.0,0.0,0.0,0.0,0.0,-0.0,-0.0
68.58209433006188,0.0,-20.000000000000004,-8,-3.703303154214272,0.0,0.0,0.0,-0.3490658503988659,0.0,0.0,0.0,0.0,0.0,0.0,-0.0,-0.0
68.63209433006188,0.0,-20.000000000000004,-8,-3.720756446734215,0.0,0.0,0.0,-0.3490658503988659,0.0,0.0,0.0,0.0,0.0,0.0,-0.0,-0.0
68.68209433006187,0.0,-20.000000000000004,-8,-3.7382097392541587,0.0,0.0,0.0,-0.3490658503988659,0.0,0.0,0.0,0.0,0.0,0.0,-0.0,-0.0
68.73209433006187,0.0,-20.000000000000004,-8,-3.7556630317741018,0.0,0.0,0.0,-0.3490658503988659,0.0,0.0,0.0,0.0,0.0,0.0,-0.0,-0.0
68.78209433006188,0.0,-20.000000000000004,-8,-3.7731163242940453,0.0,0.0,0.0,-0.3490658503988659,0.0,0.0,0.0,0.0,0.0,0.0,-0.0,-0.0
68.83209433006188,0.0,-20.000000000000004,-8,-3.7905696168139884,0.0,0.0,0.0,-0.3490658503988659,0.0,0.0,0.0,0.0,0.0,0.0,-0.0,-0.0
68.88209433006188,0.0,-20.000000000000004,-8,-3.8080229093339315,0.0,0.0,0.0,-0.3490658503988659,0.0,0.0,0.0,0.0,0.0,0.0,-0.0,-0.0
68.93209433006187,0.0,-20.000000000000004,-8,-3.825476201853875,0.0,0.0,0.0,-0.3490658503988659,0.0,0.0,0.0,0.0,0.0,0.0,-0.0,-0.0
68.98209433006187,0.0,-20.000000000000004,-8,-3.842929494373818,0.0,0.0,0.0,-0.3490658503988659,0.0,0.0,0.0,0.0,0.0,0.0,-0.0,-0.0
69.03209433006188,0.0,-20.000000000000004,-8,-3.8603827868937617,0.0,0.0,0.0,-0.3490658503988659,0.0,0.0,0.0,0.0,0.0,0.0,-0.0,-0.0
69.08209433006188,0.0,-20.000000000000004,-8,-3.877836079413705,0.0,0.0,0.0,-0.3490658503988659,0.0,0.0,0.0,0.0,0.0,0.0,-0.0,-0.0
69.13209433006188,0.0,-20.000000000000004,-8,-3.8952893719336483,0.0,0.0,0.0,-0.3490658503988659,0.0,0.0,0.0,0.0,0.0,0.0,-0.0,-0.0
69.18209433006187,0.0,-20.000000000000004,-8,-3.9127426644535914,0.0,0.0,0.0,-0.3490658503988659,0.0,0.0,0.0,0.0,0.0,0.0,-0.0,-0.0
69.23209433006187,0.0,-20.000000000000004,-8,-3.9301959569735345,0.0,0.0,0.0,-0.3490658503988659,0.0,0.0,0.0,0.0,0.0,0.0,-0.0,-0.0
69.28209433006188,0.0,-20.000000000000004,-8,-3.947649249493478,0.0,0.0,0.0,-0.3490658503988659,0.0,0.0,0.0,0.0,0.0,0.0,-0.0,-0.0
69.33209433006188,0.0,-20.000000000000004,-8,-3.9651025420134216,0.0,0.0,0.0,-0.3490658503988659,0.0,0.0,0.0,0.0,0.0,0.0,-0.0,-0.0
69.38209433006188,0.0,-20.000000000000004,-8,-3.9825558345333647,0.0,0.0,0.0,-0.3490658503988659,0.0,0.0,0.0,0.0,0.0,0.0,-0.0,-0.0
69.43209433006187,0.0,-20.000000000000004,-8,-4.000009127053308,0.0,0.0,0.0,-0.3490658503988659,0.0,0.0,0.0,0.0,0.0,0.0,-0.0,-0.0
69.48209433006187,0.0,-20.000000000000004,-8,-4.017462419573251,0.0,0.0,0.0,-0.3490658503988659,0.0,0.0,0.0,0.0,0.0,0.0,-0.0,-0.0
69.53209433006188,0.0,-20.000000000000004,-8,-4.034915712093195,0.0,0.0,0.0,-0.3490658503988659,0.0,0.0,0.0,0.0,0.0,0.0,-0.0,-0.0
69.58209433006188,0.0,-20.000000000000004,-8,-4.052369004613138,0.0,0.0,0.0,-0.3490658503988659,0.0,0.0,0.0,0.0,0.0,0.0,-0.0,-0.0
69.63209433006188,0.0,-20.000000000000004,-8,-4.069822297133081,0.0,0.0,0.0,-0.3490658503988659,0.0,0.0,0.0,0.0,0.0,0.0,-0.0,-0.0
69.68209433006187,0.0,-20.000000000000004,-8,-4.087275589653024,0.0,0.0,0.0,-0.3490658503988659,0.0,0.0,0.0,0.0,0.0,0.0,-0.0,-0.0
69.73209433006187,0.0,-20.000000000000004,-8,-4.104728882172967,0.0,0.0,0.0,-0.3490658503988659,0.0,0.0,0.0,0.0,0.0,0.0,-0.0,-0.0
69.78209433006188,0.0,-20.000000000000004,-8,-4.122182174692911,0.0,0.0,0.0,-0.3490658503988659,0.0,0.0,0.0,0.0,0.0,0.0,-0.0,-0.0
69.83209433006188,0.0,-20.000000000000004,-8,-4.139635467212854,0.0,0.0,0.0,-0.3490658503988659,0.0,0.0,0.0,0.0,0.0,0.0,-0.0,-0.0
69.88209433006188,0.0,-20.000000000000004,-8,-4.1570887597327975,0.0,0.0,0.0,-0.3490658503988659,0.0,0.0,0.0,0.0,0.0,0.0,-0.0,-0.0
69.93209433006187,0.0,-20.000000000000004,-8,-4.174542052252741,0.0,0.0,0.0,-0.3490658503988659,0.0,0.0,0.0,0.0,0.0,0.0,-0.0,-0.0
69.98209433006187,0.0,-20.000000000000004,-8,-4.191995344772684,0.0,0.0,0.0,-0.3490658503988659,0.0,0.0,0.0,0.0,0.0,0.0,-0.0,-0.0
70.03209433006188,0.0,-20.000000000000004,-8,-4.209448637292628,0.0,0.0,0.0,-0.3490658503988659,0.0,0.0,0.0,0.0,0.0,0.0,-0.0,-0.0
70.08209433006188,0.0,-20.000000000000004,-8,-4.226901929812571,0.0,0.0,0.0,-0.3490658503988659,0.0,0.0,0.0,0.0,0.0,0.0,-0.0,-0.0
70.13209433006188,0.0,-20.000000000000004,-8,-4.244355222332514,0.0,0.0,0.0,-0.3490658503988659,0.0,0.0,0.0,0.0,0.0,0.0,-0.0,-0.0
70.18209433006187,0.0,-20.000000000000004,-8,-4.261808514852458,0.0,0.0,0.0,-0.3490658503988659,0.0,0.0,0.0,0.0,0.0,0.0,-0.0,-0.0
70.23209433006187,0.0,-20.000000000000004,-8,-4.279261807372401,0.0,0.0,0.0,-0.3490658503988659,0.0,0.0,0.0,0.0,0.0,0.0,-0.0,-0.0
70.28209433006188,0.0,-20.000000000000004,-8,-4.296715099892344,0.0,0.0,0.0,-0.3490658503988659,0.0,0.0,0.0,0.0,0.0,0.0,-0.0,-0.0
70.33209433006188,0.0,-20.000000000000004,-8,-4.314168392412287,0.0,0.0,0.0,-0.3490658503988659,0.0,0.0,0.0,0.0,0.0,0.0,-0.0,-0.0
70.38209433006188,0.0,-20.000000000000004,-8,-4.33162168493223,0.0,0.0,0.0,-0.3490658503988659,0.0,0.0,0.0,0.0,0.0,0.0,-0.0,-0.0
70.43209433006187,0.0,-20.000000000000004,-8,-4.349074977452174,0.0,0.0,0.0,-0.3490658503988659,0.0,0.0,0.0,0.0,0.0,0.0,-0.0,-0.0
70.48209433006187,0.0,-20.000000000000004,-8,-4.366528269972117,0.0,0.0,0.0,-0.3490658503988659,0.0,0.0,0.0,0.0,0.0,0.0,-0.0,-0.0
70.53209433006188,0.0,-20.000000000000004,-8,-4.38398156249206,0.0,0.0,0.0,-0.3490658503988659,0.0,0.0,0.0,0.0,0.0,0.0,-0.0,-0.0
70.58209433006188,0.0,-20.000000000000004,-8,-4.4014348550120035,0.0,0.0,0.0,-0.3490658503988659,0.0,0.0,0.0,0.0,0.0,0.0,-0.0,-0.0
70.63209433006188,0.0,-20.000000000000004,-8,-4.418888147531947,0.0,0.0,0.0,-0.3490658503988659,0.0,0.0,0.0,0.0,0.0,0.0,-0.0,-0.0
70.68209433006187,0.0,-20.000000000000004,-8,-4.436341440051891,0.0,0.0,0.0,-0.3490658503988659,0.0,0.0,0.0,0.0,0.0,0.0,-0.0,-0.0
70.73209433006187,0.0,-20.000000000000004,-8,-4.453794732571834,0.0,0.0,0.0,-0.3490658503988659,0.0,0.0,0.0,0.0,0.0,0.0,-0.0,-0.0
70.78209433006188,0.0,-20.000000000000004,-8,-4.471248025091777,0.0,0.0,0.0,-0.3490658503988659,0.0,0.0,0.0,0.0,0.0,0.0,-0.0,-0.0
70.83209433006188,0.0,-20.000000000000004,-8,-4.488701317611721,0.0,0.0,0.0,-0.3490658503988659,0.0,0.0,0.0,0.0,0.0,0.0,-0.0,-0.0
70.88209433006188,0.0,-20.000000000000004,-8,-4.506154610131663,0.0,0.0,0.0,-0.3490658503988659,0.0,0.0,0.0,0.0,0.0,0.0,-0.0,-0.0
70.93209433006187,0.0,-20.000000000000004,-8,-4.523587069318273,0.0,0.0,0.0,-0.34781585039886587,0.0,0.0,0.0,0.0,0.0,0.0,0.050000000000000266,1.0
70.98209433006187,0.0,-20.000000000000004,-8,-4.540894528504884,0.0,0.0,0.0,-0.3440658503988658,0.0,0.0,0.0,0.0,0.0,0.0,0.10000000000000098,1.0
71.03209433006188,0.0,-20.000000000000004,-8,-4.557951987691494,0.0,0.0,0.0,-0.3378158503988658,0.0,0.0,0.0,0.0,0.0,0.0,0.1500000000000008,1.0
71.08209433006188,0.0,-20.000000000000004,-8,-4.574634446878104,0.0,0.0,0.0,-0.32906585039886577,0.0,0.0,0.0,0.0,0.0,0.0,0.20000000000000062,1.0
71.13209433006188,0.0,-20.000000000000004,-8,-4.590816906064713,0.0,0.0,0.0,-0.3178158503988658,0.0,0.0,0.0,0.0,0.0,0.0,0.25000000000000044,1.0
71.18209433006187,0.0,-20.000000000000004,-8,-4.606374365251323,0.0,0.0,0.0,-0.3040658503988656,0.0,0.0,0.0,0.0,0.0,0.0,0.30000000000000115,1.0
71.23209433006187,0.0,-20.000000000000004,-8,-4.621181824437933,0.0,0.0,0.0,-0.28781585039886554,0.0,0.0,0.0,0.0,0.0,0.0,0.350000000000001,1.0
71.28209433006188,0.0,-20.000000000000004,-8,-4.635114283624543,0.0,0.0,0.0,-0.26906585039886555,0.0,0.0,0.0,0.0,0.0,0.0,0.4000000000000008,1.0
71.33209433006188,0.0,-20.000000000000004,-8,-4.648046742811153,0.0,0.0,0.0,-0.2478158503988656,0.0,0.0,0.0,0.0,0.0,0.0,0.4500000000000006,1.0
71.38209433006188,0.0,-20.000000000000004,-8,-4.659854201997764,0.0,0.0,0.0,-0.22406585039886567,0.0,0.0,0.0,0.0,0.0,0.0,0.5000000000000004,1.0
71.43209433006187,0.0,-20.000000000000004,-8,-4.670411661184373,0.0,0.0,0.0,-0.19781585039886526,0.0,0.0,0.0,0.0,0.0,0.0,0.5500000000000012,1.0
71.48209433006187,0.0,-20.000000000000004,-8,-4.679594378417299,0.0,0.0,0.0,-0.16915016043552483,0.0,0.0,0.0,0.0,0.0,0.0,0.5816359006036764,-1.0
71.53209433006188,0.0,-20.000000000000004,-8,-4.687345674896654,0.0,0.0,0.0,-0.14131836540534112,0.0,0.0,0.0,0.0,0.0,0.0,0.5316359006036766,-1.0
71.58209433006188,0.0,-20.000000000000004,-8,-4.693767881624499,0.0,0.0,0.0,-0.11598657037515757,0.0,0.0,0.0,0.0,0.0,0.0,0.4816359006036772,-1.0
71.63209433006188,0.0,-20.000000000000004,-8,-4.698985998600836,0.0,0.0,0.0,-0.0931547753449734,0.0,0.0,0.0,0.0,0.0,0.0,0.4316359006036765,-1.0
71.68209433006187,0.0,-20.000000000000004,-8,-4.703125025825663,0.0,0.0,0.0,-0.07282298031478932,0.0,0.0,0.0,0.0,0.0,0.0,0.3816359006036758,-1.0
71.73209433006187,0.0,-20.000000000000004,-8,-4.706309963298981,0.0,0.0,0.0,-0.05499118528460588,0.0,0.0,0.0,0.0,0.0,0.0,0.33163590060367687,-1.0
71.78209433006188,0.0,-20.000000000000004,-8,-4.708665811020791,0.0,0.0,0.0,-0.03965939025442182,0.0,0.0,0.0,0.0,0.0,0.0,0.28163590060367616,-1.0
71.83209433006188,0.0,-20.000000000000004,-8,-4.7103175689910906,0.0,0.0,0.0,-0.02682759522423825,0.0,0.0,0.0,0.0,0.0,0.0,0.23163590060367723,-1.0
71.88209433006188,0.0,-20.000000000000004,-8,-4.711390237209882,0.0,0.0,0.0,-0.016495800194054278,0.0,0.0,0.0,0.0,0.0,0.0,0.18163590060367651,-1.0
71.93209433006187,0.0,-20.000000000000004,-8,-4.712008815677162,0.0,0.0,0.0,-0.008664005163870378,0.0,0.0,0.0,0.0,0.0,0.0,0.1316359006036758,-1.0
71.98209433006187,0.0,-20.000000000000004,-8,-4.7122983043929345,0.0,0.0,0.0,-0.003332210133686675,0.0,0.0,0.0,0.0,0.0,0.0,0.08163590060367687,-1.0
72.03209433006188,0.0,-20.000000000000004,-8,-4.712383703357198,0.0,0.0,0.0,-0.0005004151035027937,0.0,0.0,0.0,0.0,0.0,0.0,0.03163590060367616,-1.0
72.06373023066556,0.0,-20.000000000000004,-8,-4.71238898038469,0.0,0.0,0.0,-0.0,0.0,0.0,0.0,0.0,0.0,0.0,-0.0,-0.0
72.11373023066555,-3.8270212473354786e-21,-19.99997916666667,-8.0,-4.71238898038469,-2.2962127484012875e-19,0.0012500000000000002,0.0,0.0,-9.184850993605149e-18,0.05,0.0,-1.8369701987210297e-16,1.0,0.0,0.0,0.0
72.16373023066555,-3.061616997868383e-20,-19.99983333333334,-8.0,-4.71238898038469,-9.18485099360515e-19,0.005000000000000001,0.0,0.0,-1.8369701987210297e-17,0.1,0.0,-1.8369701987210297e-16,1.0,0.0,0.0,0.0
72.21373023066556,-1.0332957367805796e-19,-19.999437500000003,-8.0,-4.71238898038469,-2.066591473561159e-18,0.011250000000000003,0.0,0.0,-2.755455298081545e-17,0.15000000000000002,0.0,-1.8369701987210297e-16,1.0,0.0,0.0,0.0
72.26373023066556,-2.4492935982947063e-19,-19.99866666666667,-8.0,-4.71238898038469,-3.67394039744206e-18,0.020000000000000004,0.0,0.0,-3.6739403974420595e-17,0.2,0.0,-1.8369701987210297e-16,1.0,0.0,0.0,0.0
72.31373023066556,-4.7837765591693475e-19,-19.997395833333336,-8.0,-4.71238898038469,-5.740531871003218e-18,0.03125,0.0,0.0,-4.592425496802574e-17,0.25,0.0,-1.8369701987210297e-16,1.0,0.0,0.0,0.0
72.36373023066555,-8.266365894244637e-19,-19.995500000000003,-8.0,-4.71238898038469,-8.266365894244636e-18,0.04500000000000001,0.0,0.0,-5.51091059616309e-17,0.30000000000000004,0.0,-1.8369701987210297e-16,1.0,0.0,0.0,0.0
72.41373023066555,-1.3126682878360692e-18,-19.99285416666667,-8.0,-4.71238898038469,-1.1251442467166309e-17,0.06125000000000001,0.0,0.0,-6.429395695523605e-17,0.35000000000000003,0.0,-1.8369701987210297e-16,1.0,0.0,0.0,0.0
72.46373023066556,-1.959434878635765e-18,-19.989333333333338,-8.0,-4.71238898038469,-1.469576158976824e-17,0.08000000000000002,0.0,0.0,-7.347880794884119e-17,0.4,0.0,-1.8369701987210297e-16,1.0,0.0,0.0,0.0
72.51373023066556,-2.789898489307564e-18,-19.984812500000004,-8.0,-4.71238898038469,-1.8599323262050427e-17,0.10125,0.0,0.0,-8.266365894244634e-17,0.45,0.0,-1.8369701987210297e-16,1.0,0.0,0.0,0.0
72.56373023066556,-3.827021247335478e-18,-19.97916666666667,-8.0,-4.71238898038469,-2.296212748401287e-17,0.125,0.0,0.0,-9.184850993605148e-17,0.5,0.0,-1.8369701987210297e-16,1.0,0.0,0.0,0.0
72.61373023066555,-5.093765280203523e-18,-19.972270833333337,-8.0,-4.71238898038469,-2.778417425565558e-17,0.15125000000000002,0.0,0.0,-1.0103336092965664e-16,0.55,0.0,-1.8369701987210297e-16,1.0,0.0,0.0,0.0
72.66373023066555,-6.61309271539571e-18,-19.964000000000002,-8.0,-4.71238898038469,-3.3065463576978543e-17,0.18000000000000005,0.0,0.0,-1.102182119232618e-16,0.6000000000000001,0.0,-1.8369701987210297e-16,1.0,0.0,0.0,0.0
72.71373023066556,-8.407965680396046e-18,-19.95422916666667,-8.0,-4.71238898038469,-3.8805995447981754e-17,0.21125000000000002,0.0,0.0,-1.1940306291686693e-16,0.65,0.0,-1.8369701987210297e-16,1.0,0.0,0.0,0.0
72.76373023066556,-1.0501346302688554e-17,-19.942833333333336,-8.0,-4.71238898038469,-4.5005769868665235e-17,0.24500000000000005,0.0,0.0,-1.285879139104721e-16,0.7000000000000001,0.0,-1.8369701987210297e-16,1.0,0.0,0.0,0.0
72.81373023066556,-1.291619670975724e-17,-19.929687500000004,-8.0,-4.71238898038469,-5.166478683902896e-17,0.28125,0.0,0.0,-1.3777276490407724e-16,0.75,0.0,-1.8369701987210297e-16,1.0,0.0,0.0,0.0
72.86373023066555,-1.567547902908612e-17,-19.91466666666667,-8.0,-4.71238898038469,-5.878304635907296e-17,0.32000000000000006,0.0,0.0,-1.4695761589768238e-16,0.8,0.0,-1.8369701987210297e-16,1.0,0.0,0.0,0.0
72.91373023066555,-1.8802155388159208e-17,-19.897645833333335,-8.0,-4.71238898038469,-6.636054842879721e-17,0.36125000000000007,0.0,0.0,-1.5614246689128755e-16,0.8500000000000001,0.0,-1.8369701987210297e-16,1.0,0.0,0.0,0.0
72.96373023066556,-2.2319187914460512e-17,-19.878500000000003,-8.0,-4.71238898038469,-7.439729304820171e-17,0.405,0.0,0.0,-1.6532731788489269e-16,0.9,0.0,-1.8369701987210297e-16,1.0,0.0,0.0,0.0
73.01373023066556,-2.6249538735474052e-17,-19.85710416666667,-8.0,-4.71238898038469,-8.289328021728648e-17,0.45125000000000004,0.0,0.0,-1.7451216887849783e-16,0.9500000000000001,0.0,-1.8369701987210297e-16,1.0,0.0,0.0,0.0
73.06373023066556,-3.0616169978683824e-17,-19.833333333333336,-8.0,-4.71238898038469,-9.184850993605148e-17,0.5,0.0,0.0,-1.8369701987210297e-16,1.0,0.0,-1.8369701987210297e-16,1.0,0.0,0.0,0.0
73.11373023066555,-3.5438216750326534e-17,-19.80708333333334,-8.0,-4.71238898038469,-1.0103336092965664e-16,0.55,0.0,0.0,-1.8369701987210297e-16,1.0,0.0,-0.0,0.0,0.0,0.0,0.0
73.16373023066555,-4.0719506071649496e-17,-19.778333333333336,-8.0,-4.71238898038469,-1.102182119232618e-16,0.6000000000000001,0.0,0.0,-1.8369701987210297e-16,1.0,0.0,-0.0,0.0,0.0,0.0,0.0
73.21373023066556,-4.646003794265272e-17,-19.747083333333336,-8.0,-4.71238898038469,-1.1940306291686696e-16,0.6500000000000001,0.0,0.0,-1.8369701987210297e-16,1.0,0.0,-0.0,0.0,0.0,0.0,0.0
73.26373023066556,-5.2659812363336195e-17,-19.71333333333334,-8.0,-4.71238898038469,-1.2858791391047212e-16,0.7000000000000002,0.0,0.0,-1.8369701987210297e-16,1.0,0.0,-0.0,0.0,0.0,0.0,0.0
73.31373023066556,-5.931882933369991e-17,-19.677083333333336,-8.0,-4.71238898038469,-1.3777276490407724e-16,0.75,0.0,0.0,-1.8369701987210297e-16,1.0,0.0,-0.0,0.0,0.0,0.0,0.0
73.36373023066555,-6.64370888537439e-17,-19.638333333333335,-8.0,-4.71238898038469,-1.4695761589768238e-16,0.8,0.0,0.0,-1.8369701987210297e-16,1.0,0.0,-0.0,0.0,0.0,0.0,0.0
73.41373023066555,-7.401459092346815e-17,-19.597083333333337,-8.0,-4.71238898038469,-1.5614246689128755e-16,0.8500000000000001,0.0,0.0,-1.8369701987210297e-16,1.0,0.0,-0.0,0.0,0.0,0.0,0.0
73.46373023066556,-8.205133554287267e-17,-19.553333333333338,-8.0,-4.71238898038469,-1.6532731788489269e-16,0.9000000000000001,0.0,0.0,-1.8369701987210297e-16,1.0,0.0,-0.0,0.0,0.0,0.0,0.0
73.51373023066556,-9.054732271195744e-17,-19.507083333333338,-8.0,-4.71238898038469,-1.7451216887849785e-16,0.9500000000000002,0.0,0.0,-1.8369701987210297e-16,1.0,0.0,-0.0,0.0,0.0,0.0,0.0
73.56373023066556,-9.950255243072243e-17,-19.458333333333336,-8.0,-4.71238898038469,-1.8369701987210297e-16,1.0,0.0,0.0,-1.8369701987210297e-16,1.0,0.0,-0.0,0.0,0.0,0.0,0.0
73.61373023066555,-1.0891702469916772e-16,-19.407083333333336,-8.0,-4.71238898038469,-1.9288187086570813e-16,1.05,0.0,0.0,-1.8369701987210297e-16,1.0,0.0,-0.0,0.0,0.0,0.0,0.0
73.66373023066555,-1.1879073951729327e-16,-19.353333333333335,-8.0,-4.71238898038469,-2.0206672185931328e-16,1.1,0.0,0.0,-1.8369701987210297e-16,1.0,0.0,-0.0,0.0,0.0,0.0,0.0
73.71373023066556,-1.2912369688509904e-16,-19.297083333333337,-8.0,-4.71238898038469,-2.1125157285291844e-16,1.1500000000000001,0.0,0.0,-1.8369701987210297e-16,1.0,0.0,-0.0,0.0,0.0,0.0,0.0
73.76373023066556,-1.3991589680258512e-16,-19.238333333333337,-8.0,-4.71238898038469,-2.204364238465236e-16,1.2000000000000002,0.0,0.0,-1.8369701987210297e-16,1.0,0.0,-0.0,0.0,0.0,0.0,0.0
73.81373023066556,-1.511673392697514e-16,-19.177083333333336,-8.0,-4.71238898038469,-2.296212748401287e-16,1.25,0.0,0.0,-1.8369701987210297e-16,1.0,0.0,-0.0,0.0,0.0,0.0,0.0
73.86373023066555,-1.6287802428659796e-16,-19.113333333333337,-8.0,-4.71238898038469,-2.3880612583373386e-16,1.3,0.0,0.0,-1.8369701987210297e-16,1.0,0.0,-0.0,0.0,0.0,0.0,0.0
73.91373023066555,-1.750479518531248e-16,-19.047083333333337,-8.0,-4.71238898038469,-2.4799097682733903e-16,1.35,0.0,0.0,-1.8369701987210297e-16,1.0,0.0,-0.0,0.0,0.0,0.0,0.0
73.96373023066556,-1.8767712196933191e-16,-18.978333333333335,-8.0,-4.71238898038469,-2.571758278209442e-16,1.4000000000000001,0.0,0.0,-1.8369701987210297e-16,1.0,0.0,-0.0,0.0,0.0,0.0,0.0
74.01373023066556,-2.0076553463521925e-16,-18.907083333333336,-8.0,-4.71238898038469,-2.6636067881454936e-16,1.4500000000000002,0.0,0.0,-1.8369701987210297e-16,1.0,0.0,-0.0,0.0,0.0,0.0,0.0
74.06373023066556,-2.1431318985078676e-16,-18.833333333333336,-8.0,-4.71238898038469,-2.755455298081545e-16,1.5,0.0,0.0,-1.8369701987210297e-16,1.0,0.0,-0.0,0.0,0.0,0.0,0.0
74.11373023066555,-2.2831626059478733e-16,-18.75710416666667,-8.0,-4.71238898038469,-2.845007595269195e-16,1.5487500000000003,0.0,0.0,-1.7451216887849778e-16,0.9499999999999997,0.0,1.8369701987210297e-16,-1.0,-0.0,0.0,0.0
74.16373023066555,-2.427556117609841e-16,-18.678500000000003,-8.0,-4.71238898038469,-2.9299674669600423e-16,1.595,0.0,0.0,-1.6532731788489266e-16,0.8999999999999999,0.0,1.8369701987210297e-16,-1.0,-0.0,0.0,0.0
74.21373023066556,-2.57608281221893e-16,-18.59764583333334,-8.0,-4.71238898038469,-3.0103349131540874e-16,1.63875,0.0,0.0,-1.5614246689128755e-16,0.8500000000000001,0.0,1.8369701987210297e-16,-1.0,-0.0,0.0,0.0
74.26373023066556,-2.728513068500303e-16,-18.51466666666667,-8.0,-4.71238898038469,-3.08610993385133e-16,1.6800000000000002,0.0,0.0,-1.4695761589768233e-16,0.7999999999999998,0.0,1.8369701987210297e-16,-1.0,-0.0,0.0,0.0
74.31373023066556,-2.8846172651791165e-16,-18.429687500000004,-8.0,-4.71238898038469,-3.15729252905177e-16,1.71875,0.0,0.0,-1.3777276490407724e-16,0.75,0.0,1.8369701987210297e-16,-1.0,-0.0,0.0,0.0
74.36373023066555,-3.0441657809805335e-16,-18.342833333333335,-8.0,-4.71238898038469,-3.2238826987554074e-16,1.7550000000000001,0.0,0.0,-1.2858791391047202e-16,0.6999999999999997,0.0,1.8369701987210297e-16,-1.0,-0.0,0.0,0.0
74.41373023066555,-3.2069289946297107e-16,-18.25422916666667,-8.0,-4.71238898038469,-3.285880442962242e-16,1.78875,0.0,0.0,-1.194030629168669e-16,0.6499999999999999,0.0,1.8369701987210297e-16,-1.0,-0.0,0.0,0.0
74.46373023066556,-3.372677284851811e-16,-18.164,-8.0,-4.71238898038469,-3.3432857616722745e-16,1.8200000000000003,0.0,0.0,-1.1021821192326172e-16,0.5999999999999996,0.0,1.8369701987210297e-16,-1.0,-0.0,0.0,0.0
74.51373023066556,-3.5411810303719916e-16,-18.072270833333338,-8.0,-4.71238898038469,-3.3960986548855037e-16,1.8487500000000001,0.0,0.0,-1.010333609296566e-16,0.5499999999999998,0.0,1.8369701987210297e-16,-1.0,-0.0,0.0,0.0
74.56373023066556,-3.7122106099154136e-16,-17.97916666666667,-8.0,-4.71238898038469,-3.4443191226019305e-16,1.875,0.0,0.0,-9.184850993605148e-17,0.5,0.0,1.8369701987210297e-16,-1.0,-0.0,0.0,0.0
74.61373023066555,-3.885536402207239e-16,-17.884812500000002,-8.0,-4.71238898038469,-3.4879471648215553e-16,1.8987500000000002,0.0,0.0,-8.266365894244628e-17,0.44999999999999973,0.0,1.8369701987210297e-16,-1.0,-0.0,0.0,0.0
74.66373023066555,-4.0609287859726226e-16,-17.78933333333334,-8.0,-4.71238898038469,-3.526982781544377e-16,1.92,0.0,0.0,-7.347880794884117e-17,0.3999999999999999,0.0,1.8369701987210297e-16,-1.0,-0.0,0.0,0.0
74.71373023066556,-4.2381581399367294e-16,-17.69285416666667,-8.0,-4.71238898038469,-3.561425972770397e-16,1.9387500000000002,0.0,0.0,-6.429395695523597e-17,0.34999999999999964,0.0,1.8369701987210297e-16,-1.0,-0.0,0.0,0.0
74.76373023066556,-4.4169948428247155e-16,-17.595500000000005,-8.0,-4.71238898038469,-3.591276738499613e-16,1.955,0.0,0.0,-5.510910596163086e-17,0.2999999999999998,0.0,1.8369701987210297e-16,-1.0,-0.0,0.0,0.0
74.81373023066556,-4.597209273361743e-16,-17.497395833333336,-8.0,-4.71238898038469,-3.6165350787320273e-16,1.96875,0.0,0.0,-4.592425496802574e-17,0.25,0.0,1.8369701987210297e-16,-1.0,-0.0,0.0,0.0
74.86373023066555,-4.778571810272973e-16,-17.39866666666667,-8.0,-4.71238898038469,-3.6372009934676386e-16,1.98,0.0,0.0,-3.6739403974420546e-17,0.19999999999999973,0.0,1.8369701987210297e-16,-1.0,-0.0,0.0,0.0
74.91373023066555,-4.960852832283561e-16,-17.299437500000003,-8.0,-4.71238898038469,-3.653274482706448e-16,1.98875,0.0,0.0,-2.755455298081543e-17,0.1499999999999999,0.0,1.8369701987210297e-16,-1.0,-0.0,0.0,0.0
74.96373023066556,-5.14382271811867e-16,-17.199833333333338,-8.0,-4.71238898038469,-3.6647555464484546e-16,1.995,0.0,0.0,-1.8369701987210233e-17,0.09999999999999964,0.0,1.8369701987210297e-16,-1.0,-0.0,0.0,0.0
75.01373023066556,-5.327251846503459e-16,-17.09997916666667,-8.0,-4.71238898038469,-3.671644184693658e-16,1.99875,0.0,0.0,-9.184850993605116e-18,0.04999999999999982,0.0,1.8369701987210297e-16,-1.0,-0.0,0.0,0.0
75.06373023066556,-5.510910596163089e-16,-17.000000000000004,-8.0,-4.71238898038469,-3.6739403974420594e-16,2.0,0.0,0.0,-0.0,0.0,0.0,1.8369701987210297e-16,-1.0,-0.0,0.0,0.0
75.11373023066555,-5.694607616035193e-16,-16.900000000000002,-8.0,-4.71238898038469,-3.6739403974420594e-16,2.0,0.0,0.0,-0.0,0.0,0.0,-0.0,0.0,0.0,0.0,0.0
75.16373023066555,-5.878304635907295e-16,-16.800000000000004,-8.0,-4.71238898038469,-3.6739403974420594e-16,2.0,0.0,0.0,-0.0,0.0,0.0,-0.0,0.0,0.0,0.0,0.0
75.21373023066556,-6.062001655779399e-16,-16.700000000000003,-8.0,-4.71238898038469,-3.6739403974420594e-16,2.0,0.0,0.0,-0.0,0.0,0.0,-0.0,0.0,0.0,0.0,0.0
75.26373023066556,-6.245698675651501e-16,-16.6,-8.0,-4.71238898038469,-3.6739403974420594e-16,2.0,0.0,0.0,-0.0,0.0,0.0,-0.0,0.0,0.0,0.0,0.0
75.31373023066556,-6.429395695523603e-16,-16.500000000000004,-8.0,-4.71238898038469,-3.6739403974420594e-16,2.0,0.0,0.0,-0.0,0.0,0.0,-0.0,0.0,0.0,0.0,0.0
75.36373023066555,-6.613092715395707e-16,-16.400000000000002,-8.0,-4.71238898038469,-3.6739403974420594e-16,2.0,0.0,0.0,-0.0,0.0,0.0,-0.0,0.0,0.0,0.0,0.0
75.41373023066555,-6.79678973526781e-16,-16.300000000000004,-8.0,-4.71238898038469,-3.6739403974420594e-16,2.0,0.0,0.0,-0.0,0.0,0.0,-0.0,0.0,0.0,0.0,0.0
75.46373023066556,-6.980486755139913e-16,-16.200000000000003,-8.0,-4.71238898038469,-3.6739403974420594e-16,2.0,0.0,0.0,-0.0,0.0,0.0,-0.0,0.0,0.0,0.0,0.0
75.51373023066556,-7.164183775012015e-16,-16.1,-8.0,-4.71238898038469,-3.6739403974420594e-16,2.0,0.0,0.0,-0.0,0.0,0.0,-0.0,0.0,0.0,0.0,0.0
75.56373023066556,-7.347880794884119e-16,-16.000000000000004,-8.0,-4.71238898038469,-3.6739403974420594e-16,2.0,0.0,0.0,-0.0,0.0,0.0,-0.0,0.0,0.0,0.0,0.0
75.61373023066555,-7.531577814756222e-16,-15.900000000000002,-8.0,-4.71238898038469,-3.6739403974420594e-16,2.0,0.0,0.0,-0.0,0.0,0.0,-0.0,0.0,0.0,0.0,0.0
75.66373023066555,-7.715274834628325e-16,-15.800000000000004,-8.0,-4.71238898038469,-3.6739403974420594e-16,2.0,0.0,0.0,-0.0,0.0,0.0,-0.0,0.0,0.0,0.0,0.0
75.71373023066556,-7.898971854500428e-16,-15.700000000000003,-8.0,-4.71238898038469,-3.6739403974420594e-16,2.0,0.0,0.0,-0.0,0.0,0.0,-0.0,0.0,0.0,0.0,0.0
75.76373023066556,-8.082668874372531e-16,-15.600000000000003,-8.0,-4.71238898038469,-3.6739403974420594e-16,2.0,0.0,0.0,-0.0,0.0,0.0,-0.0,0.0,0.0,0.0,0.0
75.81373023066556,-8.266365894244633e-16,-15.500000000000004,-8.0,-4.71238898038469,-3.6739403974420594e-16,2.0,0.0,0.0,-0.0,0.0,0.0,-0.0,0.0,0.0,0.0,0.0
75.86373023066555,-8.450062914116738e-16,-15.400000000000002,-8.0,-4.71238898038469,-3.6739403974420594e-16,2.0,0.0,0.0,-0.0,0.0,0.0,-0.0,0.0,0.0,0.0,0.0
75.91373023066555,-8.63375993398884e-16,-15.300000000000004,-8.0,-4.71238898038469,-3.6739403974420594e-16,2.0,0.0,0.0,-0.0,0.0,0.0,-0.0,0.0,0.0,0.0,0.0
75.96373023066556,-8.817456953860943e-16,-15.200000000000003,-8.0,-4.71238898038469,-3.6739403974420594e-16,2.0,0.0,0.0,-0.0,0.0,0.0,-0.0,0.0,0.0,0.0,0.0
76.01373023066556,-9.001153973733046e-16,-15.100000000000003,-8.0,-4.71238898038469,-3.6739403974420594e-16,2.0,0.0,0.0,-0.0,0.0,0.0,-0.0,0.0,0.0,0.0,0.0
76.06373023066556,-9.184850993605148e-16,-15.000000000000004,-8.0,-4.71238898038469,-3.6739403974420594e-16,2.0,0.0,0.0,-0.0,0.0,0.0,-0.0,0.0,0.0,0.0,0.0
76.11373023066555,-9.36854801347725e-16,-14.900000000000004,-8.0,-4.71238898038469,-3.6739403974420594e-16,2.0,0.0,0.0,-0.0,0.0,0.0,-0.0,0.0,0.0,0.0,0.0
76.16373023066555,-9.552245033349357e-16,-14.800000000000002,-8.0,-4.71238898038469,-3.6739403974420594e-16,2.0,0.0,0.0,-0.0,0.0,0.0,-0.0,0.0,0.0,0.0,0.0
76.21373023066556,-9.735942053221457e-16,-14.700000000000003,-8.0,-4.71238898038469,-3.6739403974420594e-16,2.0,0.0,0.0,-0.0,0.0,0.0,-0.0,0.0,0.0,0.0,0.0
76.26373023066556,-9.919639073093561e-16,-14.600000000000003,-8.0,-4.71238898038469,-3.6739403974420594e-16,2.0,0.0,0.0,-0.0,0.0,0.0,-0.0,0.0,0.0,0.0,0.0
76.31373023066556,-1.0103336092965664e-15,-14.500000000000004,-8.0,-4.71238898038469,-3.6739403974420594e-16,2.0,0.0,0.0,-0.0,0.0,0.0,-0.0,0.0,0.0,0.0,0.0
76.36373023066555,-1.0287033112837764e-15,-14.400000000000004,-8.0,-4.71238898038469,-3.6739403974420594e-16,2.0,0.0,0.0,-0.0,0.0,0.0,-0.0,0.0,0.0,0.0,0.0
76.41373023066555,-1.047073013270987e-15,-14.300000000000002,-8.0,-4.71238898038469,-3.6739403974420594e-16,2.0,0.0,0.0,-0.0,0.0,0.0,-0.0,0.0,0.0,0.0,0.0
76.46373023066556,-1.0654427152581972e-15,-14.200000000000003,-8.0,-4.71238898038469,-3.6739403974420594e-16,2.0,0.0,0.0,-0.0,0.0,0.0,-0.0,0.0,0.0,0.0,0.0
76.51373023066556,-1.0838124172454077e-15,-14.100000000000003,-8.0,-4.71238898038469,-3.6739403974420594e-16,2.0,0.0,0.0,-0.0,0.0,0.0,-0.0,0.0,0.0,0.0,0.0
76.56373023066556,-1.1021821192326177e-15,-14.000000000000004,-8.0,-4.71238898038469,-3.6739403974420594e-16,2.0,0.0,0.0,-0.0,0.0,0.0,-0.0,0.0,0.0,0.0,0.0
76.61373023066555,-1.120551821219828e-15,-13.900000000000004,-8.0,-4.71238898038469,-3.6739403974420594e-16,2.0,0.0,0.0,-0.0,0.0,0.0,-0.0,0.0,0.0,0.0,0.0
76.66373023066555,-1.1389215232070386e-15,-13.800000000000002,-8.0,-4.71238898038469,-3.6739403974420594e-16,2.0,0.0,0.0,-0.0,0.0,0.0,-0.0,0.0,0.0,0.0,0.0
76.71373023066556,-1.1572912251942488e-15,-13.700000000000003,-8.0,-4.71238898038469,-3.6739403974420594e-16,2.0,0.0,0.0,-0.0,0.0,0.0,-0.0,0.0,0.0,0.0,0.0
76.76373023066556,-1.175660927181459e-15,-13.600000000000003,-8.0,-4.71238898038469,-3.6739403974420594e-16,2.0,0.0,0.0,-0.0,0.0,0.0,-0.0,0.0,0.0,0.0,0.0
76.81373023066556,-1.1940306291686693e-15,-13.500000000000004,-8.0,-4.71238898038469,-3.6739403974420594e-16,2.0,0.0,0.0,-0.0,0.0,0.0,-0.0,0.0,0.0,0.0,0.0
76.86373023066555,-1.2124003311558797e-15,-13.400000000000002,-8.0,-4.71238898038469,-3.6739403974420594e-16,2.0,0.0,0.0,-0.0,0.0,0.0,-0.0,0.0,0.0,0.0,0.0
76.91373023066555,-1.2307700331430901e-15,-13.300000000000002,-8.0,-4.71238898038469,-3.6739403974420594e-16,2.0,0.0,0.0,-0.0,0.0,0.0,-0.0,0.0,0.0,0.0,0.0
76.96373023066556,-1.2491397351303002e-15,-13.200000000000003,-8.0,-4.71238898038469,-3.6739403974420594e-16,2.0,0.0,0.0,-0.0,0.0,0.0,-0.0,0.0,0.0,0.0,0.0
77.01373023066556,-1.2675094371175106e-15,-13.100000000000003,-8.0,-4.71238898038469,-3.6739403974420594e-16,2.0,0.0,0.0,-0.0,0.0,0.0,-0.0,0.0,0.0,0.0,0.0
77.06373023066556,-1.2858791391047206e-15,-13.000000000000004,-8.0,-4.71238898038469,-3.6739403974420594e-16,2.0,0.0,0.0,-0.0,0.0,0.0,-0.0,0.0,0.0,0.0,0.0
77.11373023066555,-1.3042488410919313e-15,-12.900000000000002,-8.0,-4.71238898038469,-3.6739403974420594e-16,2.0,0.0,0.0,-0.0,0.0,0.0,-0.0,0.0,0.0,0.0,0.0
77.16373023066555,-1.3226185430791415e-15,-12.800000000000002,-8.0,-4.71238898038469,-3.6739403974420594e-16,2.0,0.0,0.0,-0.0,0.0,0.0,-0.0,0.0,0.0,0.0,0.0
77.21373023066556,-1.3409882450663517e-15,-12.700000000000003,-8.0,-4.71238898038469,-3.6739403974420594e-16,2.0,0.0,0.0,-0.0,0.0,0.0,-0.0,0.0,0.0,0.0,0.0
77.26373023066556,-1.359357947053562e-15,-12.600000000000003,-8.0,-4.71238898038469,-3.6739403974420594e-16,2.0,0.0,0.0,-0.0,0.0,0.0,-0.0,0.0,0.0,0.0,0.0
77.31373023066556,-1.3777276490407722e-15,-12.500000000000004,-8.0,-4.71238898038469,-3.6739403974420594e-16,2.0,0.0,0.0,-0.0,0.0,0.0,-0.0,0.0,0.0,0.0,0.0
77.36373023066555,-1.3960973510279826e-15,-12.400000000000002,-8.0,-4.71238898038469,-3.6739403974420594e-16,2.0,0.0,0.0,-0.0,0.0,0.0,-0.0,0.0,0.0,0.0,0.0
77.41373023066555,-1.414467053015193e-15,-12.300000000000002,-8.0,-4.71238898038469,-3.6739403974420594e-16,2.0,0.0,0.0,-0.0,0.0,0.0,-0.0,0.0,0.0,0.0,0.0
77.46373023066556,-1.432836755002403e-15,-12.200000000000003,-8.0,-4.71238898038469,-3.6739403974420594e-16,2.0,0.0,0.0,-0.0,0.0,0.0,-0.0,0.0,0.0,0.0,0.0
77.51373023066556,-1.4512064569896135e-15,-12.100000000000003,-8.0,-4.71238898038469,-3.6739403974420594e-16,2.0,0.0,0.0,-0.0,0.0,0.0,-0.0,0.0,0.0,0.0,0.0
77.56373023066556,-1.4695761589768238e-15,-12.000000000000004,-8.0,-4.71238898038469,-3.6739403974420594e-16,2.0,0.0,0.0,-0.0,0.0,0.0,-0.0,0.0,0.0,0.0,0.0
77.61373023066555,-1.4879458609640342e-15,-11.900000000000002,-8.0,-4.71238898038469,-3.6739403974420594e-16,2.0,0.0,0.0,-0.0,0.0,0.0,-0.0,0.0,0.0,0.0,0.0
77.66373023066555,-1.5063155629512444e-15,-11.800000000000002,-8.0,-4.71238898038469,-3.6739403974420594e-16,2.0,0.0,0.0,-0.0,0.0,0.0,-0.0,0.0,0.0,0.0,0.0
77.71373023066556,-1.5246852649384546e-15,-11.700000000000003,-8.0,-4.71238898038469,-3.6739403974420594e-16,2.0,0.0,0.0,-0.0,0.0,0.0,-0.0,0.0,0.0,0.0,0.0
77.76373023066556,-1.543054966925665e-15,-11.600000000000003,-8.0,-4.71238898038469,-3.6739403974420594e-16,2.0,0.0,0.0,-0.0,0.0,0.0,-0.0,0.0,0.0,0.0,0.0
77.81373023066556,-1.5614246689128751e-15,-11.500000000000004,-8.0,-4.71238898038469,-3.6739403974420594e-16,2.0,0.0,0.0,-0.0,0.0,0.0,-0.0,0.0,0.0,0.0,0.0
77.86373023066555,-1.5797943709000855e-15,-11.400000000000002,-8.0,-4.71238898038469,-3.6739403974420594e-16,2.0,0.0,0.0,-0.0,0.0,0.0,-0.0,0.0,0.0,0.0,0.0
77.91373023066555,-1.598164072887296e-15,-11.300000000000002,-8.0,-4.71238898038469,-3.6739403974420594e-16,2.0,0.0,0.0,-0.0,0.0,0.0,-0.0,0.0,0.0,0.0,0.0
77.96373023066556,-1.6165337748745062e-15,-11.200000000000003,-8.0,-4.71238898038469,-3.6739403974420594e-16,2.0,0.0,0.0,-0.0,0.0,0.0,-0.0,0.0,0.0,0.0,0.0
78.01373023066556,-1.6349034768617164e-15,-11.100000000000003,-8.0,-4.71238898038469,-3.6739403974420594e-16,2.0,0.0,0.0,-0.0,0.0,0.0,-0.0,0.0,0.0,0.0,0.0
78.06373023066556,-1.6532731788489267e-15,-11.000000000000004,-8.0,-4.71238898038469,-3.6739403974420594e-16,2.0,0.0,0.0,-0.0,0.0,0.0,-0.0,0.0,0.0,0.0,0.0
78.11373023066555,-1.6716428808361371e-15,-10.900000000000002,-8.0,-4.71238898038469,-3.6739403974420594e-16,2.0,0.0,0.0,-0.0,0.0,0.0,-0.0,0.0,0.0,0.0,0.0
78.16373023066555,-1.6900125828233475e-15,-10.800000000000002,-8.0,-4.71238898038469,-3.6739403974420594e-16,2.0,0.0,0.0,-0.0,0.0,0.0,-0.0,0.0,0.0,0.0,0.0
78.21373023066556,-1.7083822848105576e-15,-10.700000000000003,-8.0,-4.71238898038469,-3.6739403974420594e-16,2.0,0.0,0.0,-0.0,0.0,0.0,-0.0,0.0,0.0,0.0,0.0
78.26373023066556,-1.726751986797768e-15,-10.600000000000003,-8.0,-4.71238898038469,-3.6739403974420594e-16,2.0,0.0,0.0,-0.0,0.0,0.0,-0.0,0.0,0.0,0.0,0.0
78.31373023066556,-1.745121688784978e-15,-10.500000000000004,-8.0,-4.71238898038469,-3.6739403974420594e-16,2.0,0.0,0.0,-0.0,0.0,0.0,-0.0,0.0,0.0,0.0,0.0
78.36373023066555,-1.7634913907721887e-15,-10.400000000000002,-8.0,-4.71238898038469,-3.6739403974420594e-16,2.0,0.0,0.0,-0.0,0.0,0.0,-0.0,0.0,0.0,0.0,0.0
78.41373023066555,-1.7818610927593987e-15,-10.300000000000002,-8.0,-4.71238898038469,-3.6739403974420594e-16,2.0,0.0,0.0,-0.0,0.0,0.0,-0.0,0.0,0.0,0.0,0.0
78.46373023066556,-1.800230794746609e-15,-10.200000000000003,-8.0,-4.71238898038469,-3.6739403974420594e-16,2.0,0.0,0.0,-0.0,0.0,0.0,-0.0,0.0,0.0,0.0,0.0
78.51373023066556,-1.818600496733819e-15,-10.100000000000003,-8.0,-4.71238898038469,-3.6739403974420594e-16,2.0,0.0,0.0,-0.0,0.0,0.0,-0.0,0.0,0.0,0.0,0.0
78.56373023066556,-1.8369701987210296e-15,-10.000000000000004,-8.0,-4.71238898038469,-3.6739403974420594e-16,2.0,0.0,0.0,-0.0,0.0,0.0,-0.0,0.0,0.0,0.0,0.0
78.61373023066555,-1.8553399007082404e-15,-9.900000000000002,-8.0,-4.71238898038469,-3.6739403974420594e-16,2.0,0.0,0.0,-0.0,0.0,0.0,-0.0,0.0,0.0,0.0,0.0
78.66373023066555,-1.87370960269545e-15,-9.800000000000004,-8.0,-4.71238898038469,-3.6739403974420594e-16,2.0,0.0,0.0,-0.0,0.0,0.0,-0.0,0.0,0.0,0.0,0.0
78.71373023066556,-1.8920793046826605e-15,-9.700000000000003,-8.0,-4.71238898038469,-3.6739403974420594e-16,2.0,0.0,0.0,-0.0,0.0,0.0,-0.0,0.0,0.0,0.0,0.0
78.76373023066556,-1.910449006669871e-15,-9.600000000000003,-8.0,-4.71238898038469,-3.6739403974420594e-16,2.0,0.0,0.0,-0.0,0.0,0.0,-0.0,0.0,0.0,0.0,0.0
78.81373023066556,-1.9288187086570813e-15,-9.500000000000004,-8.0,-4.71238898038469,-3.6739403974420594e-16,2.0,0.0,0.0,-0.0,0.0,0.0,-0.0,0.0,0.0,0.0,0.0
78.86373023066555,-1.9471884106442914e-15,-9.400000000000002,-8.0,-4.71238898038469,-3.6739403974420594e-16,2.0,0.0,0.0,-0.0,0.0,0.0,-0.0,0.0,0.0,0.0,0.0
78.91373023066555,-1.965558112631502e-15,-9.300000000000002,-8.0,-4.71238898038469,-3.6739403974420594e-16,2.0,0.0,0.0,-0.0,0.0,0.0,-0.0,0.0,0.0,0.0,0.0
78.96373023066556,-1.9839278146187122e-15,-9.200000000000003,-8.0,-4.71238898038469,-3.6739403974420594e-16,2.0,0.0,0.0,-0.0,0.0,0.0,-0.0,0.0,0.0,0.0,0.0
79.01373023066556,-2.0022975166059223e-15,-9.100000000000003,-8.0,-4.71238898038469,-3.6739403974420594e-16,2.0,0.0,0.0,-0.0,0.0,0.0,-0.0,0.0,0.0,0.0,0.0
79.06373023066556,-2.0206672185931327e-15,-9.000000000000004,-8.0,-4.71238898038469,-3.6739403974420594e-16,2.0,0.0,0.0,-0.0,0.0,0.0,-0.0,0.0,0.0,0.0,0.0
79.11373023066555,-2.039036920580343e-15,-8.900000000000002,-8.0,-4.71238898038469,-3.6739403974420594e-16,2.0,0.0,0.0,-0.0,0.0,0.0,-0.0,0.0,0.0,0.0,0.0
79.16373023066555,-2.057406622567553e-15,-8.800000000000002,-8.0,-4.71238898038469,-3.6739403974420594e-16,2.0,0.0,0.0,-0.0,0.0,0.0,-0.0,0.0,0.0,0.0,0.0
79.21373023066556,-2.0757763245547636e-15,-8.700000000000003,-8.0,-4.71238898038469,-3.6739403974420594e-16,2.0,0.0,0.0,-0.0,0.0,0.0,-0.0,0.0,0.0,0.0,0.0
79.26373023066556,-2.094146026541974e-15,-8.600000000000001,-8.0,-4.71238898038469,-3.6739403974420594e-16,2.0,0.0,0.0,-0.0,0.0,0.0,-0.0,0.0,0.0,0.0,0.0
79.31373023066556,-2.1125157285291837e-15,-8.500000000000004,-8.0,-4.71238898038469,-3.6739403974420594e-16,2.0,0.0,0.0,-0.0,0.0,0.0,-0.0,0.0,0.0,0.0,0.0
79.36373023066555,-2.1308854305163945e-15,-8.400000000000002,-8.0,-4.71238898038469,-3.6739403974420594e-16,2.0,0.0,0.0,-0.0,0.0,0.0,-0.0,0.0,0.0,0.0,0.0
79.41373023066555,-2.149255132503605e-15,-8.300000000000002,-8.0,-4.71238898038469,-3.6739403974420594e-16,2.0,0.0,0.0,-0.0,0.0,0.0,-0.0,0.0,0.0,0.0,0.0
79.46373023066556,-2.1676248344908154e-15,-8.200000000000003,-8.0,-4.71238898038469,-3.6739403974420594e-16,2.0,0.0,0.0,-0.0,0.0,0.0,-0.0,0.0,0.0,0.0,0.0
79.51373023066556,-2.185994536478025e-15,-8.100000000000005,-8.0,-4.71238898038469,-3.6739403974420594e-16,2.0,0.0,0.0,-0.0,0.0,0.0,-0.0,0.0,0.0,0.0,0.0
79.56373023066556,-2.2043642384652354e-15,-8.000000000000004,-8.0,-4.71238898038469,-3.6739403974420594e-16,2.0,0.0,0.0,-0.0,0.0,0.0,-0.0,0.0,0.0,0.0,0.0
79.61373023066555,-2.2227339404524463e-15,-7.900000000000002,-8.0,-4.71238898038469,-3.6739403974420594e-16,2.0,0.0,0.0,-0.0,0.0,0.0,-0.0,0.0,0.0,0.0,0.0
79.66373023066555,-2.2411036424396563e-15,-7.800000000000001,-8.0,-4.71238898038469,-3.6739403974420594e-16,2.0,0.0,0.0,-0.0,0.0,0.0,-0.0,0.0,0.0,0.0,0.0
79.71373023066556,-2.2594733444268663e-15,-7.700000000000003,-8.0,-4.71238898038469,-3.6739403974420594e-16,2.0,0.0,0.0,-0.0,0.0,0.0,-0.0,0.0,0.0,0.0,0.0
79.76373023066556,-2.2778430464140768e-15,-7.600000000000003,-8.0,-4.71238898038469,-3.6739403974420594e-16,2.0,0.0,0.0,-0.0,0.0,0.0,-0.0,0.0,0.0,0.0,0.0
79.81373023066556,-2.296212748401287e-15,-7.5000000000000036,-8.0,-4.71238898038469,-3.6739403974420594e-16,2.0,0.0,0.0,-0.0,0.0,0.0,-0.0,0.0,0.0,0.0,0.0
79.86373023066555,-2.3145824503884976e-15,-7.400000000000002,-8.0,-4.71238898038469,-3.6739403974420594e-16,2.0,0.0,0.0,-0.0,0.0,0.0,-0.0,0.0,0.0,0.0,0.0
79.91373023066555,-2.3329521523757076e-15,-7.300000000000004,-8.0,-4.71238898038469,-3.6739403974420594e-16,2.0,0.0,0.0,-0.0,0.0,0.0,-0.0,0.0,0.0,0.0,0.0
79.96373023066556,-2.351321854362918e-15,-7.200000000000003,-8.0,-4.71238898038469,-3.6739403974420594e-16,2.0,0.0,0.0,-0.0,0.0,0.0,-0.0,0.0,0.0,0.0,0.0
80.01373023066556,-2.369691556350128e-15,-7.100000000000003,-8.0,-4.71238898038469,-3.6739403974420594e-16,2.0,0.0,0.0,-0.0,0.0,0.0,-0.0,0.0,0.0,0.0,0.0
80.06373023066556,-2.3880612583373385e-15,-7.0000000000000036,-8.0,-4.71238898038469,-3.6739403974420594e-16,2.0,0.0,0.0,-0.0,0.0,0.0,-0.0,0.0,0.0,0.0,0.0
80.11373023066555,-2.406430960324549e-15,-6.900000000000002,-8.0,-4.71238898038469,-3.6739403974420594e-16,2.0,0.0,0.0,-0.0,0.0,0.0,-0.0,0.0,0.0,0.0,0.0
80.16373023066555,-2.4248006623117586e-15,-6.800000000000004,-8.0,-4.71238898038469,-3.6739403974420594e-16,2.0,0.0,0.0,-0.0,0.0,0.0,-0.0,0.0,0.0,0.0,0.0
80.21373023066556,-2.4431703642989694e-15,-6.700000000000003,-8.0,-4.71238898038469,-3.6739403974420594e-16,2.0,0.0,0.0,-0.0,0.0,0.0,-0.0,0.0,0.0,0.0,0.0
80.26373023066556,-2.4615400662861803e-15,-6.600000000000001,-8.0,-4.71238898038469,-3.6739403974420594e-16,2.0,0.0,0.0,-0.0,0.0,0.0,-0.0,0.0,0.0,0.0,0.0
80.31373023066556,-2.4799097682733903e-15,-6.5000000000000036,-8.0,-4.71238898038469,-3.6739403974420594e-16,2.0,0.0,0.0,-0.0,0.0,0.0,-0.0,0.0,0.0,0.0,0.0
80.36373023066555,-2.4982794702606003e-15,-6.400000000000002,-8.0,-4.71238898038469,-3.6739403974420594e-16,2.0,0.0,0.0,-0.0,0.0,0.0,-0.0,0.0,0.0,0.0,0.0
80.41373023066555,-2.5166491722478104e-15,-6.300000000000004,-8.0,-4.71238898038469,-3.6739403974420594e-16,2.0,0.0,0.0,-0.0,0.0,0.0,-0.0,0.0,0.0,0.0,0.0
80.46373023066556,-2.535018874235021e-15,-6.200000000000003,-8.0,-4.71238898038469,-3.6739403974420594e-16,2.0,0.0,0.0,-0.0,0.0,0.0,-0.0,0.0,0.0,0.0,0.0
80.51373023066556,-2.5533885762222312e-15,-6.100000000000001,-8.0,-4.71238898038469,-3.6739403974420594e-16,2.0,0.0,0.0,-0.0,0.0,0.0,-0.0,0.0,0.0,0.0,0.0
80.56373023066556,-2.5717582782094413e-15,-6.0000000000000036,-8.0,-4.71238898038469,-3.6739403974420594e-16,2.0,0.0,0.0,-0.0,0.0,0.0,-0.0,0.0,0.0,0.0,0.0
80.61373023066555,-2.590127980196652e-15,-5.900000000000002,-8.0,-4.71238898038469,-3.6739403974420594e-16,2.0,0.0,0.0,-0.0,0.0,0.0,-0.0,0.0,0.0,0.0,0.0
80.66373023066555,-2.6084976821838617e-15,-5.800000000000004,-8.0,-4.71238898038469,-3.6739403974420594e-16,2.0,0.0,0.0,-0.0,0.0,0.0,-0.0,0.0,0.0,0.0,0.0
80.71373023066556,-2.6268673841710726e-15,-5.700000000000003,-8.0,-4.71238898038469,-3.6739403974420594e-16,2.0,0.0,0.0,-0.0,0.0,0.0,-0.0,0.0,0.0,0.0,0.0
80.76373023066556,-2.645237086158283e-15,-5.600000000000001,-8.0,-4.71238898038469,-3.6739403974420594e-16,2.0,0.0,0.0,-0.0,0.0,0.0,-0.0,0.0,0.0,0.0,0.0
80.81373023066556,-2.6636067881454926e-15,-5.5000000000000036,-8.0,-4.71238898038469,-3.6739403974420594e-16,2.0,0.0,0.0,-0.0,0.0,0.0,-0.0,0.0,0.0,0.0,0.0
80.86373023066555,-2.6819764901327035e-15,-5.400000000000002,-8.0,-4.71238898038469,-3.6739403974420594e-16,2.0,0.0,0.0,-0.0,0.0,0.0,-0.0,0.0,0.0,0.0,0.0
80.91373023066555,-2.7003461921199135e-15,-5.300000000000004,-8.0,-4.71238898038469,-3.6739403974420594e-16,2.0,0.0,0.0,-0.0,0.0,0.0,-0.0,0.0,0.0,0.0,0.0
80.96373023066556,-2.718715894107124e-15,-5.200000000000003,-8.0,-4.71238898038469,-3.6739403974420594e-16,2.0,0.0,0.0,-0.0,0.0,0.0,-0.0,0.0,0.0,0.0,0.0
81.01373023066556,-2.7370855960943343e-15,-5.100000000000001,-8.0,-4.71238898038469,-3.6739403974420594e-16,2.0,0.0,0.0,-0.0,0.0,0.0,-0.0,0.0,0.0,0.0,0.0
81.06373023066556,-2.7554552980815444e-15,-5.0000000000000036,-8.0,-4.71238898038469,-3.6739403974420594e-16,2.0,0.0,0.0,-0.0,0.0,0.0,-0.0,0.0,0.0,0.0,0.0
81.11373023066555,-2.7738250000687552e-15,-4.900000000000002,-8.0,-4.71238898038469,-3.6739403974420594e-16,2.0,0.0,0.0,-0.0,0.0,0.0,-0.0,0.0,0.0,0.0,0.0
81.16373023066555,-2.792194702055965e-15,-4.800000000000004,-8.0,-4.71238898038469,-3.6739403974420594e-16,2.0,0.0,0.0,-0.0,0.0,0.0,-0.0,0.0,0.0,0.0,0.0
81.21373023066556,-2.8105644040431753e-15,-4.700000000000003,-8.0,-4.71238898038469,-3.6739403974420594e-16,2.0,0.0,0.0,-0.0,0.0,0.0,-0.0,0.0,0.0,0.0,0.0
81.26373023066556,-2.828934106030386e-15,-4.600000000000001,-8.0,-4.71238898038469,-3.6739403974420594e-16,2.0,0.0,0.0,-0.0,0.0,0.0,-0.0,0.0,0.0,0.0,0.0
81.31373023066556,-2.847303808017596e-15,-4.5000000000000036,-8.0,-4.71238898038469,-3.6739403974420594e-16,2.0,0.0,0.0,-0.0,0.0,0.0,-0.0,0.0,0.0,0.0,0.0
81.36373023066555,-2.865673510004806e-15,-4.400000000000002,-8.0,-4.71238898038469,-3.6739403974420594e-16,2.0,0.0,0.0,-0.0,0.0,0.0,-0.0,0.0,0.0,0.0,0.0
81.41373023066555,-2.8840432119920162e-15,-4.300000000000004,-8.0,-4.71238898038469,-3.6739403974420594e-16,2.0,0.0,0.0,-0.0,0.0,0.0,-0.0,0.0,0.0,0.0,0.0
81.46373023066556,-2.902412913979227e-15,-4.200000000000003,-8.0,-4.71238898038469,-3.6739403974420594e-16,2.0,0.0,0.0,-0.0,0.0,0.0,-0.0,0.0,0.0,0.0,0.0
81.51373023066556,-2.9207826159664375e-15,-4.100000000000001,-8.0,-4.71238898038469,-3.6739403974420594e-16,2.0,0.0,0.0,-0.0,0.0,0.0,-0.0,0.0,0.0,0.0,0.0
81.56373023066556,-2.9391523179536475e-15,-4.0000000000000036,-8.0,-4.71238898038469,-3.6739403974420594e-16,2.0,0.0,0.0,-0.0,0.0,0.0,-0.0,0.0,0.0,0.0,0.0
81.61373023066555,-2.957522019940858e-15,-3.900000000000002,-8.0,-4.71238898038469,-3.6739403974420594e-16,2.0,0.0,0.0,-0.0,0.0,0.0,-0.0,0.0,0.0,0.0,0.0
81.66373023066555,-2.9758917219280684e-15,-3.8000000000000007,-8.0,-4.71238898038469,-3.6739403974420594e-16,2.0,0.0,0.0,-0.0,0.0,0.0,-0.0,0.0,0.0,0.0,0.0
81.71373023066556,-2.9942614239152784e-15,-3.700000000000003,-8.0,-4.71238898038469,-3.6739403974420594e-16,2.0,0.0,0.0,-0.0,0.0,0.0,-0.0,0.0,0.0,0.0,0.0
81.76373023066556,-3.012631125902489e-15,-3.6000000000000014,-8.0,-4.71238898038469,-3.6739403974420594e-16,2.0,0.0,0.0,-0.0,0.0,0.0,-0.0,0.0,0.0,0.0,0.0
81.81373023066556,-3.0310008278896985e-15,-3.5000000000000036,-8.0,-4.71238898038469,-3.6739403974420594e-16,2.0,0.0,0.0,-0.0,0.0,0.0,-0.0,0.0,0.0,0.0,0.0
81.86373023066555,-3.0493705298769093e-15,-3.400000000000002,-8.0,-4.71238898038469,-3.6739403974420594e-16,2.0,0.0,0.0,-0.0,0.0,0.0,-0.0,0.0,0.0,0.0,0.0
81.91373023066555,-3.06774023186412e-15,-3.3000000000000007,-8.0,-4.71238898038469,-3.6739403974420594e-16,2.0,0.0,0.0,-0.0,0.0,0.0,-0.0,0.0,0.0,0.0,0.0
81.96373023066556,-3.08610993385133e-15,-3.200000000000003,-8.0,-4.71238898038469,-3.6739403974420594e-16,2.0,0.0,0.0,-0.0,0.0,0.0,-0.0,0.0,0.0,0.0,0.0
82.01373023066556,-3.10447963583854e-15,-3.1000000000000014,-8.0,-4.71238898038469,-3.6739403974420594e-16,2.0,0.0,0.0,-0.0,0.0,0.0,-0.0,0.0,0.0,0.0,0.0
82.06373023066556,-3.1228493378257502e-15,-3.0000000000000036,-8.0,-4.71238898038469,-3.6739403974420594e-16,2.0,0.0,0.0,-0.0,0.0,0.0,-0.0,0.0,0.0,0.0,0.0
82.11373023066555,-3.1412152127917135e-15,-2.900020833333336,-8.0,-4.71238898038469,-3.671644184693658e-16,1.99875,0.0,0.0,9.18485099360528e-18,-0.05000000000000071,-0.0,1.8369701987210297e-16,-1.0,-0.0,0.0,0.0
82.16373023066555,-3.1595581256301933e-15,-2.800166666666666,-8.0,-4.71238898038469,-3.664755546448454e-16,1.9949999999999999,0.0,0.0,1.836970198721056e-17,-0.10000000000000142,-0.0,1.8369701987210297e-16,-1.0,-0.0,0.0,0.0
82.21373023066556,-3.177855114213703e-15,-2.7005625000000038,-8.0,-4.71238898038469,-3.653274482706448e-16,1.98875,0.0,0.0,2.755455298081551e-17,-0.15000000000000036,-0.0,1.8369701987210297e-16,-1.0,-0.0,0.0,0.0
82.26373023066556,-3.196083216414762e-15,-2.6013333333333364,-8.0,-4.71238898038469,-3.637200993467638e-16,1.9799999999999998,0.0,0.0,3.673940397442079e-17,-0.20000000000000107,-0.0,1.8369701987210297e-16,-1.0,-0.0,0.0,0.0
82.31373023066556,-3.2142194701058846e-15,-2.5026041666666714,-8.0,-4.71238898038469,-3.6165350787320273e-16,1.96875,0.0,0.0,4.592425496802574e-17,-0.25,-0.0,1.8369701987210297e-16,-1.0,-0.0,0.0,0.0
82.36373023066555,-3.232240913159588e-15,-2.4045000000000023,-8.0,-4.71238898038469,-3.5912767384996125e-16,1.9549999999999998,0.0,0.0,5.510910596163102e-17,-0.3000000000000007,-0.0,1.8369701987210297e-16,-1.0,-0.0,0.0,0.0
82.41373023066555,-3.2501245834483867e-15,-2.3071458333333332,-8.0,-4.71238898038469,-3.5614259727703954e-16,1.9387499999999995,0.0,0.0,6.42939569552363e-17,-0.3500000000000014,-0.0,1.8369701987210297e-16,-1.0,-0.0,0.0,0.0
82.46373023066556,-3.2678475188447973e-15,-2.2106666666666683,-8.0,-4.71238898038469,-3.526982781544377e-16,1.92,0.0,0.0,7.347880794884125e-17,-0.40000000000000036,-0.0,1.8369701987210297e-16,-1.0,-0.0,0.0,0.0
82.51373023066556,-3.2853867572213358e-15,-2.115187500000001,-8.0,-4.71238898038469,-3.4879471648215544e-16,1.8987499999999995,0.0,0.0,8.266365894244653e-17,-0.45000000000000107,-0.0,1.8369701987210297e-16,-1.0,-0.0,0.0,0.0
82.56373023066556,-3.3027193364505183e-15,-2.0208333333333357,-8.0,-4.71238898038469,-3.4443191226019305e-16,1.875,0.0,0.0,9.184850993605148e-17,-0.5,-0.0,1.8369701987210297e-16,-1.0,-0.0,0.0,0.0
82.61373023066555,-3.3198222944048604e-15,-1.9277291666666692,-8.0,-4.71238898038469,-3.396098654885503e-16,1.8487499999999997,0.0,0.0,1.0103336092965676e-16,-0.5500000000000007,-0.0,1.8369701987210297e-16,-1.0,-0.0,0.0,0.0
82.66373023066555,-3.3366726689568787e-15,-1.836000000000002,-8.0,-4.71238898038469,-3.3432857616722725e-16,1.8199999999999992,0.0,0.0,1.1021821192326204e-16,-0.6000000000000014,-0.0,1.8369701987210297e-16,-1.0,-0.0,0.0,0.0
82.71373023066556,-3.3532474979790885e-15,-1.745770833333335,-8.0,-4.71238898038469,-3.2858804429622414e-16,1.7887499999999998,0.0,0.0,1.19403062916867e-16,-0.6500000000000004,-0.0,1.8369701987210297e-16,-1.0,-0.0,0.0,0.0
82.76373023066556,-3.3695238193440062e-15,-1.6571666666666687,-8.0,-4.71238898038469,-3.223882698755406e-16,1.7549999999999992,0.0,0.0,1.2858791391047227e-16,-0.7000000000000011,-0.0,1.8369701987210297e-16,-1.0,-0.0,0.0,0.0
82.81373023066556,-3.3854786709241476e-15,-1.5703125000000036,-8.0,-4.71238898038469,-3.15729252905177e-16,1.71875,0.0,0.0,1.3777276490407724e-16,-0.75,-0.0,1.8369701987210297e-16,-1.0,-0.0,0.0,0.0
82.86373023066555,-3.4010890905920286e-15,-1.4853333333333367,-8.0,-4.71238898038469,-3.086109933851329e-16,1.6799999999999995,0.0,0.0,1.469576158976825e-16,-0.8000000000000007,-0.0,1.8369701987210297e-16,-1.0,-0.0,0.0,0.0
82.91373023066555,-3.4163321162201663e-15,-1.4023541666666688,-8.0,-4.71238898038469,-3.0103349131540855e-16,1.6387499999999988,0.0,0.0,1.561424668912878e-16,-0.8500000000000014,-0.0,1.8369701987210297e-16,-1.0,-0.0,0.0,0.0
82.96373023066556,-3.431184785681075e-15,-1.321500000000004,-8.0,-4.71238898038469,-2.929967466960042e-16,1.5949999999999998,0.0,0.0,1.6532731788489274e-16,-0.9000000000000004,-0.0,1.8369701987210297e-16,-1.0,-0.0,0.0,0.0
83.01373023066556,-3.445624136847272e-15,-1.2428958333333355,-8.0,-4.71238898038469,-2.845007595269193e-16,1.548749999999999,0.0,0.0,1.7451216887849802e-16,-0.9500000000000011,-0.0,1.8369701987210297e-16,-1.0,-0.0,0.0,0.0
83.06373023066556,-3.4596272075912723e-15,-1.1666666666666714,-8.0,-4.71238898038469,-2.755455298081545e-16,1.5,0.0,0.0,1.8369701987210297e-16,-1.0,-0.0,1.8369701987210297e-16,-1.0,-0.0,0.0,0.0
83.11373023066555,-3.4731748628068396e-15,-1.092916666666671,-8.0,-4.71238898038469,-2.6636067881454916e-16,1.4499999999999993,0.0,0.0,1.8369701987210297e-16,-1.0,-0.0,-0.0,0.0,0.0,0.0,0.0
83.16373023066555,-3.4862632754727274e-15,-1.0216666666666683,-8.0,-4.71238898038469,-2.571758278209439e-16,1.3999999999999986,0.0,0.0,1.8369701987210297e-16,-1.0,-0.0,-0.0,0.0,0.0,0.0,0.0
83.21373023066556,-3.4988924455889343e-15,-0.9529166666666704,-8.0,-4.71238898038469,-2.4799097682733893e-16,1.3499999999999996,0.0,0.0,1.8369701987210297e-16,-1.0,-0.0,-0.0,0.0,0.0,0.0,0.0
83.26373023066556,-3.5110623731554612e-15,-0.8866666666666703,-8.0,-4.71238898038469,-2.3880612583373367e-16,1.299999999999999,0.0,0.0,1.8369701987210297e-16,-1.0,-0.0,-0.0,0.0,0.0,0.0,0.0
83.31373023066556,-3.5227730581723076e-15,-0.8229166666666714,-8.0,-4.71238898038469,-2.296212748401287e-16,1.25,0.0,0.0,1.8369701987210297e-16,-1.0,-0.0,-0.0,0.0,0.0,0.0,0.0
83.36373023066555,-3.534024500639474e-15,-0.7616666666666703,-8.0,-4.71238898038469,-2.2043642384652343e-16,1.1999999999999993,0.0,0.0,1.8369701987210297e-16,-1.0,-0.0,-0.0,0.0,0.0,0.0,0.0
83.41373023066555,-3.5448167005569603e-15,-0.7029166666666704,-8.0,-4.71238898038469,-2.1125157285291815e-16,1.1499999999999986,0.0,0.0,1.8369701987210297e-16,-1.0,-0.0,-0.0,0.0,0.0,0.0,0.0
83.46373023066556,-3.555149657924765e-15,-0.6466666666666718,-8.0,-4.71238898038469,-2.020667218593132e-16,1.0999999999999996,0.0,0.0,1.8369701987210297e-16,-1.0,-0.0,-0.0,0.0,0.0,0.0,0.0
83.51373023066556,-3.565023372742891e-15,-0.592916666666671,-8.0,-4.71238898038469,-1.9288187086570791e-16,1.049999999999999,0.0,0.0,1.8369701987210297e-16,-1.0,-0.0,-0.0,0.0,0.0,0.0,0.0
83.56373023066556,-3.574437845011337e-15,-0.5416666666666714,-8.0,-4.71238898038469,-1.8369701987210297e-16,1.0,0.0,0.0,1.8369701987210297e-16,-1.0,-0.0,-0.0,0.0,0.0,0.0,0.0
83.61373023066555,-3.583393074730102e-15,-0.49291666666666956,-8.0,-4.71238898038469,-1.7451216887849768e-16,0.9499999999999993,0.0,0.0,1.8369701987210297e-16,-1.0,-0.0,-0.0,0.0,0.0,0.0,0.0
83.66373023066555,-3.591889061899187e-15,-0.446666666666669,-8.0,-4.71238898038469,-1.6532731788489242e-16,0.8999999999999986,0.0,0.0,1.8369701987210297e-16,-1.0,-0.0,-0.0,0.0,0.0,0.0,0.0
83.71373023066556,-3.599925806518591e-15,-0.4029166666666697,-8.0,-4.71238898038469,-1.5614246689128745e-16,0.8499999999999996,0.0,0.0,1.8369701987210297e-16,-1.0,-0.0,-0.0,0.0,0.0,0.0,0.0
83.76373023066556,-3.607503308588316e-15,-0.36166666666666814,-8.0,-4.71238898038469,-1.4695761589768218e-16,0.7999999999999989,0.0,0.0,1.8369701987210297e-16,-1.0,-0.0,-0.0,0.0,0.0,0.0,0.0
83.81373023066556,-3.614621568108359e-15,-0.3229166666666714,-8.0,-4.71238898038469,-1.3777276490407724e-16,0.75,0.0,0.0,1.8369701987210297e-16,-1.0,-0.0,-0.0,0.0,0.0,0.0,0.0
83.86373023066555,-3.621280585078723e-15,-0.28666666666666885,-8.0,-4.71238898038469,-1.2858791391047195e-16,0.6999999999999993,0.0,0.0,1.8369701987210297e-16,-1.0,-0.0,-0.0,0.0,0.0,0.0,0.0
83.91373023066555,-3.6274803594994065e-15,-0.25291666666666757,-8.0,-4.71238898038469,-1.1940306291686666e-16,0.6499999999999986,0.0,0.0,1.8369701987210297e-16,-1.0,-0.0,-0.0,0.0,0.0,0.0,0.0
83.96373023066556,-3.633220891370409e-15,-0.22166666666667112,-8.0,-4.71238898038469,-1.1021821192326172e-16,0.5999999999999996,0.0,0.0,1.8369701987210297e-16,-1.0,-0.0,-0.0,0.0,0.0,0.0,0.0
84.01373023066556,-3.638502180691733e-15,-0.19291666666666885,-8.0,-4.71238898038469,-1.0103336092965644e-16,0.5499999999999989,0.0,0.0,1.8369701987210297e-16,-1.0,-0.0,-0.0,0.0,0.0,0.0,0.0
84.06373023066556,-3.643324227463375e-15,-0.1666666666666714,-8.0,-4.71238898038469,-9.184850993605148e-17,0.5,0.0,0.0,1.8369701987210297e-16,-1.0,-0.0,-0.0,0.0,0.0,0.0,0.0
84.11373023066555,-3.647690858706585e-15,-0.14289583333333766,-8.0,-4.71238898038469,-8.289328021728634e-17,0.4512499999999993,0.0,0.0,1.7451216887849768e-16,-0.9499999999999993,-0.0,-1.8369701987210297e-16,1.0,0.0,0.0,0.0
84.16373023066555,-3.651621209527598e-15,-0.1215000000000046,-8.0,-4.71238898038469,-7.439729304820146e-17,0.4049999999999987,0.0,0.0,1.6532731788489242e-16,-0.8999999999999986,-0.0,-1.8369701987210297e-16,1.0,0.0,0.0,0.0
84.21373023066556,-3.6551382420538995e-15,-0.10235416666667163,-8.0,-4.71238898038469,-6.636054842879713e-17,0.3612499999999997,0.0,0.0,1.5614246689128745e-16,-0.8499999999999996,-0.0,-1.8369701987210297e-16,1.0,0.0,0.0,0.0
84.26373023066556,-3.658264918412973e-15,-0.08533333333333815,-8.0,-4.71238898038469,-5.87830463590728e-17,0.3199999999999992,0.0,0.0,1.4695761589768218e-16,-0.7999999999999989,-0.0,-1.8369701987210297e-16,1.0,0.0,0.0,0.0
84.31373023066556,-3.661024200732302e-15,-0.07031250000000355,-8.0,-4.71238898038469,-5.166478683902896e-17,0.28125,0.0,0.0,1.3777276490407724e-16,-0.75,-0.0,-1.8369701987210297e-16,1.0,0.0,0.0,0.0
84.36373023066555,-3.66343905113937e-15,-0.05716666666667081,-8.0,-4.71238898038469,-4.5005769868665137e-17,0.2449999999999995,0.0,0.0,1.2858791391047195e-16,-0.6999999999999993,-0.0,-1.8369701987210297e-16,1.0,0.0,0.0,0.0
84.41373023066555,-3.6655324317616634e-15,-0.04577083333333576,-8.0,-4.71238898038469,-3.880599544798158e-17,0.21124999999999908,0.0,0.0,1.1940306291686666e-16,-0.6499999999999986,-0.0,-1.8369701987210297e-16,1.0,0.0,0.0,0.0
84.46373023066556,-3.667327304726664e-15,-0.03600000000000492,-8.0,-4.71238898038469,-3.3065463576978494e-17,0.17999999999999977,0.0,0.0,1.1021821192326172e-16,-0.5999999999999996,-0.0,-1.8369701987210297e-16,1.0,0.0,0.0,0.0
84.51373023066556,-3.6688466321618554e-15,-0.02772916666667058,-8.0,-4.71238898038469,-2.7784174255655464e-17,0.1512499999999994,0.0,0.0,1.0103336092965644e-16,-0.5499999999999989,-0.0,-1.8369701987210297e-16,1.0,0.0,0.0,0.0
84.56373023066556,-3.670113376194724e-15,-0.020833333333335702,-8.0,-4.71238898038469,-2.296212748401287e-17,0.125,0.0,0.0,9.184850993605148e-17,-0.5,-0.0,-1.8369701987210297e-16,1.0,0.0,0.0,0.0
84.61373023066555,-3.671150498952751e-15,-0.01518750000000324,-8.0,-4.71238898038469,-1.8599323262050366e-17,0.10124999999999967,0.0,0.0,8.266365894244621e-17,-0.4499999999999993,-0.0,-1.8369701987210297e-16,1.0,0.0,0.0,0.0
84.66373023066555,-3.671980962563424e-15,-0.010666666666669045,-8.0,-4.71238898038469,-1.4695761589768132e-17,0.07999999999999943,0.0,0.0,7.347880794884093e-17,-0.3999999999999986,-0.0,-1.8369701987210297e-16,1.0,0.0,0.0,0.0
84.71373023066556,-3.672627729154223e-15,-0.007145833333336071,-8.0,-4.71238898038469,-1.1251442467166286e-17,0.06124999999999989,0.0,0.0,6.429395695523597e-17,-0.34999999999999964,-0.0,-1.8369701987210297e-16,1.0,0.0,0.0,0.0
84.76373023066556,-3.673113760852634e-15,-0.004500000000003723,-8.0,-4.71238898038469,-8.266365894244574e-18,0.04499999999999968,0.0,0.0,5.510910596163069e-17,-0.29999999999999893,-0.0,-1.8369701987210297e-16,1.0,0.0,0.0,0.0
84.81373023066556,-3.673462019786142e-15,-0.0026041666666714036,-8.0,-4.71238898038469,-5.740531871003218e-18,0.03125,0.0,0.0,4.592425496802574e-17,-0.25,-0.0,-1.8369701987210297e-16,1.0,0.0,0.0,0.0
84.86373023066555,-3.673695468082229e-15,-0.0013333333333385156,-8.0,-4.71238898038469,-3.673940397442032e-18,0.01999999999999985,0.0,0.0,3.6739403974420466e-17,-0.1999999999999993,-0.0,-1.8369701987210297e-16,1.0,0.0,0.0,0.0
84.91373023066555,-3.6738370678683806e-15,-0.0005625000000044622,-8.0,-4.71238898038469,-2.0665914735611143e-18,0.01124999999999976,0.0,0.0,2.7554552980815183e-17,-0.14999999999999858,-0.0,-1.8369701987210297e-16,1.0,0.0,0.0,0.0
84.96373023066556,-3.673909781272081e-15,-0.0001666666666686467,-8.0,-4.71238898038469,-9.184850993605056e-19,0.004999999999999949,0.0,0.0,1.8369701987210233e-17,-0.09999999999999964,-0.0,-1.8369701987210297e-16,1.0,0.0,0.0,0.0
85.01373023066556,-3.673936570420812e-15,-2.0833333337577642e-05,-8.0,-4.71238898038469,-2.2962127484012384e-19,0.0012499999999999734,0.0,0.0,9.184850993604953e-18,-0.049999999999998934,-0.0,-1.8369701987210297e-16,1.0,0.0,0.0,0.0
85.06373023066556,-3.673940397442059e-15,-3.552713678800501e-15,-8.0,-4.71238898038469,-0.0,0.0,0.0,0.0,-0.0,0.0,0.0,-0.0,0.0,0.0,0.0,0.0
85.11373023066555,-3.673940397442059e-15,-3.552713678800501e-15,-8,-4.71238898038469,0.0,0.0,0.0,0.0,0.0,0.0,0.0,0.0,0.0,0.0,0.0,0.0
85.16373023066555,-3.673940397442059e-15,-3.552713678800501e-15,-8,-4.71238898038469,0.0,0.0,0.0,0.0,0.0,0.0,0.0,0.0,0.0,0.0,0.0,0.0
85.21373023066556,-3.673940397442059e-15,-3.552713678800501e-15,-8,-4.71238898038469,0.0,0.0,0.0,0.0,0.0,0.0,0.0,0.0,0.0,0.0,0.0,0.0
85.26373023066556,-3.673940397442059e-15,-3.552713678800501e-15,-8,-4.71238898038469,0.0,0.0,0.0,0.0,0.0,0.0,0.0,0.0,0.0,0.0,0.0,0.0
85.31373023066556,-3.673940397442059e-15,-3.552713678800501e-15,-8,-4.71238898038469,0.0,0.0,0.0,0.0,0.0,0.0,0.0,0.0,0.0,0.0,0.0,0.0
85.36373023066555,-3.673940397442059e-15,-3.552713678800501e-15,-8,-4.71238898038469,0.0,0.0,0.0,0.0,0.0,0.0,0.0,0.0,0.0,0.0,0.0,0.0
85.41373023066555,-3.673940397442059e-15,-3.552713678800501e-15,-8,-4.71238898038469,0.0,0.0,0.0,0.0,0.0,0.0,0.0,0.0,0.0,0.0,0.0,0.0
85.46373023066556,-3.673940397442059e-15,-3.552713678800501e-15,-8,-4.71238898038469,0.0,0.0,0.0,0.0,0.0,0.0,0.0,0.0,0.0,0.0,0.0,0.0
85.51373023066556,-3.673940397442059e-15,-3.552713678800501e-15,-8,-4.71238898038469,0.0,0.0,0.0,0.0,0.0,0.0,0.0,0.0,0.0,0.0,0.0,0.0
85.56373023066556,-3.673940397442059e-15,-3.552713678800501e-15,-8,-4.71238898038469,0.0,0.0,0.0,0.0,0.0,0.0,0.0,0.0,0.0,0.0,0.0,0.0
85.61373023066555,-3.673940397442059e-15,-3.552713678800501e-15,-8,-4.71238898038469,0.0,0.0,0.0,0.0,0.0,0.0,0.0,0.0,0.0,0.0,0.0,0.0
85.66373023066555,-3.673940397442059e-15,-3.552713678800501e-15,-8,-4.71238898038469,0.0,0.0,0.0,0.0,0.0,0.0,0.0,0.0,0.0,0.0,0.0,0.0
85.71373023066556,-3.673940397442059e-15,-3.552713678800501e-15,-8,-4.71238898038469,0.0,0.0,0.0,0.0,0.0,0.0,0.0,0.0,0.0,0.0,0.0,0.0
85.76373023066556,-3.673940397442059e-15,-3.552713678800501e-15,-8,-4.71238898038469,0.0,0.0,0.0,0.0,0.0,0.0,0.0,0.0,0.0,0.0,0.0,0.0
85.81373023066556,-3.673940397442059e-15,-3.552713678800501e-15,-8,-4.71238898038469,0.0,0.0,0.0,0.0,0.0,0.0,0.0,0.0,0.0,0.0,0.0,0.0
85.86373023066555,-3.673940397442059e-15,-3.552713678800501e-15,-8,-4.71238898038469,0.0,0.0,0.0,0.0,0.0,0.0,0.0,0.0,0.0,0.0,0.0,0.0
85.91373023066555,-3.673940397442059e-15,-3.552713678800501e-15,-8,-4.71238898038469,0.0,0.0,0.0,0.0,0.0,0.0,0.0,0.0,0.0,0.0,0.0,0.0
85.96373023066556,-3.673940397442059e-15,-3.552713678800501e-15,-8,-4.71238898038469,0.0,0.0,0.0,0.0,0.0,0.0,0.0,0.0,0.0,0.0,0.0,0.0
86.01373023066556,-3.673940397442059e-15,-3.552713678800501e-15,-8,-4.71238898038469,0.0,0.0,0.0,0.0,0.0,0.0,0.0,0.0,0.0,0.0,0.0,0.0
86.06373023066556,-3.673940397442059e-15,-3.552713678800501e-15,-8,-4.71238898038469,0.0,0.0,0.0,0.0,0.0,0.0,0.0,0.0,0.0,0.0,0.0,0.0
86.11373023066555,-3.673940397442059e-15,-3.552713678800501e-15,-8,-4.71238898038469,0.0,0.0,0.0,0.0,0.0,0.0,0.0,0.0,0.0,0.0,0.0,0.0
86.16373023066555,-3.673940397442059e-15,-3.552713678800501e-15,-8,-4.71238898038469,0.0,0.0,0.0,0.0,0.0,0.0,0.0,0.0,0.0,0.0,0.0,0.0
86.21373023066556,-3.673940397442059e-15,-3.552713678800501e-15,-8,-4.71238898038469,0.0,0.0,0.0,0.0,0.0,0.0,0.0,0.0,0.0,0.0,0.0,0.0
86.26373023066556,-3.673940397442059e-15,-3.552713678800501e-15,-8,-4.71238898038469,0.0,0.0,0.0,0.0,0.0,0.0,0.0,0.0,0.0,0.0,0.0,0.0
86.31373023066556,-3.673940397442059e-15,-3.552713678800501e-15,-8,-4.71238898038469,0.0,0.0,0.0,0.0,0.0,0.0,0.0,0.0,0.0,0.0,0.0,0.0
86.36373023066555,-3.673940397442059e-15,-3.552713678800501e-15,-8,-4.71238898038469,0.0,0.0,0.0,0.0,0.0,0.0,0.0,0.0,0.0,0.0,0.0,0.0
86.41373023066555,-3.673940397442059e-15,-3.552713678800501e-15,-8,-4.71238898038469,0.0,0.0,0.0,0.0,0.0,0.0,0.0,0.0,0.0,0.0,0.0,0.0
86.46373023066556,-3.673940397442059e-15,-3.552713678800501e-15,-8,-4.71238898038469,0.0,0.0,0.0,0.0,0.0,0.0,0.0,0.0,0.0,0.0,0.0,0.0
86.51373023066556,-3.673940397442059e-15,-3.552713678800501e-15,-8,-4.71238898038469,0.0,0.0,0.0,0.0,0.0,0.0,0.0,0.0,0.0,0.0,0.0,0.0
86.56373023066556,-3.673940397442059e-15,-3.552713678800501e-15,-8,-4.71238898038469,0.0,0.0,0.0,0.0,0.0,0.0,0.0,0.0,0.0,0.0,0.0,0.0
86.61373023066555,-3.673940397442059e-15,-3.552713678800501e-15,-8,-4.71238898038469,0.0,0.0,0.0,0.0,0.0,0.0,0.0,0.0,0.0,0.0,0.0,0.0
86.66373023066555,-3.673940397442059e-15,-3.552713678800501e-15,-8,-4.71238898038469,0.0,0.0,0.0,0.0,0.0,0.0,0.0,0.0,0.0,0.0,0.0,0.0
86.71373023066556,-3.673940397442059e-15,-3.552713678800501e-15,-8,-4.71238898038469,0.0,0.0,0.0,0.0,0.0,0.0,0.0,0.0,0.0,0.0,0.0,0.0
86.76373023066556,-3.673940397442059e-15,-3.552713678800501e-15,-8,-4.71238898038469,0.0,0.0,0.0,0.0,0.0,0.0,0.0,0.0,0.0,0.0,0.0,0.0
86.81373023066556,-3.673940397442059e-15,-3.552713678800501e-15,-8,-4.71238898038469,0.0,0.0,0.0,0.0,0.0,0.0,0.0,0.0,0.0,0.0,0.0,0.0
86.86373023066555,-3.673940397442059e-15,-3.552713678800501e-15,-8,-4.71238898038469,0.0,0.0,0.0,0.0,0.0,0.0,0.0,0.0,0.0,0.0,0.0,0.0
86.91373023066555,-3.673940397442059e-15,-3.552713678800501e-15,-8,-4.71238898038469,0.0,0.0,0.0,0.0,0.0,0.0,0.0,0.0,0.0,0.0,0.0,0.0
86.96373023066556,-3.673940397442059e-15,-3.552713678800501e-15,-8,-4.71238898038469,0.0,0.0,0.0,0.0,0.0,0.0,0.0,0.0,0.0,0.0,0.0,0.0
87.01373023066556,-3.673940397442059e-15,-3.552713678800501e-15,-8,-4.71238898038469,0.0,0.0,0.0,0.0,0.0,0.0,0.0,0.0,0.0,0.0,0.0,0.0
87.06373023066556,-3.673940397442059e-15,-3.552713678800501e-15,-8,-4.71238898038469,0.0,0.0,0.0,0.0,0.0,0.0,0.0,0.0,0.0,0.0,0.0,0.0
87.11373023066555,-3.673940397442059e-15,-3.552713678800501e-15,-8,-4.71238898038469,0.0,0.0,0.0,0.0,0.0,0.0,0.0,0.0,0.0,0.0,0.0,0.0
87.16373023066555,-3.673940397442059e-15,-3.552713678800501e-15,-8,-4.71238898038469,0.0,0.0,0.0,0.0,0.0,0.0,0.0,0.0,0.0,0.0,0.0,0.0
87.21373023066556,-3.673940397442059e-15,-3.552713678800501e-15,-8,-4.71238898038469,0.0,0.0,0.0,0.0,0.0,0.0,0.0,0.0,0.0,0.0,0.0,0.0
87.26373023066556,-3.673940397442059e-15,-3.552713678800501e-15,-8,-4.71238898038469,0.0,0.0,0.0,0.0,0.0,0.0,0.0,0.0,0.0,0.0,0.0,0.0
87.31373023066556,-3.673940397442059e-15,-3.552713678800501e-15,-8,-4.71238898038469,0.0,0.0,0.0,0.0,0.0,0.0,0.0,0.0,0.0,0.0,0.0,0.0
87.36373023066555,-3.673940397442059e-15,-3.552713678800501e-15,-8,-4.71238898038469,0.0,0.0,0.0,0.0,0.0,0.0,0.0,0.0,0.0,0.0,0.0,0.0
87.41373023066555,-3.673940397442059e-15,-3.552713678800501e-15,-8,-4.71238898038469,0.0,0.0,0.0,0.0,0.0,0.0,0.0,0.0,0.0,0.0,0.0,0.0
87.46373023066556,-3.673940397442059e-15,-3.552713678800501e-15,-8,-4.71238898038469,0.0,0.0,0.0,0.0,0.0,0.0,0.0,0.0,0.0,0.0,0.0,0.0
87.51373023066556,-3.673940397442059e-15,-3.552713678800501e-15,-8,-4.71238898038469,0.0,0.0,0.0,0.0,0.0,0.0,0.0,0.0,0.0,0.0,0.0,0.0
87.56373023066556,-3.673940397442059e-15,-3.552713678800501e-15,-8,-4.71238898038469,0.0,0.0,0.0,0.0,0.0,0.0,0.0,0.0,0.0,0.0,0.0,0.0
87.61373023066555,-3.673940397442059e-15,-3.552713678800501e-15,-8,-4.71238898038469,0.0,0.0,0.0,0.0,0.0,0.0,0.0,0.0,0.0,0.0,0.0,0.0
87.66373023066555,-3.673940397442059e-15,-3.552713678800501e-15,-8,-4.71238898038469,0.0,0.0,0.0,0.0,0.0,0.0,0.0,0.0,0.0,0.0,0.0,0.0
87.71373023066556,-3.673940397442059e-15,-3.552713678800501e-15,-8,-4.71238898038469,0.0,0.0,0.0,0.0,0.0,0.0,0.0,0.0,0.0,0.0,0.0,0.0
87.76373023066556,-3.673940397442059e-15,-3.552713678800501e-15,-8,-4.71238898038469,0.0,0.0,0.0,0.0,0.0,0.0,0.0,0.0,0.0,0.0,0.0,0.0
87.81373023066556,-3.673940397442059e-15,-3.552713678800501e-15,-8,-4.71238898038469,0.0,0.0,0.0,0.0,0.0,0.0,0.0,0.0,0.0,0.0,0.0,0.0
87.86373023066555,-3.673940397442059e-15,-3.552713678800501e-15,-8,-4.71238898038469,0.0,0.0,0.0,0.0,0.0,0.0,0.0,0.0,0.0,0.0,0.0,0.0
87.91373023066555,-3.673940397442059e-15,-3.552713678800501e-15,-8,-4.71238898038469,0.0,0.0,0.0,0.0,0.0,0.0,0.0,0.0,0.0,0.0,0.0,0.0
87.96373023066556,-3.673940397442059e-15,-3.552713678800501e-15,-8,-4.71238898038469,0.0,0.0,0.0,0.0,0.0,0.0,0.0,0.0,0.0,0.0,0.0,0.0
88.01373023066556,-3.673940397442059e-15,-3.552713678800501e-15,-8,-4.71238898038469,0.0,0.0,0.0,0.0,0.0,0.0,0.0,0.0,0.0,0.0,0.0,0.0
88.06373023066556,-3.673940397442059e-15,-3.552713678800501e-15,-8,-4.71238898038469,0.0,0.0,0.0,0.0,0.0,0.0,0.0,0.0,0.0,0.0,0.0,0.0
88.11373023066555,-3.673940397442059e-15,-3.552713678800501e-15,-8,-4.71238898038469,0.0,0.0,0.0,0.0,0.0,0.0,0.0,0.0,0.0,0.0,0.0,0.0
88.16373023066555,-3.673940397442059e-15,-3.552713678800501e-15,-8,-4.71238898038469,0.0,0.0,0.0,0.0,0.0,0.0,0.0,0.0,0.0,0.0,0.0,0.0
88.21373023066556,-3.673940397442059e-15,-3.552713678800501e-15,-8,-4.71238898038469,0.0,0.0,0.0,0.0,0.0,0.0,0.0,0.0,0.0,0.0,0.0,0.0
88.26373023066556,-3.673940397442059e-15,-3.552713678800501e-15,-8,-4.71238898038469,0.0,0.0,0.0,0.0,0.0,0.0,0.0,0.0,0.0,0.0,0.0,0.0
88.31373023066556,-3.673940397442059e-15,-3.552713678800501e-15,-8,-4.71238898038469,0.0,0.0,0.0,0.0,0.0,0.0,0.0,0.0,0.0,0.0,0.0,0.0
88.36373023066555,-3.673940397442059e-15,-3.552713678800501e-15,-8,-4.71238898038469,0.0,0.0,0.0,0.0,0.0,0.0,0.0,0.0,0.0,0.0,0.0,0.0
88.41373023066555,-3.673940397442059e-15,-3.552713678800501e-15,-8,-4.71238898038469,0.0,0.0,0.0,0.0,0.0,0.0,0.0,0.0,0.0,0.0,0.0,0.0
88.46373023066556,-3.673940397442059e-15,-3.552713678800501e-15,-8,-4.71238898038469,0.0,0.0,0.0,0.0,0.0,0.0,0.0,0.0,0.0,0.0,0.0,0.0
88.51373023066556,-3.673940397442059e-15,-3.552713678800501e-15,-8,-4.71238898038469,0.0,0.0,0.0,0.0,0.0,0.0,0.0,0.0,0.0,0.0,0.0,0.0
88.56373023066556,-3.673940397442059e-15,-3.552713678800501e-15,-8,-4.71238898038469,0.0,0.0,0.0,0.0,0.0,0.0,0.0,0.0,0.0,0.0,0.0,0.0
88.61373023066555,-3.673940397442059e-15,-3.552713678800501e-15,-8,-4.71238898038469,0.0,0.0,0.0,0.0,0.0,0.0,0.0,0.0,0.0,0.0,0.0,0.0
88.66373023066555,-3.673940397442059e-15,-3.552713678800501e-15,-8,-4.71238898038469,0.0,0.0,0.0,0.0,0.0,0.0,0.0,0.0,0.0,0.0,0.0,0.0
88.71373023066556,-3.673940397442059e-15,-3.552713678800501e-15,-8,-4.71238898038469,0.0,0.0,0.0,0.0,0.0,0.0,0.0,0.0,0.0,0.0,0.0,0.0
88.76373023066556,-3.673940397442059e-15,-3.552713678800501e-15,-8,-4.71238898038469,0.0,0.0,0.0,0.0,0.0,0.0,0.0,0.0,0.0,0.0,0.0,0.0
88.81373023066556,-3.673940397442059e-15,-3.552713678800501e-15,-8,-4.71238898038469,0.0,0.0,0.0,0.0,0.0,0.0,0.0,0.0,0.0,0.0,0.0,0.0
88.86373023066555,-3.673940397442059e-15,-3.552713678800501e-15,-8,-4.71238898038469,0.0,0.0,0.0,0.0,0.0,0.0,0.0,0.0,0.0,0.0,0.0,0.0
88.91373023066555,-3.673940397442059e-15,-3.552713678800501e-15,-8,-4.71238898038469,0.0,0.0,0.0,0.0,0.0,0.0,0.0,0.0,0.0,0.0,0.0,0.0
88.96373023066556,-3.673940397442059e-15,-3.552713678800501e-15,-8,-4.71238898038469,0.0,0.0,0.0,0.0,0.0,0.0,0.0,0.0,0.0,0.0,0.0,0.0
89.01373023066556,-3.673940397442059e-15,-3.552713678800501e-15,-8,-4.71238898038469,0.0,0.0,0.0,0.0,0.0,0.0,0.0,0.0,0.0,0.0,0.0,0.0
89.06373023066556,-3.673940397442059e-15,-3.552713678800501e-15,-8,-4.71238898038469,0.0,0.0,0.0,0.0,0.0,0.0,0.0,0.0,0.0,0.0,0.0,0.0
89.11373023066555,-3.673940397442059e-15,-3.552713678800501e-15,-8,-4.71238898038469,0.0,0.0,0.0,0.0,0.0,0.0,0.0,0.0,0.0,0.0,0.0,0.0
89.16373023066555,-3.673940397442059e-15,-3.552713678800501e-15,-8,-4.71238898038469,0.0,0.0,0.0,0.0,0.0,0.0,0.0,0.0,0.0,0.0,0.0,0.0
89.21373023066556,-3.673940397442059e-15,-3.552713678800501e-15,-8,-4.71238898038469,0.0,0.0,0.0,0.0,0.0,0.0,0.0,0.0,0.0,0.0,0.0,0.0
89.26373023066556,-3.673940397442059e-15,-3.552713678800501e-15,-8,-4.71238898038469,0.0,0.0,0.0,0.0,0.0,0.0,0.0,0.0,0.0,0.0,0.0,0.0
89.31373023066556,-3.673940397442059e-15,-3.552713678800501e-15,-8,-4.71238898038469,0.0,0.0,0.0,0.0,0.0,0.0,0.0,0.0,0.0,0.0,0.0,0.0
89.36373023066555,-3.673940397442059e-15,-3.552713678800501e-15,-8,-4.71238898038469,0.0,0.0,0.0,0.0,0.0,0.0,0.0,0.0,0.0,0.0,0.0,0.0
89.41373023066555,-3.673940397442059e-15,-3.552713678800501e-15,-8,-4.71238898038469,0.0,0.0,0.0,0.0,0.0,0.0,0.0,0.0,0.0,0.0,0.0,0.0
89.46373023066556,-3.673940397442059e-15,-3.552713678800501e-15,-8,-4.71238898038469,0.0,0.0,0.0,0.0,0.0,0.0,0.0,0.0,0.0,0.0,0.0,0.0
89.51373023066556,-3.673940397442059e-15,-3.552713678800501e-15,-8,-4.71238898038469,0.0,0.0,0.0,0.0,0.0,0.0,0.0,0.0,0.0,0.0,0.0,0.0
89.56373023066556,-3.673940397442059e-15,-3.552713678800501e-15,-8,-4.71238898038469,0.0,0.0,0.0,0.0,0.0,0.0,0.0,0.0,0.0,0.0,0.0,0.0
89.61373023066555,-3.673940397442059e-15,-3.552713678800501e-15,-8,-4.71238898038469,0.0,0.0,0.0,0.0,0.0,0.0,0.0,0.0,0.0,0.0,0.0,0.0
89.66373023066555,-3.673940397442059e-15,-3.552713678800501e-15,-8,-4.71238898038469,0.0,0.0,0.0,0.0,0.0,0.0,0.0,0.0,0.0,0.0,0.0,0.0
89.71373023066556,-3.673940397442059e-15,-3.552713678800501e-15,-8,-4.71238898038469,0.0,0.0,0.0,0.0,0.0,0.0,0.0,0.0,0.0,0.0,0.0,0.0
89.76373023066556,-3.673940397442059e-15,-3.552713678800501e-15,-8,-4.71238898038469,0.0,0.0,0.0,0.0,0.0,0.0,0.0,0.0,0.0,0.0,0.0,0.0
89.81373023066556,-3.673940397442059e-15,-3.552713678800501e-15,-8,-4.71238898038469,0.0,0.0,0.0,0.0,0.0,0.0,0.0,0.0,0.0,0.0,0.0,0.0
89.86373023066555,-3.673940397442059e-15,-3.552713678800501e-15,-8,-4.71238898038469,0.0,0.0,0.0,0.0,0.0,0.0,0.0,0.0,0.0,0.0,0.0,0.0
89.91373023066555,-3.673940397442059e-15,-3.552713678800501e-15,-8,-4.71238898038469,0.0,0.0,0.0,0.0,0.0,0.0,0.0,0.0,0.0,0.0,0.0,0.0
89.96373023066556,-3.673940397442059e-15,-3.552713678800501e-15,-8,-4.71238898038469,0.0,0.0,0.0,0.0,0.0,0.0,0.0,0.0,0.0,0.0,0.0,0.0
90.01373023066556,-3.673940397442059e-15,-3.552713678800501e-15,-8,-4.71238898038469,0.0,0.0,0.0,0.0,0.0,0.0,0.0,0.0,0.0,0.0,0.0,0.0
90.06373023066556,-3.673940397442059e-15,-3.552713678800501e-15,-8,-4.71238898038469,0.0,0.0,0.0,0.0,0.0,0.0,0.0,0.0,0.0,0.0,0.0,0.0
